filename,source,source_url,license,license_url,author,short_description,concepts,theme,discovery_query,original_title,original_url,source_page_id,source_sha1,original_width,original_height,processed_width,processed_height,file_sha256,retrieved_date,modifications,attribution_required,usage_terms,restrictions
0001.jpg,Wikimedia Commons,https://commons.wikimedia.org/wiki/File:Golden_Retriever_at_the_beach.jpg,CC BY-SA 4.0,https://creativecommons.org/licenses/by-sa/4.0,Photwik Photographer for Kiddle.co,"Roxy the Golden Retriever having fun at a beach in South Australia Would you like to use this picture? Go ahead, just add this info: Image via Kiddle Encyclopedia","animals in context, golden, retriever, beach, dog, animal, outdoors, water, coast, vacation",animals in context,golden retriever beach,File:Golden Retriever at the beach.jpg,https://upload.wikimedia.org/wikipedia/commons/9/93/Golden_Retriever_at_the_beach.jpg?utm_source=commons.wikimedia.org&utm_campaign=imageinfo&utm_content=original,80596995,7708d3fdfc7ee6ffd7b99b1a2a5891aba59718ab,960,960,960,960,b33c349bad7af5640e6e39d01ae08e4680cc9f0b4d9d0f3c1109f4215f53dbaa,2026-10-02,EXIF orientation applied; converted to RGB JPEG; long edge capped at 1280px; quality 88.,true,Creative Commons Attribution-Share Alike 4.0,
0002.jpg,Wikimedia Commons,https://commons.wikimedia.org/wiki/File:Cute_dog_playing_on_snow.jpg,CC0,http://creativecommons.org/publicdomain/zero/1.0/deed.en,Savexig63,Dog in snow,"animals in context, dog, playing, snow, animal, action, playful, outdoors, cold, winter, weather, white",animals in context,dog playing snow,File:Cute dog playing on snow.jpg,https://upload.wikimedia.org/wikipedia/commons/7/72/Cute_dog_playing_on_snow.jpg?utm_source=commons.wikimedia.org&utm_campaign=imageinfo&utm_content=original,157642796,874dd0933f483fee6cf620ac63368eb12fc98edf,6204,4592,1280,947,b686bcd47ad6d325de6946bfe1073b52bb8fe8fb794cca0ee32901c91a55df1f,2026-10-02,EXIF orientation applied; converted to RGB JPEG; long edge capped at 1280px; quality 88.,false,"Creative Commons Zero, Public Domain Dedication",
0003.jpg,Wikimedia Commons,https://commons.wikimedia.org/wiki/File:Beagle_sleeping_on_the_sofa.jpg,CC BY-SA 4.0,https://creativecommons.org/licenses/by-sa/4.0,Slyronit,Coco the beagle sleeping on a sofa,"animals in context, dog, sleeping, sofa, animal",animals in context,dog sleeping sofa,File:Beagle sleeping on the sofa.jpg,https://upload.wikimedia.org/wikipedia/commons/2/2a/Beagle_sleeping_on_the_sofa.jpg?utm_source=commons.wikimedia.org&utm_campaign=imageinfo&utm_content=original,148498720,1eaae257d701982e0b3ef73727f0cda5d9f89a00,4032,3024,1280,960,52d849532f7fb7b3b4691d95328f40780b1ceb297a410f619a33e1f7d7d1654c,2026-10-02,EXIF orientation applied; converted to RGB JPEG; long edge capped at 1280px; quality 88.,true,Creative Commons Attribution-Share Alike 4.0,
0004.jpg,Wikimedia Commons,https://commons.wikimedia.org/wiki/File:Woman_spends_time_with_dog_in_cozy_cabin.jpg,CC BY 2.0,https://creativecommons.org/licenses/by/2.0,Shixart1985,A woman sits on the floor of a cabin next to a dog. She smiles as she interacts with the dog while sunlight enters through the window.,"animals in context, dog, window, sunlight, animal, indoor, light, black, woman",animals in context,dog window sunlight,File:Woman spends time with dog in cozy cabin.jpg,https://upload.wikimedia.org/wikipedia/commons/c/c5/Woman_spends_time_with_dog_in_cozy_cabin.jpg?utm_source=commons.wikimedia.org&utm_campaign=imageinfo&utm_content=original,192534293,1b9954d3dfddd7019617dedaf6f17c0da4e912a2,4032,6048,853,1280,555fdcebcbc306b087c40b850835b93e13d8ec715d1b9812404c3315c22ff6c2,2026-10-02,EXIF orientation applied; converted to RGB JPEG; long edge capped at 1280px; quality 88.,true,Creative Commons Attribution 2.0,
0005.jpg,Wikimedia Commons,"https://commons.wikimedia.org/wiki/File:Rockingham_Enclosed_Dog_Park,_February_2020.jpg",CC BY-SA 4.0,https://creativecommons.org/licenses/by-sa/4.0,Calistemon,"Dogs playing at Rockingham Enclosed Dog Park, located at Bayview Reserve, Rockingham, Western Australia. The little white one is mine.","animals in context, dog, playing, park, animal, action, playful, white",animals in context,dog playing park,"File:Rockingham Enclosed Dog Park, February 2020.jpg",https://upload.wikimedia.org/wikipedia/commons/8/8c/Rockingham_Enclosed_Dog_Park%2C_February_2020.jpg?utm_source=commons.wikimedia.org&utm_campaign=imageinfo&utm_content=original,87155485,574a08286c259b8098ddd8cf3c389daefe3350b1,4608,3456,1280,960,0e4b677e55ed517e6e48685864646ad94610695878cf693c2af93aa646ff06c9,2026-10-02,EXIF orientation applied; converted to RGB JPEG; long edge capped at 1280px; quality 88.,true,Creative Commons Attribution-Share Alike 4.0,
0006.jpg,Wikimedia Commons,"https://commons.wikimedia.org/wiki/File:Squaw_Lakes,_OR_(DSC_0160).jpg",CC BY 4.0,https://creativecommons.org/licenses/by/4.0,Trougnouf,"Paddleboarding man and swimming dog in Squaw Lakes, OR","animals in context, dog, swimming, lake, animal, action, motion, water, outdoors, peaceful, black, man, playing, playful",animals in context,dog swimming lake,"File:Squaw Lakes, OR (DSC 0160).jpg",https://upload.wikimedia.org/wikipedia/commons/4/46/Squaw_Lakes%2C_OR_%28DSC_0160%29.jpg?utm_source=commons.wikimedia.org&utm_campaign=imageinfo&utm_content=original,70137941,158a5cd3b00b1383cbe5e8b225653b7bb0c150ba,6000,4000,1280,853,7f64a701424e585f073a900a4a20ebdd577ea5bb1219d6de125af8e940c449d6,2026-10-02,EXIF orientation applied; converted to RGB JPEG; long edge capped at 1280px; quality 88.,true,Creative Commons Attribution 4.0,
0007.jpg,Wikimedia Commons,https://commons.wikimedia.org/wiki/File:Child_plays_with_a_dog_in_a_grassy_field.jpg,CC BY 2.0,https://creativecommons.org/licenses/by/2.0,Shixart1985,"A boy kneels on the grass and gently pets a dog. They are outdoors in a field with some trees in the background. It is a sunny afternoon, and the scene shows a bond between them.","animals in context, dog, child, playing, animal, action, playful, sunny, outdoor",animals in context,dog child playing,File:Child plays with a dog in a grassy field.jpg,https://upload.wikimedia.org/wikipedia/commons/d/d9/Child_plays_with_a_dog_in_a_grassy_field.jpg?utm_source=commons.wikimedia.org&utm_campaign=imageinfo&utm_content=original,197416788,13b7734d8debb29c2e09d28ea623124778a75588,6048,4032,1280,853,95df989fd96463bb886240bb417e75cc91630e88a62de1af63ceae18cdc8dcf4,2026-10-02,EXIF orientation applied; converted to RGB JPEG; long edge capped at 1280px; quality 88.,true,Creative Commons Attribution 2.0,
0008.jpg,Wikimedia Commons,https://commons.wikimedia.org/wiki/File:Man_and_dog_on_Scheveningen_beach_at_sunset.jpg,CC0,http://creativecommons.org/publicdomain/zero/1.0/deed.en,eddy.berthier,"Man and dog on Scheveningen beach at sunset, 2014","animals in context, dog, sunset, beach, animal, outdoors, evening, sky, warm, dramatic, water, coast, vacation, man",animals in context,dog sunset beach,File:Man and dog on Scheveningen beach at sunset.jpg,https://upload.wikimedia.org/wikipedia/commons/2/29/Man_and_dog_on_Scheveningen_beach_at_sunset.jpg?utm_source=commons.wikimedia.org&utm_campaign=imageinfo&utm_content=original,145176125,9a91803ecb85432d9a6d3611f4dbe83b52e3f4b2,5182,3454,1280,853,c5f381e3c05346ed0ae1fa876034b72ab0511cf88e8a4b21628f885100eb9cc4,2026-10-02,EXIF orientation applied; converted to RGB JPEG; long edge capped at 1280px; quality 88.,false,"Creative Commons Zero, Public Domain Dedication",
0009.jpg,Wikimedia Commons,"https://commons.wikimedia.org/wiki/File:Kreta_(GR),_Asomatos,_Kloster_Preveli,_Katze_--_2023_--_8492.jpg",CC BY-SA 4.0,https://creativecommons.org/licenses/by-sa/4.0,Dietmar Rabich,"Sleeping cat on a windowsill in Preveli monastery , Asomatos, Crete , Greece","animals in context, cat, sleeping, window, animal, indoor, light, outdoor",animals in context,cat sleeping window,"File:Kreta (GR), Asomatos, Kloster Preveli, Katze -- 2023 -- 8492.jpg",https://upload.wikimedia.org/wikipedia/commons/0/06/Kreta_%28GR%29%2C_Asomatos%2C_Kloster_Preveli%2C_Katze_--_2023_--_8492.jpg?utm_source=commons.wikimedia.org&utm_campaign=imageinfo&utm_content=original,137678857,84cdfe516cd88fb4527d23015ee8586d64a8b929,4046,5395,960,1280,c8d670197fb6a50129feb08453b10360ed5059af9e4121c98e3e1e4a4c64e30f,2026-10-02,EXIF orientation applied; converted to RGB JPEG; long edge capped at 1280px; quality 88.,true,Creative Commons Attribution-Share Alike 4.0,
0010.jpg,Wikimedia Commons,https://commons.wikimedia.org/wiki/File:Cat_on_laptop_-_Just_Browsing.jpg,CC BY 2.0,https://creativecommons.org/licenses/by/2.0,"Wilson Afonso from Sydney, Australia",Just browsing,"animals in context, cat, laptop, animal, technology, computer, work, white, black, man",animals in context,cat laptop,File:Cat on laptop - Just Browsing.jpg,https://upload.wikimedia.org/wikipedia/commons/f/ff/Cat_on_laptop_-_Just_Browsing.jpg?utm_source=commons.wikimedia.org&utm_campaign=imageinfo&utm_content=original,16525450,619dd03c645057aeee263b83950ac910335ad77a,3864,2584,1280,856,865fe3c3a08b747abdf94517b518046c89ec477444f631499f70dd60e2d33a49,2026-10-02,EXIF orientation applied; converted to RGB JPEG; long edge capped at 1280px; quality 88.,true,Creative Commons Attribution 2.0,
0011.jpg,Wikimedia Commons,https://commons.wikimedia.org/wiki/File:Cat_playing_with_a_lizard.jpg,CC BY-SA 4.0,https://creativecommons.org/licenses/by-sa/4.0,Basile Morin,"Seated Felis silvestris catus (domestic cat) playing with a passive Calotes versicolor , (oriental garden lizard), facing it, in Laos","animals in context, cat, garden, animal, plants, outdoors, nature, peaceful, blue, white, black, outdoor, playing, action, playful",animals in context,cat garden,File:Cat playing with a lizard.jpg,https://upload.wikimedia.org/wikipedia/commons/7/72/Cat_playing_with_a_lizard.jpg?utm_source=commons.wikimedia.org&utm_campaign=imageinfo&utm_content=original,68960758,d106bf9af0348847f8ddf2d1c295241f20978138,5557,3125,1280,720,383945ce46685f10fdec074d1f94e8b50c4f6326f71a4d79d9f0cc856b8e2e07,2026-10-02,EXIF orientation applied; converted to RGB JPEG; long edge capped at 1280px; quality 88.,true,Creative Commons Attribution-Share Alike 4.0,
0012.jpg,Wikimedia Commons,https://commons.wikimedia.org/wiki/File:Felis_catus-cat_on_snow.jpg,CC BY-SA 3.0,https://creativecommons.org/licenses/by-sa/3.0,Von.grzanka,"Domestic cat, a ten month old female.","animals in context, cat, snow, animal, outdoors, cold, winter, weather, red, white, black",animals in context,cat snow,File:Felis catus-cat on snow.jpg,https://upload.wikimedia.org/wikipedia/commons/b/b6/Felis_catus-cat_on_snow.jpg?utm_source=commons.wikimedia.org&utm_campaign=imageinfo&utm_content=original,9437797,0a40637f60dc79f0c3aa67bcbd2ee28cdb3b08b9,3000,2000,1280,853,51c4edd9b5c7be816d153ec9a2770e46dd0e1f338e107e7d0928e405622a15fa,2026-10-02,EXIF orientation applied; converted to RGB JPEG; long edge capped at 1280px; quality 88.,true,Creative Commons Attribution-Share Alike 3.0,
0013.jpg,Wikimedia Commons,https://commons.wikimedia.org/wiki/File:Cat_on_the_street_in_the_city_of_Chefchaouen.jpg,CC BY-SA 4.0,https://creativecommons.org/licenses/by-sa/4.0,Buiobuione,Cat on the street in the city of Chefchaouen,"animals in context, cat, city, street, animal, urban, outdoors, architecture",animals in context,cat city street,File:Cat on the street in the city of Chefchaouen.jpg,https://upload.wikimedia.org/wikipedia/commons/d/d0/Cat_on_the_street_in_the_city_of_Chefchaouen.jpg?utm_source=commons.wikimedia.org&utm_campaign=imageinfo&utm_content=original,139604188,674bfbeab9de5c9e76f179e581312b39def2981c,4999,3333,1280,853,2832c7a36b4eeb1317ac30e8384c40dd9569de59998890a31d13e053916681be,2026-10-02,EXIF orientation applied; converted to RGB JPEG; long edge capped at 1280px; quality 88.,true,Creative Commons Attribution-Share Alike 4.0,
0014.jpg,Wikimedia Commons,https://commons.wikimedia.org/wiki/File:Gray-kitten-with-flowers.jpg,CC BY-SA 4.0,https://creativecommons.org/licenses/by-sa/4.0,Дмитрий Корсунов,Gray-kitten-with-flowers,"animals in context, kitten, flowers, cat, animal, young, plant, nature, colorful, blue, black",animals in context,kitten flowers,File:Gray-kitten-with-flowers.jpg,https://upload.wikimedia.org/wikipedia/commons/2/2d/Gray-kitten-with-flowers.jpg?utm_source=commons.wikimedia.org&utm_campaign=imageinfo&utm_content=original,93804490,d1c900031a92bc2b08cb3c0afef3a038ead1c87d,1600,1200,1280,960,01ac4b8a0c36074edf3257a9b13e2f913254d881dff99be1650603e39fa78bc5,2026-10-02,EXIF orientation applied; converted to RGB JPEG; long edge capped at 1280px; quality 88.,true,Creative Commons Attribution-Share Alike 4.0,
0015.jpg,Wikimedia Commons,https://commons.wikimedia.org/wiki/File:Red_Breasted_Parakeet_Facts_07.jpg,CC BY 4.0,https://creativecommons.org/licenses/by/4.0,Shiv's fotografia,"The red-breasted parakeet, a species of parrot indigenous to Southeast Asia, stands out as one of the more extensively distributed members of its genus, showcasing notable geographical variations. Distinguished by a prominent red patch on its breast, this…","animals in context, colorful, parrot, forest, multicolored, bright, outdoors, nature, green, red",animals in context,colorful parrot forest,File:Red Breasted Parakeet Facts 07.jpg,https://upload.wikimedia.org/wikipedia/commons/c/c9/Red_Breasted_Parakeet_Facts_07.jpg?utm_source=commons.wikimedia.org&utm_campaign=imageinfo&utm_content=original,146149230,0313fe1f92ffa5f619fd162de1cb1da02edb00c6,6000,4000,1280,853,2de304b3473929c5d5ba8d1aa8b63d065606d4d979286386df42d496dfa32a4d,2026-10-02,EXIF orientation applied; converted to RGB JPEG; long edge capped at 1280px; quality 88.,true,Creative Commons Attribution 4.0,
0016.jpg,Wikimedia Commons,https://commons.wikimedia.org/wiki/File:Barred_Owl_forest_canopy_Seattle_Washington_2026.jpg,CC BY 4.0,https://creativecommons.org/licenses/by/4.0,Guywelch2000,"A Barred Owl (Strix varia) perched in Ravenna Park in Seattle, Washington.","animals in context, owl, forest, outdoors, nature, green",animals in context,owl forest,File:Barred Owl forest canopy Seattle Washington 2026.jpg,https://upload.wikimedia.org/wikipedia/commons/7/7e/Barred_Owl_forest_canopy_Seattle_Washington_2026.jpg?utm_source=commons.wikimedia.org&utm_campaign=imageinfo&utm_content=original,192759748,efee1a5b003a111a600db98c995b9ce053e09be9,7728,5152,1280,853,9b54c2d415958282a5b10ffcfcf91a57d33ef3a68b970c031e38f65379e027d9,2026-10-02,EXIF orientation applied; converted to RGB JPEG; long edge capped at 1280px; quality 88.,true,Creative Commons Attribution 4.0,
0017.jpg,Wikimedia Commons,https://commons.wikimedia.org/wiki/File:Chilean_Flamingo_at_Chungara_Lake_01.jpg,CC BY-SA 4.0,https://creativecommons.org/licenses/by-sa/4.0,Satdeep Gill,Chilean Flamingo at Chungara Lake,"animals in context, flamingos, lake, outdoors, water, peaceful",animals in context,flamingos lake,File:Chilean Flamingo at Chungara Lake 01.jpg,https://upload.wikimedia.org/wikipedia/commons/4/42/Chilean_Flamingo_at_Chungara_Lake_01.jpg?utm_source=commons.wikimedia.org&utm_campaign=imageinfo&utm_content=original,141673842,dc47d66b16858fb718a22df1b07138381fed678f,3568,2380,1280,854,83b03d84cec8b1c9b858cf3b56ad7d8697f58efd8626f0157de8325515c74300,2026-10-02,EXIF orientation applied; converted to RGB JPEG; long edge capped at 1280px; quality 88.,true,Creative Commons Attribution-Share Alike 4.0,
0018.jpg,Wikimedia Commons,https://commons.wikimedia.org/wiki/File:Ducklings_in_a_pond_with_frog_-_McLoughlin_Bros._-_ca._1890s.jpg,Public domain,,Unknown author Unknown author,"A colored illustration of five ducklings in a pond, with a small green frog diving into the water in the foreground. This image decorated the back cover of A Christmas Box of Pretty Stories , published by McLoughlin Bros., circa 1890s.","animals in context, ducklings, pond, green, water, outdoors",animals in context,ducklings pond,File:Ducklings in a pond with frog - McLoughlin Bros. - ca. 1890s.jpg,https://upload.wikimedia.org/wikipedia/commons/d/d5/Ducklings_in_a_pond_with_frog_-_McLoughlin_Bros._-_ca._1890s.jpg?utm_source=commons.wikimedia.org&utm_campaign=imageinfo&utm_content=original,188860645,51f18d027e8f3128142fd8eccbc71ac247403bf7,1564,1111,1280,909,cfa59866e77e7633cde9870dd7f01b25f1228ab32053f001460e0f9bb3cd159d,2026-10-02,EXIF orientation applied; converted to RGB JPEG; long edge capped at 1280px; quality 88.,false,Public domain,
0019.jpg,Wikimedia Commons,https://commons.wikimedia.org/wiki/File:Volcano_hummingbird_(Selasphorus_flammula)_female_in_flight_2.jpg,CC BY-SA 4.0,https://creativecommons.org/licenses/by-sa/4.0,Charles J. Sharp,"Volcano hummingbird (Selasphorus flammula) female feeding on Abutilon sp. nectar, #2 of a set of 3. Mount Totumas cloud forest, Panama.","animals in context, hummingbird, flower, plant, nature, colorful",animals in context,hummingbird flower,File:Volcano hummingbird (Selasphorus flammula) female in flight 2.jpg,https://upload.wikimedia.org/wikipedia/commons/4/43/Volcano_hummingbird_%28Selasphorus_flammula%29_female_in_flight_2.jpg?utm_source=commons.wikimedia.org&utm_campaign=imageinfo&utm_content=original,80004827,edca69501255e7866acaea01854308a8390c3f52,3381,2339,1280,886,ba30b07ecb6c0127f1036f5b4931963861b20ea41500e21aff8577f617bc84df,2026-10-02,EXIF orientation applied; converted to RGB JPEG; long edge capped at 1280px; quality 88.,true,Creative Commons Attribution-Share Alike 4.0,
0020.jpg,Wikimedia Commons,https://commons.wikimedia.org/wiki/File:Inver_Beach_with_horses_-_geograph.org.uk_-_2759005.jpg,CC BY-SA 2.0,https://creativecommons.org/licenses/by-sa/2.0,louise price,Inver Beach with horses,"animals in context, horses, beach, outdoors, water, coast, vacation",animals in context,horses beach,File:Inver Beach with horses - geograph.org.uk - 2759005.jpg,https://upload.wikimedia.org/wikipedia/commons/7/70/Inver_Beach_with_horses_-_geograph.org.uk_-_2759005.jpg?utm_source=commons.wikimedia.org&utm_campaign=imageinfo&utm_content=original,112677886,154b708c9daa30b73e9848e7e91cfb3d38692045,3072,2304,1280,960,52572936146b25d7a00f7ade1548dad95163eae3cafb92ba444ccbe0aab127aa,2026-10-02,EXIF orientation applied; converted to RGB JPEG; long edge capped at 1280px; quality 88.,true,Creative Commons Attribution-Share Alike 2.0,
0021.jpg,Wikimedia Commons,https://commons.wikimedia.org/wiki/File:Cows_grazing_at_the_Korosica_pasture_01.jpg,CC0,http://creativecommons.org/publicdomain/zero/1.0/deed.en,Ajznponar,Cows grazing at the Korošica mountain pasture,"animals in context, cow, mountain, pasture, outdoors, nature, landscape",animals in context,cow mountain pasture,File:Cows grazing at the Korosica pasture 01.jpg,https://upload.wikimedia.org/wikipedia/commons/d/d6/Cows_grazing_at_the_Korosica_pasture_01.jpg?utm_source=commons.wikimedia.org&utm_campaign=imageinfo&utm_content=original,199373229,a399049fce73563c4b2381f12a954c172852b30b,4000,3000,1280,960,e7052020ee5de156c1fa5aef18030c156f42575c4e4a605181165b8fe3df0156,2026-10-02,EXIF orientation applied; converted to RGB JPEG; long edge capped at 1280px; quality 88.,false,"Creative Commons Zero, Public Domain Dedication",
0022.jpg,Wikimedia Commons,https://commons.wikimedia.org/wiki/File:Sheep_in_a_snowy_field_-_geograph.org.uk_-_3331755.jpg,CC BY-SA 2.0,https://creativecommons.org/licenses/by-sa/2.0,Steve Daniels,Sheep in a snowy field,"animals in context, sheep, snowy, field, outdoors, cold, winter, weather, snow",animals in context,sheep snowy field,File:Sheep in a snowy field - geograph.org.uk - 3331755.jpg,https://upload.wikimedia.org/wikipedia/commons/c/c5/Sheep_in_a_snowy_field_-_geograph.org.uk_-_3331755.jpg?utm_source=commons.wikimedia.org&utm_campaign=imageinfo&utm_content=original,116135049,574a6ce5b0103a9bbf5bb9103802c59401435e78,1500,1002,1280,855,a51a365b17aacb9d363f1c629354db0a883f90f3061df06fb39e7b195a14b76f,2026-10-02,EXIF orientation applied; converted to RGB JPEG; long edge capped at 1280px; quality 88.,true,Creative Commons Attribution-Share Alike 2.0,
0023.jpg,Wikimedia Commons,https://commons.wikimedia.org/wiki/File:Mountain_Goat_at_Hidden_Lake.jpg,CC BY-SA 4.0,https://creativecommons.org/licenses/by-sa/4.0,Robert M. Russell,"Mountain goat at Hidden Lake, near Logan Pass, in Glacier National Park","animals in context, goats, mountain, outdoors, nature, landscape",animals in context,goats mountain,File:Mountain Goat at Hidden Lake.jpg,https://upload.wikimedia.org/wikipedia/commons/5/51/Mountain_Goat_at_Hidden_Lake.jpg?utm_source=commons.wikimedia.org&utm_campaign=imageinfo&utm_content=original,73025603,db4563bbe2b8e62118ef406e0ef54c194dfb2f19,4944,3296,1280,853,6709cd1d9a5c302316dd04b8962ab3b74083e745e7e491e37c8299d1f6ecc015,2026-10-02,EXIF orientation applied; converted to RGB JPEG; long edge capped at 1280px; quality 88.,true,Creative Commons Attribution-Share Alike 4.0,
0024.jpg,Wikimedia Commons,https://commons.wikimedia.org/wiki/File:Winslow_Homer_-_Farmyard_with_Ducks_and_Chickens_(1872-73).jpg,Public domain,,Winslow Homer,Winslow Homer - Farmyard with Ducks and Chickens (1872-73),"animals in context, chickens, farmyard",animals in context,chickens farmyard,File:Winslow Homer - Farmyard with Ducks and Chickens (1872-73).jpg,https://upload.wikimedia.org/wikipedia/commons/2/2f/Winslow_Homer_-_Farmyard_with_Ducks_and_Chickens_%281872-73%29.jpg?utm_source=commons.wikimedia.org&utm_campaign=imageinfo&utm_content=original,185632422,1af2228bcbd40739caeb780349b280e05d3c9d72,4761,3353,1280,901,b2c2ca211af2d0ac9083d27c90d5e48609955f89de1baf5981e4e49480a4c4d1,2026-10-02,EXIF orientation applied; converted to RGB JPEG; long edge capped at 1280px; quality 88.,false,Public domain,
0025.jpg,Wikimedia Commons,https://commons.wikimedia.org/wiki/File:Donkey_trail_between_Wadi_Khabb_and_the_village_of_Difan_-_2.jpg,CC BY-SA 4.0,https://creativecommons.org/licenses/by-sa/4.0,IbrahimKumar,Donkey trail between Wadi Khabb and the village of Difan. Emirate of Fujairah (UAE),"animals in context, donkey, village",animals in context,donkey village,File:Donkey trail between Wadi Khabb and the village of Difan - 2.jpg,https://upload.wikimedia.org/wikipedia/commons/b/b1/Donkey_trail_between_Wadi_Khabb_and_the_village_of_Difan_-_2.jpg?utm_source=commons.wikimedia.org&utm_campaign=imageinfo&utm_content=original,163375506,55c3e4b74e314580409f9480a6d6e924c0af0cdc,3800,2161,1280,728,95b05b997d0166565a5973c40c535b894b132c1929b8234af1acbd2277c2725a,2026-10-02,EXIF orientation applied; converted to RGB JPEG; long edge capped at 1280px; quality 88.,true,Creative Commons Attribution-Share Alike 4.0,
0026.jpg,Wikimedia Commons,https://commons.wikimedia.org/wiki/File:Indian_elephant_in_Kaziranga_National_Park_March_2025_by_Tisha_Mukherjee_06.jpg,CC BY-SA 4.0,https://creativecommons.org/licenses/by-sa/4.0,Tisha Mukherjee,"Two juvenile Indian elephant ( Elephas maximus indicus , Elephantidae , Proboscidea ) drinking water in Kaziranga National Park , Assam, India.","animals in context, elephants, drinking, water, animal, wildlife, group, outdoors",animals in context,elephants drinking water,File:Indian elephant in Kaziranga National Park March 2025 by Tisha Mukherjee 06.jpg,https://upload.wikimedia.org/wikipedia/commons/a/a8/Indian_elephant_in_Kaziranga_National_Park_March_2025_by_Tisha_Mukherjee_06.jpg?utm_source=commons.wikimedia.org&utm_campaign=imageinfo&utm_content=original,163664261,5c8a70f2e0251ff40bf193d67f90eaaecd7fb099,3835,2557,1280,853,a0606637cf399eb67a06204c8cbdd3352853afd9681e658408aa45f0c0f212f6,2026-10-02,EXIF orientation applied; converted to RGB JPEG; long edge capped at 1280px; quality 88.,true,Creative Commons Attribution-Share Alike 4.0,
0027.jpg,Wikimedia Commons,https://commons.wikimedia.org/wiki/File:Deer_snow.jpg,CC BY-SA 4.0,https://creativecommons.org/licenses/by-sa/4.0,Viktoria Borodinova,"deer, fairy tale, silhouette, contour, girl, friendship, illustration, painting, watercolor, silver hoof, forest, winter, snow","animals in context, deer, forest, snow, animal, wildlife, outdoors, nature, green, cold, winter, weather, water",animals in context,deer forest snow,File:Deer snow.jpg,https://upload.wikimedia.org/wikipedia/commons/1/15/Deer_snow.jpg?utm_source=commons.wikimedia.org&utm_campaign=imageinfo&utm_content=original,101376840,9d6a05cd12ccfb5eb8e149d76ed41f372524b8bf,3029,4046,958,1280,a958b96937a76f7b3b1ee5ee44a979fb428616f7dfe54d200812d59cd1453840,2026-10-02,EXIF orientation applied; converted to RGB JPEG; long edge capped at 1280px; quality 88.,true,Creative Commons Attribution-Share Alike 4.0,
0028.jpg,Wikimedia Commons,https://commons.wikimedia.org/wiki/File:Vulpes_lagopus_in_Iceland.jpg,CC0,http://creativecommons.org/publicdomain/zero/1.0/deed.en,Jonatan Pie ( unsplash.com/@r3dmax ),"Arctic fox ( Vulpes lagopus ) in winter coat in the snow, Iceland .","animals in context, fox, snow, animal, wildlife, outdoors, cold, winter, weather, white",animals in context,fox snow,File:Vulpes lagopus in Iceland.jpg,https://upload.wikimedia.org/wikipedia/commons/e/ea/Vulpes_lagopus_in_Iceland.jpg?utm_source=commons.wikimedia.org&utm_campaign=imageinfo&utm_content=original,56681996,dbc2c677c30b3cde67c11f4f83389fdc12fd1982,7360,4912,1280,854,fadcd7c706d209b07e2e92a3087b01a207bb3501c10045997b39be791261edf3,2026-10-02,EXIF orientation applied; converted to RGB JPEG; long edge capped at 1280px; quality 88.,false,"Creative Commons Zero, Public Domain Dedication",
0029.jpg,Wikimedia Commons,https://commons.wikimedia.org/wiki/File:077_Angolan_giraffes_cuddling_at_sunset_in_Etosha_National_Park_Photo_by_Giles_Laurent.jpg,CC BY-SA 4.0,https://creativecommons.org/licenses/by-sa/4.0,Giles Laurent,"Angolan giraffes cuddling at sunset in Etosha National Park, Namibia","animals in context, giraffe, sunset, outdoors, evening, sky, warm, dramatic",animals in context,giraffe sunset,File:077 Angolan giraffes cuddling at sunset in Etosha National Park Photo by Giles Laurent.jpg,https://upload.wikimedia.org/wikipedia/commons/d/d2/077_Angolan_giraffes_cuddling_at_sunset_in_Etosha_National_Park_Photo_by_Giles_Laurent.jpg?utm_source=commons.wikimedia.org&utm_campaign=imageinfo&utm_content=original,180858129,403fc763addace6dc8adc6a228805043be81d0cc,8134,5423,1280,853,217f49ba9c40ce9d6a6278cc134af6e89597889fdc96b65df37344b4074e81ba,2026-10-02,EXIF orientation applied; converted to RGB JPEG; long edge capped at 1280px; quality 88.,true,Creative Commons Attribution-Share Alike 4.0,
0030.jpg,Wikimedia Commons,"https://commons.wikimedia.org/wiki/File:Makalali_Game_Reserve_(ZA),_Zebra_--_2024_--_1452.jpg",CC BY-SA 4.0,https://creativecommons.org/licenses/by-sa/4.0,Dietmar Rabich,"Zebra in Makalali Game Reserve (Greater Makalali Private Game Reserve), Maruleng , Limpopo , South Africa The Makalali Game Reserve is a private game reserve in Limpopo in northeastern South Africa, west of Kruger National Park . Covering around 25,000…","animals in context, zebra, grassland",animals in context,zebra grassland,"File:Makalali Game Reserve (ZA), Zebra -- 2024 -- 1452.jpg",https://upload.wikimedia.org/wikipedia/commons/b/b3/Makalali_Game_Reserve_%28ZA%29%2C_Zebra_--_2024_--_1452.jpg?utm_source=commons.wikimedia.org&utm_campaign=imageinfo&utm_content=original,146305033,6657333de95696232ada11ea42696c515801c5e0,3947,5920,853,1280,be6e9fe4f94c28a8ed8f318567be3ad5d42ee216f32d1e09db0f7eedfb502d79,2026-10-02,EXIF orientation applied; converted to RGB JPEG; long edge capped at 1280px; quality 88.,true,Creative Commons Attribution-Share Alike 4.0,
0031.jpg,Wikimedia Commons,https://commons.wikimedia.org/wiki/File:Trentham_Monkey_Forest_4.jpg,CC BY-SA 4.0,https://creativecommons.org/licenses/by-sa/4.0,Photograph by Mike Peel ( www.mikepeel.net ).,"Macaca sylvanus at Trentham Monkey Forest , Staffordshire","animals in context, monkey, forest, outdoors, nature, green",animals in context,monkey forest,File:Trentham Monkey Forest 4.jpg,https://upload.wikimedia.org/wikipedia/commons/a/ae/Trentham_Monkey_Forest_4.jpg?utm_source=commons.wikimedia.org&utm_campaign=imageinfo&utm_content=original,31509443,a17793e595a0b3b35c047f0914820812d3aba2ad,5184,3456,1280,853,28d61a6a789240fd98d053ae70a8816a836e8fc908994019dff608ef4cd9fab9,2026-10-02,EXIF orientation applied; converted to RGB JPEG; long edge capped at 1280px; quality 88.,true,Creative Commons Attribution-Share Alike 4.0,
0032.jpg,Wikimedia Commons,"https://commons.wikimedia.org/wiki/File:A_Lion_in_the_Grasslands_of_Queen_Elizabeth_National_Park,_Uganda_01.jpg",CC BY-SA 4.0,https://creativecommons.org/licenses/by-sa/4.0,Sandra Aceng,"A young lion resting amidst the tall, golden grasses of Queen Elizabeth National Park in Uganda. The lion’s relaxed posture exudes sovereignty, while its direct gaze hints at both curiosity and confidence.","animals in context, lion, grassland, animal, wildlife",animals in context,lion grassland,"File:A Lion in the Grasslands of Queen Elizabeth National Park, Uganda 01.jpg",https://upload.wikimedia.org/wikipedia/commons/9/99/A_Lion_in_the_Grasslands_of_Queen_Elizabeth_National_Park%2C_Uganda_01.jpg?utm_source=commons.wikimedia.org&utm_campaign=imageinfo&utm_content=original,150118354,2ec182fd95ebc4bad3c51b56955f4377163efd54,810,1080,810,1080,2f7742f8b94262e011de06bcdde06d2c2382c04b137f48331223d60790540b16,2026-10-02,EXIF orientation applied; converted to RGB JPEG; long edge capped at 1280px; quality 88.,true,Creative Commons Attribution-Share Alike 4.0,
0033.jpg,Wikimedia Commons,https://commons.wikimedia.org/wiki/File:Two_white_tigers_playing_in_the_water_at_Singapore_Zoo.jpg,CC BY-SA 4.0,https://creativecommons.org/licenses/by-sa/4.0,Basile Morin,"Two white tigers playing in the water, at Singapore Zoo .","animals in context, tiger, water, animal, wildlife, outdoors, white, playing, action, playful",animals in context,tiger water,File:Two white tigers playing in the water at Singapore Zoo.jpg,https://upload.wikimedia.org/wikipedia/commons/3/37/Two_white_tigers_playing_in_the_water_at_Singapore_Zoo.jpg?utm_source=commons.wikimedia.org&utm_campaign=imageinfo&utm_content=original,80689887,555aee8824614bd4cd54329458009776f161680e,5799,3866,1280,853,d6d09a53229347c931b07910774400cb97eaa48d352151567d1d6f6fb3961935,2026-10-02,EXIF orientation applied; converted to RGB JPEG; long edge capped at 1280px; quality 88.,true,Creative Commons Attribution-Share Alike 4.0,
0034.jpg,Wikimedia Commons,"https://commons.wikimedia.org/wiki/File:Kangaroo_on_the_beach_Cape_Hillsborough,_2017.jpg",CC BY 2.0,https://creativecommons.org/licenses/by/2.0,Ian Cochrane,"Kangaroo on the beach Cape Hillsborough, 2017","animals in context, kangaroo, beach, outdoors, water, coast, vacation",animals in context,kangaroo beach,"File:Kangaroo on the beach Cape Hillsborough, 2017.jpg",https://upload.wikimedia.org/wikipedia/commons/5/53/Kangaroo_on_the_beach_Cape_Hillsborough%2C_2017.jpg?utm_source=commons.wikimedia.org&utm_campaign=imageinfo&utm_content=original,158286659,e66e7b98bdb77b5e90e4a8eddc850a8410cf7941,5184,3888,1280,960,1a90e28332c00f96474aecd67d6e55833abd1efc1a31dfb998425c1a6c314972,2026-10-02,EXIF orientation applied; converted to RGB JPEG; long edge capped at 1280px; quality 88.,true,Creative Commons Attribution 2.0,
0035.jpg,Wikimedia Commons,https://commons.wikimedia.org/wiki/File:Un_groupe_de_dromadaire_dans_le_desert_tunisien.jpg,CC BY-SA 4.0,https://creativecommons.org/licenses/by-sa/4.0,Skander zarrad,A group of camels in the Tunisian desert,"animals in context, camel, desert, outdoors, nature, landscape, dry, group",animals in context,camel desert,File:Un groupe de dromadaire dans le desert tunisien.jpg,https://upload.wikimedia.org/wikipedia/commons/a/a1/Un_groupe_de_dromadaire_dans_le_desert_tunisien.jpg?utm_source=commons.wikimedia.org&utm_campaign=imageinfo&utm_content=original,149099981,2605bb6fc22b67b64f5d40ec873ba932210703c2,6000,4000,1280,853,6ca7165ef67c6be28b86983872055130d27231f1aea5d933440404ffc751a036,2026-10-02,EXIF orientation applied; converted to RGB JPEG; long edge capped at 1280px; quality 88.,true,Creative Commons Attribution-Share Alike 4.0,
0036.jpg,Wikimedia Commons,https://commons.wikimedia.org/wiki/File:Grey_Squirrel_Sciurus_Carolinensis_Autumn_Stowe_Gardens_2025_01.jpg,CC BY 4.0,https://creativecommons.org/licenses/by/4.0,Julian Herzog ( Website ),"A grey squirrel (Sciurus carolinensis), an invasive species to the United Kingdom, sitting on a tree branch in Stowe Gardens (Buckinghamshire, England, United Kingdom) with autumn foliage in the background.","animals in context, squirrel, autumn",animals in context,squirrel autumn,File:Grey Squirrel Sciurus Carolinensis Autumn Stowe Gardens 2025 01.jpg,https://upload.wikimedia.org/wikipedia/commons/9/93/Grey_Squirrel_Sciurus_Carolinensis_Autumn_Stowe_Gardens_2025_01.jpg?utm_source=commons.wikimedia.org&utm_campaign=imageinfo&utm_content=original,179770038,23b7989585753d45fe296b1d04e86578000ee342,8256,5504,1280,853,61c449a0c64383599c9cff9543620fb03031d90b99304468c6196fe16c8f9b87,2026-10-02,EXIF orientation applied; converted to RGB JPEG; long edge capped at 1280px; quality 88.,true,Creative Commons Attribution 4.0,
0037.jpg,Wikimedia Commons,https://commons.wikimedia.org/wiki/File:Jumping_dolphin_at_Farglory_Ocean_Park_20080710.jpg,CC BY-SA 2.0,https://creativecommons.org/licenses/by-sa/2.0,Joe Lewis,A dolphin leaps from the water during an aquarium show.,"dolphin, jumping, aquarium, animal, water, action, blue, playful",animals in context,a dolphin jumping during an aquarium show,File:Jumping dolphin at Farglory Ocean Park 20080710.jpg,https://upload.wikimedia.org/wikipedia/commons/3/3f/Jumping_dolphin_at_Farglory_Ocean_Park_20080710.jpg?utm_source=commons.wikimedia.org&utm_campaign=imageinfo&utm_content=original,5176568,46f5d633d48537cf61498af5e0fa92fe7fb3c29e,1374,1586,1109,1280,826108212ab6ddf696bd43fc807aecbdfe06c663f68f259b1015d2c78a3d19f6,2026-10-02,EXIF orientation applied; converted to RGB JPEG; long edge capped at 1280px; quality 88.,true,Creative Commons Attribution-Share Alike 2.0,
0038.jpg,Wikimedia Commons,"https://commons.wikimedia.org/wiki/File:Sea_Turtle_over_Coral_Reef_in_the_Abacos,_Bahamas.jpg",CC BY-SA 4.0,https://creativecommons.org/licenses/by-sa/4.0,Elh733,"Sea Turtle over Coral Reef in the Abacos, Bahamas","animals in context, sea, turtle, coral, reef",animals in context,sea turtle coral reef,"File:Sea Turtle over Coral Reef in the Abacos, Bahamas.jpg",https://upload.wikimedia.org/wikipedia/commons/a/a4/Sea_Turtle_over_Coral_Reef_in_the_Abacos%2C_Bahamas.jpg?utm_source=commons.wikimedia.org&utm_campaign=imageinfo&utm_content=original,82104664,7d9bea6239d76099eb73ed3635f495f1104c1566,2208,1232,1280,714,79347db92f409312ce3bf2c530a8138d1829ffa5733c466f8ee2e56ac72d045b,2026-10-02,EXIF orientation applied; converted to RGB JPEG; long edge capped at 1280px; quality 88.,true,Creative Commons Attribution-Share Alike 4.0,
0039.jpg,Wikimedia Commons,https://commons.wikimedia.org/wiki/File:Green_pond_frog_(Euphlyctis_hexadactylus).jpg,CC BY-SA 4.0,https://creativecommons.org/licenses/by-sa/4.0,Charles J. Sharp,"Green pond frog ( Euphlyctis hexadactylus ), Near Yala National Park, Sri Lanka","animals in context, frog, pond, green",animals in context,frog pond,File:Green pond frog (Euphlyctis hexadactylus).jpg,https://upload.wikimedia.org/wikipedia/commons/e/e0/Green_pond_frog_%28Euphlyctis_hexadactylus%29.jpg?utm_source=commons.wikimedia.org&utm_campaign=imageinfo&utm_content=original,116068096,cfca6e6d25b260868b177b6dc74adef5def21dd4,3206,2137,1280,853,400f3fa199208dd5b1bdbffa40bfb53460951eacd987b02589335f957ff31c39,2026-10-02,EXIF orientation applied; converted to RGB JPEG; long edge capped at 1280px; quality 88.,true,Creative Commons Attribution-Share Alike 4.0,
0040.jpg,Wikimedia Commons,https://commons.wikimedia.org/wiki/File:Desert_Monitor_Eating_Lizard_Aliyah_reserve_Kuwait.jpg,CC BY 4.0,https://creativecommons.org/licenses/by/4.0,Mohdalsaleh,"Desert Monitor Eating a Lizard, Al-Abdaliyah Reserve, Kuwait.","animals in context, lizard, desert, outdoors, nature, landscape, dry, group, eating, action, food",animals in context,lizard desert,File:Desert Monitor Eating Lizard Aliyah reserve Kuwait.jpg,https://upload.wikimedia.org/wikipedia/commons/b/b0/Desert_Monitor_Eating_Lizard_Aliyah_reserve_Kuwait.jpg?utm_source=commons.wikimedia.org&utm_campaign=imageinfo&utm_content=original,194343015,e1305314de347b36ebe83b3e1702f006ee7834b4,6000,4500,1280,960,88010954dddf2a82c600e65c23a2a7b4bbf41e621cabd779ea8309b86660a9ea,2026-10-02,EXIF orientation applied; converted to RGB JPEG; long edge capped at 1280px; quality 88.,true,Creative Commons Attribution 4.0,
0041.jpg,Wikimedia Commons,"https://commons.wikimedia.org/wiki/File:Mugger_Crocodile_photographed_at_Babai_River,_Bardiya_National_Park.jpg",CC BY-SA 4.0,https://creativecommons.org/licenses/by-sa/4.0,Shadow Ayush,"Mugger Crocodile photographed at Babai River, Bardiya National Park.","animals in context, crocodile, river, outdoors, water, nature",animals in context,crocodile river,"File:Mugger Crocodile photographed at Babai River, Bardiya National Park.jpg",https://upload.wikimedia.org/wikipedia/commons/d/d3/Mugger_Crocodile_photographed_at_Babai_River%2C_Bardiya_National_Park.jpg?utm_source=commons.wikimedia.org&utm_campaign=imageinfo&utm_content=original,167465568,18890f38bf434b35bc6c6d1137dde82f7aacce13,5845,3897,1280,853,bc55fd92fc8931949908cb2ebbed0a9dd5d7ac4278f3e95b201665dfc6b0f4fa,2026-10-02,EXIF orientation applied; converted to RGB JPEG; long edge capped at 1280px; quality 88.,true,Creative Commons Attribution-Share Alike 4.0,
0042.jpg,Wikimedia Commons,https://commons.wikimedia.org/wiki/File:Jellyfish_in_Ucluelet_Aquarium_tank.jpg,CC BY-SA 4.0,https://creativecommons.org/licenses/by-sa/4.0,Kevstan,a white translucent jellyfish in a tank with windows showing moored fishing boats behind,"animals in context, jellyfish, aquarium, white",animals in context,jellyfish aquarium,File:Jellyfish in Ucluelet Aquarium tank.jpg,https://upload.wikimedia.org/wikipedia/commons/9/9b/Jellyfish_in_Ucluelet_Aquarium_tank.jpg?utm_source=commons.wikimedia.org&utm_campaign=imageinfo&utm_content=original,93109311,fd15f3a637904d0349607664b139050f6d661643,4752,3168,1280,853,87196569edbb7ca623ccae9985af30d062f81dabd15eb00f6a312afa6bd06b92,2026-10-02,EXIF orientation applied; converted to RGB JPEG; long edge capped at 1280px; quality 88.,true,Creative Commons Attribution-Share Alike 4.0,
0043.jpg,Wikimedia Commons,https://commons.wikimedia.org/wiki/File:Sea_fans_coral_reef_Pagan_2022.png,Public domain,,NOAA Fisheries/Andrew Gray,Colorful sea fans and reef fish on a coral reef underwater.,"animal, fish, coral reef, underwater, ocean, water, colorful, nature",animals in context,reef fish around colorful coral,File:Sea fans coral reef Pagan 2022.png,https://upload.wikimedia.org/wikipedia/commons/a/af/Sea_fans_coral_reef_Pagan_2022.png?utm_source=commons.wikimedia.org&utm_campaign=imageinfo&utm_content=original,168918818,b33ac0477a4201e8c426a865ad674e0ff0c0ad3e,1219,801,1219,801,27713bd76d68926d939950efaf752b93b262b89dc4276828d68473c4abc380a8,2026-10-02,EXIF orientation applied; converted to RGB JPEG; long edge capped at 1280px; quality 88.,false,Public domain,
0044.jpg,Wikimedia Commons,https://commons.wikimedia.org/wiki/File:Peacock_butterfly_(Aglais_io)_2.jpg,CC BY-SA 3.0,https://creativecommons.org/licenses/by-sa/3.0,Charles J. Sharp,"Peacock butterfly ( Aglais io ) on blackthorn ( Prunus spinosa ) Otmoor RSPB reserve, Oxfordshire","animals in context, butterfly, flower, plant, nature, colorful, black",animals in context,butterfly flower,File:Peacock butterfly (Aglais io) 2.jpg,https://upload.wikimedia.org/wikipedia/commons/a/a6/Peacock_butterfly_%28Aglais_io%29_2.jpg?utm_source=commons.wikimedia.org&utm_campaign=imageinfo&utm_content=original,32422546,ae5268152f168d1604859a53f9108578843b2103,3792,2528,1280,853,5b5d49d8a803dc08c666ef5b530506675bd73731ba531bb5007fce2bd9bee80f,2026-10-02,EXIF orientation applied; converted to RGB JPEG; long edge capped at 1280px; quality 88.,true,Creative Commons Attribution-Share Alike 3.0,
0045.jpg,Wikimedia Commons,https://commons.wikimedia.org/wiki/File:Halictus_bee_on_flower-2.jpg,CC BY 2.5,https://creativecommons.org/licenses/by/2.5,Alvesgaspar,Female Halictus sp. feeding on flower,"animals in context, bee, flower, plant, nature, colorful, red, orange",animals in context,bee flower,File:Halictus bee on flower-2.jpg,https://upload.wikimedia.org/wikipedia/commons/b/b9/Halictus_bee_on_flower-2.jpg?utm_source=commons.wikimedia.org&utm_campaign=imageinfo&utm_content=original,2111628,92e12e2a1878987fc50b1d97518f0fb9bffb8891,2448,1836,1280,960,b4d11a82f009b8e09989da5ac28eb29bce94270f1a101586caa79cb35f5517d7,2026-10-02,EXIF orientation applied; converted to RGB JPEG; long edge capped at 1280px; quality 88.,true,Creative Commons Attribution 2.5,
0046.jpg,Wikimedia Commons,https://commons.wikimedia.org/wiki/File:Sydney_dragonfly_Victoria_Park_pond_29.jpg,CC BY-SA 3.0,https://creativecommons.org/licenses/by-sa/3.0,Toby Hudson,"A green female Common Bluetail ( Ischnura heterosticta ) by Lake Northam, Victoria Park , Sydney, NSW, Australia.","animals in context, dragonfly, pond, blue, green",animals in context,dragonfly pond,File:Sydney dragonfly Victoria Park pond 29.jpg,https://upload.wikimedia.org/wikipedia/commons/0/06/Sydney_dragonfly_Victoria_Park_pond_29.jpg?utm_source=commons.wikimedia.org&utm_campaign=imageinfo&utm_content=original,18896684,896464849a00fb971ad0633f7fd12cea2a4ea75e,3888,1892,1280,623,aa82fccd453974df9e083893979fe54104cd2dab68963771f4f7024cd1663488,2026-10-02,EXIF orientation applied; converted to RGB JPEG; long edge capped at 1280px; quality 88.,true,Creative Commons Attribution-Share Alike 3.0,
0047.jpg,Wikimedia Commons,https://commons.wikimedia.org/wiki/File:Ladybug_on_a_leaf_in_the_garden.jpg,CC0,http://creativecommons.org/publicdomain/zero/1.0/deed.en,CECILIJA1122,Ladybug on a leaf in the garden.,"animals in context, ladybug, leaf",animals in context,ladybug leaf,File:Ladybug on a leaf in the garden.jpg,https://upload.wikimedia.org/wikipedia/commons/6/65/Ladybug_on_a_leaf_in_the_garden.jpg?utm_source=commons.wikimedia.org&utm_campaign=imageinfo&utm_content=original,194153113,be68f247ff5c6551a7692eca82667f5ea0c483d1,3072,4080,964,1280,cd7b5138e4ce8faa956e0de321b2a30299133792648ae2f8383c4cf99e889fef,2026-10-02,EXIF orientation applied; converted to RGB JPEG; long edge capped at 1280px; quality 88.,false,"Creative Commons Zero, Public Domain Dedication",
0048.jpg,Wikimedia Commons,https://commons.wikimedia.org/wiki/File:River_Otter_Swimming_(5710970409).jpg,Public domain,,"Pacific Southwest Region from Sacramento, US",River Otter Swimming,"animals in context, otter, swimming, river, action, motion, water, outdoors, nature",animals in context,otter swimming river,File:River Otter Swimming (5710970409).jpg,https://upload.wikimedia.org/wikipedia/commons/b/b9/River_Otter_Swimming_%285710970409%29.jpg?utm_source=commons.wikimedia.org&utm_campaign=imageinfo&utm_content=original,36897807,23885cf2cde1135c0745f12e906093756a01c1b3,2572,1688,1280,840,328a87402d219f56c24efadd210cd12304ccba733c6784281513fa6774d062cc,2026-10-02,EXIF orientation applied; converted to RGB JPEG; long edge capped at 1280px; quality 88.,false,Public domain,
0049.jpg,Wikimedia Commons,"https://commons.wikimedia.org/wiki/File:Barford_Meadow,_Rabbits_2.png",CC BY-SA 4.0,https://creativecommons.org/licenses/by-sa/4.0,Hextacit,"A photograph of 4 Rabbits, oblivious to human modifications to their environment.","animals in context, rabbits, meadow",animals in context,rabbits meadow,"File:Barford Meadow, Rabbits 2.png",https://upload.wikimedia.org/wikipedia/commons/8/84/Barford_Meadow%2C_Rabbits_2.png?utm_source=commons.wikimedia.org&utm_campaign=imageinfo&utm_content=original,171192367,6fb87beadba884063ff4c9a2a1102965145c5832,1360,768,1280,723,612f916e96d43e936bfea244efc1c5b0e487ed416715af9270037cc91c6b71ab,2026-10-02,EXIF orientation applied; converted to RGB JPEG; long edge capped at 1280px; quality 88.,true,Creative Commons Attribution-Share Alike 4.0,
0050.jpg,Wikimedia Commons,https://commons.wikimedia.org/wiki/File:Train_window_person_reading_(Unsplash).jpg,CC0,http://creativecommons.org/publicdomain/zero/1.0/deed.en,Ana Martin anamartin,A quiet passenger seated beside a large train window.,"person, passenger, train, window, indoor, travel, quiet, reflective",people everyday actions,a quiet passenger beside a train window,File:Train window person reading (Unsplash).jpg,https://upload.wikimedia.org/wikipedia/commons/0/03/Train_window_person_reading_%28Unsplash%29.jpg?utm_source=commons.wikimedia.org&utm_campaign=imageinfo&utm_content=original,62134792,2cbbfbe239dec73351d01485f2e77b83db62417f,6000,4000,1280,853,bbfa13133a6d81fbed5de5ce469b73f6a6a50387a3bb624d8833a2c9b778812b,2026-10-02,EXIF orientation applied; converted to RGB JPEG; long edge capped at 1280px; quality 88.,false,"Creative Commons Zero, Public Domain Dedication",
0051.jpg,Wikimedia Commons,"https://commons.wikimedia.org/wiki/File:Childrens%27_reading_room_at_Art_of_a_Child_Community_Library,_Lulagala_village,_Wakiso_district.jpg",CC BY-SA 4.0,https://creativecommons.org/licenses/by-sa/4.0,Catherine Amia,A colorful children's reading room with small chairs and tables.,"library, reading room, education, colorful, indoor, chairs, tables, quiet",architecture cities interiors,a colorful children's library reading room,"File:Childrens' reading room at Art of a Child Community Library, Lulagala village, Wakiso district.jpg",https://upload.wikimedia.org/wikipedia/commons/6/69/Childrens%27_reading_room_at_Art_of_a_Child_Community_Library%2C_Lulagala_village%2C_Wakiso_district.jpg?utm_source=commons.wikimedia.org&utm_campaign=imageinfo&utm_content=original,155617440,7d67ab64c12b07b4f22fb50d3615eafb8677d3e6,6000,3992,1280,852,f082e8da075a081f2a0af4f44ab23d56cd75bd547fab6e5e8f2ca22f92da8d55,2026-10-02,EXIF orientation applied; converted to RGB JPEG; long edge capped at 1280px; quality 88.,true,Creative Commons Attribution-Share Alike 4.0,
0052.jpg,Wikimedia Commons,https://commons.wikimedia.org/wiki/File:Professor_and_students_in_a_university_classroom_in_Tennessee.jpg,CC BY 4.0,https://creativecommons.org/licenses/by/4.0,Harrison Keely,Professor and students in a university classroom in Tennessee,"people everyday actions, students, classroom",people everyday actions,students classroom,File:Professor and students in a university classroom in Tennessee.jpg,https://upload.wikimedia.org/wikipedia/commons/c/c2/Professor_and_students_in_a_university_classroom_in_Tennessee.jpg?utm_source=commons.wikimedia.org&utm_campaign=imageinfo&utm_content=original,164182618,4092389e4f7e684a94e5be2e19103fdce1b0cec1,3994,2995,1280,960,a8b79b246b76fd8c9eb43ace60e6a3a2fe5a230e76206b6e97715b37d0ce0899,2026-10-02,EXIF orientation applied; converted to RGB JPEG; long edge capped at 1280px; quality 88.,true,Creative Commons Attribution 4.0,
0053.jpg,Wikimedia Commons,https://commons.wikimedia.org/wiki/File:A_public_high_school_teacher_in_a_classroom_in_the_United_States_08.jpg,CC BY 4.0,https://creativecommons.org/licenses/by/4.0,Harrison Keely,A public high school teacher surrounded by students in a classroom in the United States,"people everyday actions, teacher, classroom",people everyday actions,teacher classroom,File:A public high school teacher in a classroom in the United States 08.jpg,https://upload.wikimedia.org/wikipedia/commons/e/e6/A_public_high_school_teacher_in_a_classroom_in_the_United_States_08.jpg?utm_source=commons.wikimedia.org&utm_campaign=imageinfo&utm_content=original,190586226,a91b086b3906d097621880064f86afb2d5f0c9d2,3993,2995,1280,960,28ee9198a754a0563df63bc35942460e066a3fca924b52efbb9ddab26603fe2c,2026-10-02,EXIF orientation applied; converted to RGB JPEG; long edge capped at 1280px; quality 88.,true,Creative Commons Attribution 4.0,
0054.jpg,Wikimedia Commons,https://commons.wikimedia.org/wiki/File:Fresh_fruits_and_vegetables_on_a_table_near_a_laptop.jpg,CC BY 2.0,https://creativecommons.org/licenses/by/2.0,Shixart1985,A person is sitting at a table with a laptop and a variety of fruits and vegetables. The setting is a cafe with some drinks nearby.,"people everyday actions, person, laptop, cafe, technology, computer, work, indoor, food, cozy, eating, action",people everyday actions,person laptop cafe,File:Fresh fruits and vegetables on a table near a laptop.jpg,https://upload.wikimedia.org/wikipedia/commons/c/c1/Fresh_fruits_and_vegetables_on_a_table_near_a_laptop.jpg?utm_source=commons.wikimedia.org&utm_campaign=imageinfo&utm_content=original,194107417,413af281e9ab6cd8f41e92ac887397998d705123,6048,4032,1280,853,c540d340ea859803f0f0320d60728700372d7e3f0849e153b0c4e96ff0902e2e,2026-10-02,EXIF orientation applied; converted to RGB JPEG; long edge capped at 1280px; quality 88.,true,Creative Commons Attribution 2.0,
0055.jpg,Wikimedia Commons,https://commons.wikimedia.org/wiki/File:Person_working_on_a_machine_in_a_workshop_while_handling_tools_and_checking_measurements.jpg,CC BY 2.0,https://creativecommons.org/licenses/by/2.0,Shixart1985,"In a workshop, a person is engaged in tasks involving a machine. They are using tools and carefully checking measurements. The focus is on the work being done.","people everyday actions, person, working, workshop, action, work",people everyday actions,person working workshop,File:Person working on a machine in a workshop while handling tools and checking measurements.jpg,https://upload.wikimedia.org/wikipedia/commons/0/0c/Person_working_on_a_machine_in_a_workshop_while_handling_tools_and_checking_measurements.jpg?utm_source=commons.wikimedia.org&utm_campaign=imageinfo&utm_content=original,197077669,a813c0141e2d2aeb359c134d60320105c25fd177,6048,4032,1280,853,d4cf8308b2a0911efb9c41fcc1860b2ac2adc49d7358aaf62682e5d861c8089f,2026-10-02,EXIF orientation applied; converted to RGB JPEG; long edge capped at 1280px; quality 88.,true,Creative Commons Attribution 2.0,
0056.jpg,Wikimedia Commons,https://commons.wikimedia.org/wiki/File:Paris_-_Carpenter_workshop_-_4980.jpg,CC BY-SA 3.0,https://creativecommons.org/licenses/by-sa/3.0,Jorge Royan,"Carpenter workshop, Paris","people everyday actions, carpenter, workshop",people everyday actions,carpenter workshop,File:Paris - Carpenter workshop - 4980.jpg,https://upload.wikimedia.org/wikipedia/commons/0/03/Paris_-_Carpenter_workshop_-_4980.jpg?utm_source=commons.wikimedia.org&utm_campaign=imageinfo&utm_content=original,21375352,554d545d70bffd72f171897e12c8b98cffddd3a3,4368,2912,1280,853,34e93cbaa2259d7a64008533a55e0b074b3bc571fe44b17931e86b3bd4d12f9f,2026-10-02,EXIF orientation applied; converted to RGB JPEG; long edge capped at 1280px; quality 88.,true,Creative Commons Attribution-Share Alike 3.0,personality
0057.jpg,Wikimedia Commons,https://commons.wikimedia.org/wiki/File:Making_pottery_products_4.jpg,CC BY-SA 4.0,https://creativecommons.org/licenses/by-sa/4.0,Dolon Prova,Making pottery products,"people everyday actions, potter, making, pottery",people everyday actions,potter making pottery,File:Making pottery products 4.jpg,https://upload.wikimedia.org/wikipedia/commons/5/55/Making_pottery_products_4.jpg?utm_source=commons.wikimedia.org&utm_campaign=imageinfo&utm_content=original,92489014,1948c9d4e5acba5fac584077f8772ecbe5b4e6c6,5000,3333,1280,853,c1c0ceac6032038b2d5d304f88418d9e4c70bc67d7e675e38a43df66f25217ca,2026-10-02,EXIF orientation applied; converted to RGB JPEG; long edge capped at 1280px; quality 88.,true,Creative Commons Attribution-Share Alike 4.0,
0058.jpg,Wikimedia Commons,"https://commons.wikimedia.org/wiki/File:Salvatore_Postiglione_-_Raphael_in_his_Studio,_Painting_La_Madonna_di_Foligno.jpg",Public domain,,Salvatore Postiglione,"Salvatore Postiglione - Raphael in his Studio, Painting La Madonna di Foligno","people everyday actions, artist, painting, studio",people everyday actions,artist painting studio,"File:Salvatore Postiglione - Raphael in his Studio, Painting La Madonna di Foligno.jpg",https://upload.wikimedia.org/wikipedia/commons/2/2c/Salvatore_Postiglione_-_Raphael_in_his_Studio%2C_Painting_La_Madonna_di_Foligno.jpg?utm_source=commons.wikimedia.org&utm_campaign=imageinfo&utm_content=original,162653909,3d5594de12c5ae5ac1aecd141021e71983ddae82,1994,1228,1280,788,7b32731168b7406dcc9d88c62f8f39f574220babe91cc2fd1e9789376e063dfd,2026-10-02,EXIF orientation applied; converted to RGB JPEG; long edge capped at 1280px; quality 88.,false,Public domain,
0059.jpg,Wikimedia Commons,https://commons.wikimedia.org/wiki/File:Singer_street_music_in_Olinda.jpg,CC0,http://creativecommons.org/publicdomain/zero/1.0/deed.en,Wilfredor,Singer street music in Olinda,"people everyday actions, musician, guitar, street, urban, outdoors",people everyday actions,musician guitar street,File:Singer street music in Olinda.jpg,https://upload.wikimedia.org/wikipedia/commons/2/21/Singer_street_music_in_Olinda.jpg?utm_source=commons.wikimedia.org&utm_campaign=imageinfo&utm_content=original,37581283,aac4e70c366fac2e33c35b5a925a7106554ae528,4288,2848,1280,850,bd5f6dc1a3dcb893965ca6e754a2661f44daf2998dcf6999e35f5fccb38f1f94,2026-10-02,EXIF orientation applied; converted to RGB JPEG; long edge capped at 1280px; quality 88.,false,"Creative Commons Zero, Public Domain Dedication",
0060.jpg,Wikimedia Commons,"https://commons.wikimedia.org/wiki/File:Metropolitan_Opera_House,_a_concert_by_pianist_Josef_Hofmann_-_NARA_541890_-_Edit.jpg",Public domain,,Unknown or not provided Retouched by Mmxx,A large audience fills a historic indoor concert hall.,"concert, audience, crowd, people, indoor, music, historic, architecture",people everyday actions,a crowded historic concert hall,"File:Metropolitan Opera House, a concert by pianist Josef Hofmann - NARA 541890 - Edit.jpg",https://upload.wikimedia.org/wikipedia/commons/e/e5/Metropolitan_Opera_House%2C_a_concert_by_pianist_Josef_Hofmann_-_NARA_541890_-_Edit.jpg?utm_source=commons.wikimedia.org&utm_campaign=imageinfo&utm_content=original,18384974,2fd0ad59a74106db5854424d983e7b30ac22c994,2886,1750,1280,776,1e5e55a93051d11365c32aa4c24729b7d491b8ef8ac0afcf6f08360d732f3c79,2026-10-02,EXIF orientation applied; converted to RGB JPEG; long edge capped at 1280px; quality 88.,false,Public domain,
0061.jpg,Wikimedia Commons,https://commons.wikimedia.org/wiki/File:Violinist_performing_with_The_Grand_Stars_Orchestra.jpg,CC BY 4.0,https://creativecommons.org/licenses/by/4.0,@innervision.stage,Violinist performing with The Grand Stars Orchestra,"people everyday actions, violinist, orchestra",people everyday actions,violinist orchestra,File:Violinist performing with The Grand Stars Orchestra.jpg,https://upload.wikimedia.org/wikipedia/commons/e/ef/Violinist_performing_with_The_Grand_Stars_Orchestra.jpg?utm_source=commons.wikimedia.org&utm_campaign=imageinfo&utm_content=original,198865401,d5c485f4275dfb47c6aff1007013ea032556fd85,8332,5555,1280,853,91b26fb87adae53bbe174a19d7a370e4a798ef589c8f75903afb1f9d7cd0388e,2026-10-02,EXIF orientation applied; converted to RGB JPEG; long edge capped at 1280px; quality 88.,true,Creative Commons Attribution 4.0,
0062.jpg,Wikimedia Commons,https://commons.wikimedia.org/wiki/File:783_3_(%2B_3)_dancers_performing_on_stage_V-P.jpg,CC BY-SA 4.0,https://creativecommons.org/licenses/by-sa/4.0,Virtual-Pano,3 dancers during a performance- the large LED display is used to generate a theatrical flat plus visualizing three additional dancers,"people everyday actions, dancer, stage",people everyday actions,dancer stage,File:783 3 (+ 3) dancers performing on stage V-P.jpg,https://upload.wikimedia.org/wikipedia/commons/b/b5/783_3_%28%2B_3%29_dancers_performing_on_stage_V-P.jpg?utm_source=commons.wikimedia.org&utm_campaign=imageinfo&utm_content=original,135568995,2e23d6329ef6ca5255779f7929d829a40c041511,6280,4187,1280,853,56da358f7b096c955037d3c86a3929d3abd3f318e15feaf462badfa56a33898e,2026-10-02,EXIF orientation applied; converted to RGB JPEG; long edge capped at 1280px; quality 88.,true,Creative Commons Attribution-Share Alike 4.0,
0063.jpg,Wikimedia Commons,https://commons.wikimedia.org/wiki/File:People_Cooking_in_the_Kitchen_11.jpg,CC BY-SA 4.0,https://creativecommons.org/licenses/by-sa/4.0,Iwuala Lucy,"This is an image with the theme "" Home + Habitat in Africa "" from:","people everyday actions, people, cooking, kitchen, person, group, action, food, indoor, home",people everyday actions,people cooking kitchen,File:People Cooking in the Kitchen 11.jpg,https://upload.wikimedia.org/wikipedia/commons/a/ad/People_Cooking_in_the_Kitchen_11.jpg?utm_source=commons.wikimedia.org&utm_campaign=imageinfo&utm_content=original,117411668,607543238b9de4ff08b4cd69c75d21fec5ac5d9b,4160,3120,1280,960,1d5431f48b6c9bb984a2271f31d806283370cda2bc915d0d5e4a261a8720a92b,2026-10-02,EXIF orientation applied; converted to RGB JPEG; long edge capped at 1280px; quality 88.,true,Creative Commons Attribution-Share Alike 4.0,
0064.jpg,Wikimedia Commons,https://commons.wikimedia.org/wiki/File:Cooking_pots_on_fire_at_a_family_gathering.jpg,CC BY-SA 4.0,https://creativecommons.org/licenses/by-sa/4.0,Olgatladi2020,Large cooking pots sit over an outdoor fire at a family gathering.,"cooking, outdoor, food, fire, pots, gathering, rustic, family",people everyday actions,outdoor cooking pots over a fire,File:Cooking pots on fire at a family gathering.jpg,https://upload.wikimedia.org/wikipedia/commons/4/47/Cooking_pots_on_fire_at_a_family_gathering.jpg?utm_source=commons.wikimedia.org&utm_campaign=imageinfo&utm_content=original,164432147,d2babd692bb97381b111034511b221737f00969d,2560,1536,1280,768,1b6b5f49c5557e754f37b8e12fcb65b228efe02b19e707240c848e45c0790fa5,2026-10-02,EXIF orientation applied; converted to RGB JPEG; long edge capped at 1280px; quality 88.,true,Creative Commons Attribution-Share Alike 4.0,
0065.jpg,Wikimedia Commons,https://commons.wikimedia.org/wiki/File:Paddy_Field_Farmer_A.JPG,CC BY-SA 3.0,https://creativecommons.org/licenses/by-sa/3.0,ESCapade,"Farmer's harvest time in paddy field, Indonesia","people everyday actions, farmer, field, harvest, red",people everyday actions,farmer field harvest,File:Paddy Field Farmer A.JPG,https://upload.wikimedia.org/wikipedia/commons/1/1e/Paddy_Field_Farmer_A.JPG?utm_source=commons.wikimedia.org&utm_campaign=imageinfo&utm_content=original,5015233,317a8685409d3051cd9950d2a31e2b6428beed8d,531,800,531,800,cdbe238e6db320c08536e40f53df22bde25d94d10515bd9027e362ebde4a141f,2026-10-02,EXIF orientation applied; converted to RGB JPEG; long edge capped at 1280px; quality 88.,true,Creative Commons Attribution-Share Alike 3.0,
0066.jpg,Wikimedia Commons,"https://commons.wikimedia.org/wiki/File:Harvesting_at_Mount_Barton,_Devon,_England,_1942_D10334.jpg",Public domain,,"Ministry of Information Photo Division Photographer, Wildman Shaw?","Harvesting at Mount Barton, Devon, England, 1942 Land Girls Joan Day, her sister Ivy, and Iris Andrews help a farmer to transfer stooks of harvested oats into a truck in the sunshine on Hollow Moor, Devon.","people everyday actions, farmers, harvest",people everyday actions,farmers harvest,"File:Harvesting at Mount Barton, Devon, England, 1942 D10334.jpg",https://upload.wikimedia.org/wikipedia/commons/e/e8/Harvesting_at_Mount_Barton%2C_Devon%2C_England%2C_1942_D10334.jpg?utm_source=commons.wikimedia.org&utm_campaign=imageinfo&utm_content=original,24358833,cfcb28f05bb2fa29f5a363b2c3927a269bb0c440,1823,1772,1280,1244,e27903cf6b9df959eea4a57dca837ce266a66a1f50c106846aa473589ab1ca10,2026-10-02,EXIF orientation applied; converted to RGB JPEG; long edge capped at 1280px; quality 88.,false,Public domain,
0067.jpg,Wikimedia Commons,https://commons.wikimedia.org/wiki/File:Gardener_watering_his_plants_MET_DP875319.jpg,CC0,http://creativecommons.org/publicdomain/zero/1.0/deed.en,Félix Leblanc,"Print, album; Albums","people everyday actions, gardener, watering, plants, water, outdoors",people everyday actions,gardener watering plants,File:Gardener watering his plants MET DP875319.jpg,https://upload.wikimedia.org/wikipedia/commons/9/91/Gardener_watering_his_plants_MET_DP875319.jpg?utm_source=commons.wikimedia.org&utm_campaign=imageinfo&utm_content=original,65746927,a251c710cb81bcf93b835f7917cc450263736513,1310,1584,1058,1280,51f3f25aa1fb63f43bfa5d3e9c4d84f64eed4ca6bbeafdd3945fa436e0c9032c,2026-10-02,EXIF orientation applied; converted to RGB JPEG; long edge capped at 1280px; quality 88.,false,"Creative Commons Zero, Public Domain Dedication",
0068.jpg,Wikimedia Commons,"https://commons.wikimedia.org/wiki/File:Aromas_Florist,_Singapore.jpg",CC BY-SA 4.0,https://creativecommons.org/licenses/by-sa/4.0,Stefano Vigorelli,A bright neighborhood florist storefront filled with flowers.,"florist, storefront, flowers, colorful, urban, shop, outdoors, everyday place",people everyday actions,a colorful florist storefront,"File:Aromas Florist, Singapore.jpg",https://upload.wikimedia.org/wikipedia/commons/1/10/Aromas_Florist%2C_Singapore.jpg?utm_source=commons.wikimedia.org&utm_campaign=imageinfo&utm_content=original,129948212,d710ec80f5d096135d3adf5e39512a168de0d8d8,1944,2592,960,1280,fe5143b4ddc250b121648bb25f50ebfa4ee9113b97d3ccc618c8b7eb50a1bd5e,2026-10-02,EXIF orientation applied; converted to RGB JPEG; long edge capped at 1280px; quality 88.,true,Creative Commons Attribution-Share Alike 4.0,
0069.jpg,Wikimedia Commons,"https://commons.wikimedia.org/wiki/File:Kiss_at_a_picnic_in_the_park,_San_Francisco.jpg",CC BY-SA 2.0,https://creativecommons.org/licenses/by-sa/2.0,Dustin Jensen,"Kiss at a picnic in the park, San Francisco Posted on www.sfwiggle.com","people everyday actions, people, picnic, park, person, group",people everyday actions,people picnic park,"File:Kiss at a picnic in the park, San Francisco.jpg",https://upload.wikimedia.org/wikipedia/commons/a/a4/Kiss_at_a_picnic_in_the_park%2C_San_Francisco.jpg?utm_source=commons.wikimedia.org&utm_campaign=imageinfo&utm_content=original,99651060,7d096ae2dc8dbf85b6e28d3b61b8dff736f7096d,3008,2000,1280,851,fdfb9bcaf5df4109b115d2117dfb6d2f82bc675ff287b04bea5aea8db6181f7f,2026-10-02,EXIF orientation applied; converted to RGB JPEG; long edge capped at 1280px; quality 88.,true,Creative Commons Attribution-Share Alike 2.0,
0070.jpg,Wikimedia Commons,https://commons.wikimedia.org/wiki/File:Family_on_Leven_Beach_-_geograph.org.uk_-_7133865.jpg,CC BY-SA 2.0,https://creativecommons.org/licenses/by-sa/2.0,Oliver Dixon,Family on Leven Beach,"people everyday actions, family, beach, people, group, social, outdoors, water, coast, vacation",people everyday actions,family beach,File:Family on Leven Beach - geograph.org.uk - 7133865.jpg,https://upload.wikimedia.org/wikipedia/commons/5/52/Family_on_Leven_Beach_-_geograph.org.uk_-_7133865.jpg?utm_source=commons.wikimedia.org&utm_campaign=imageinfo&utm_content=original,156989627,14c4e20a8fb7f1bb7aa056a8cfdd611a36863163,1024,768,1024,768,d229e3946d4e522c5b6bf034b513535a0520b3765b585c0f5e783fa1d09d5afa,2026-10-02,EXIF orientation applied; converted to RGB JPEG; long edge capped at 1280px; quality 88.,true,Creative Commons Attribution-Share Alike 2.0,
0071.jpg,Wikimedia Commons,"https://commons.wikimedia.org/wiki/File:People_Hiking_On_A_Desert_Trail_In_Scottsdale,_Arizona.jpg",CC BY-SA 4.0,https://creativecommons.org/licenses/by-sa/4.0,Ray Redstone,Group of hikers on a pretty desert trail in Arizona with big sky and mountains in background,"people everyday actions, people, hiking, mountains, person, group, outdoors, nature, landscape, sky",people everyday actions,people hiking mountains,"File:People Hiking On A Desert Trail In Scottsdale, Arizona.jpg",https://upload.wikimedia.org/wikipedia/commons/7/7e/People_Hiking_On_A_Desert_Trail_In_Scottsdale%2C_Arizona.jpg?utm_source=commons.wikimedia.org&utm_campaign=imageinfo&utm_content=original,103363392,2a7d2d260b54f86196b634e3b7df69156464de26,2000,1288,1280,824,a5ca008191640501a04619c5a3f5a635bc5706ec3f9ad953ba7d09bd6ecbdab1,2026-10-02,EXIF orientation applied; converted to RGB JPEG; long edge capped at 1280px; quality 88.,true,Creative Commons Attribution-Share Alike 4.0,
0072.jpg,Wikimedia Commons,https://commons.wikimedia.org/wiki/File:Sunrise_in_Mount_Sindoro.jpg,CC BY-SA 4.0,https://creativecommons.org/licenses/by-sa/4.0,Iwan Troides,A hiker enjoying sunrise in Mount Sindoro with Mount Sumbing in the backgroud,"people everyday actions, hiker, mountain, sunrise, outdoors, nature, landscape, morning, sky, peaceful",people everyday actions,hiker mountain sunrise,File:Sunrise in Mount Sindoro.jpg,https://upload.wikimedia.org/wikipedia/commons/1/1a/Sunrise_in_Mount_Sindoro.jpg?utm_source=commons.wikimedia.org&utm_campaign=imageinfo&utm_content=original,161178004,6a3b66fbc3c917b76244bdc5ceb96be5caf0253f,3968,2976,1280,960,ffab66dcc0f044dcaa148064e923199c989c08bfe04259c1fd7462842a66ca0c,2026-10-02,EXIF orientation applied; converted to RGB JPEG; long edge capped at 1280px; quality 88.,true,Creative Commons Attribution-Share Alike 4.0,
0073.jpg,Wikimedia Commons,https://commons.wikimedia.org/wiki/File:Leg_Rowing_Fisherman_Inle_Lake_Myanmar.jpg,CC BY-SA 4.0,https://creativecommons.org/licenses/by-sa/4.0,Benh LIEU SONG ( Flickr ),"Leg rowing fisherman, seen through his cone basket, on Inle Lake.","people everyday actions, person, fishing, lake, outdoors, water, peaceful, yellow, sunset, evening, sky, warm, dramatic",people everyday actions,person fishing lake,File:Leg Rowing Fisherman Inle Lake Myanmar.jpg,https://upload.wikimedia.org/wikipedia/commons/d/df/Leg_Rowing_Fisherman_Inle_Lake_Myanmar.jpg?utm_source=commons.wikimedia.org&utm_campaign=imageinfo&utm_content=original,82633682,68e2b97b7985acd0d07c1a1b4e00e16a76dce83b,5295,3530,1280,853,5a74330fc349a12e5addb1123b1cf36c16afa0891257071861af1c46d8777705,2026-10-02,EXIF orientation applied; converted to RGB JPEG; long edge capped at 1280px; quality 88.,true,Creative Commons Attribution-Share Alike 4.0,personality
0074.jpg,Wikimedia Commons,https://commons.wikimedia.org/wiki/File:Child_Moving_Instrument_in_Playground.jpg,CC BY-SA 4.0,https://creativecommons.org/licenses/by-sa/4.0,Afshin10,Child moving instrument in a playground,"people everyday actions, child, playground",people everyday actions,child playground,File:Child Moving Instrument in Playground.jpg,https://upload.wikimedia.org/wikipedia/commons/8/81/Child_Moving_Instrument_in_Playground.jpg?utm_source=commons.wikimedia.org&utm_campaign=imageinfo&utm_content=original,95269703,917a94172a94804948edb5c719689369972358c7,3024,4032,960,1280,8d28c87e467b81610c07cabba724ad03a53ad6b1a9391db8b986a9d8e319b737,2026-10-02,EXIF orientation applied; converted to RGB JPEG; long edge capped at 1280px; quality 88.,true,Creative Commons Attribution-Share Alike 4.0,
0075.jpg,Wikimedia Commons,"https://commons.wikimedia.org/wiki/File:Kids_playing_with_big_colored_soap_bubbles_in_Park_G%C3%BCell,_Barcelona.jpg",CC BY-SA 4.0,https://creativecommons.org/licenses/by-sa/4.0,Srishti Sethi,"Kids playing with big colored soap bubbles in Park Güell, Barcelona","people everyday actions, children, bubbles, park, child, playing, action, playful",people everyday actions,children bubbles park,"File:Kids playing with big colored soap bubbles in Park Güell, Barcelona.jpg",https://upload.wikimedia.org/wikipedia/commons/5/55/Kids_playing_with_big_colored_soap_bubbles_in_Park_G%C3%BCell%2C_Barcelona.jpg?utm_source=commons.wikimedia.org&utm_campaign=imageinfo&utm_content=original,75366854,8d17a98c3abb4967e7ed2009c2678bea1fa35071,1720,1290,1280,960,bd07e23d93150abb169e261417f2bdd7117a1e6b6c83b81c0b03ea0ab3a39658,2026-10-02,EXIF orientation applied; converted to RGB JPEG; long edge capped at 1280px; quality 88.,true,Creative Commons Attribution-Share Alike 4.0,
0076.jpg,Wikimedia Commons,"https://commons.wikimedia.org/wiki/File:Eight_women_and_one_child(%3F)_performing_Greek_dance_outdoors,_Washington,_D.C._area_LCCN90708906.jpg",Public domain,,National Photo Company Collection,"Title: Eight women and one child(?) performing Greek dance outdoors, Washington, D.C. area Abstract/medium: 1 photographic print.","people everyday actions, people, dancing, outdoors, person, group, outdoor, child",people everyday actions,people dancing outdoors,"File:Eight women and one child(?) performing Greek dance outdoors, Washington, D.C. area LCCN90708906.jpg",https://upload.wikimedia.org/wikipedia/commons/c/cc/Eight_women_and_one_child%28%3F%29_performing_Greek_dance_outdoors%2C_Washington%2C_D.C._area_LCCN90708906.jpg?utm_source=commons.wikimedia.org&utm_campaign=imageinfo&utm_content=original,67749101,cf0fe0e34418cc2cbe0f07bfe35a9911a5dbed3e,1536,1168,1280,973,6d949045d33916380ae3cb8f635d1cecda395bcd1596b5dad72b2ac277c91bda,2026-10-02,EXIF orientation applied; converted to RGB JPEG; long edge capped at 1280px; quality 88.,false,Public domain,
0077.jpg,Wikimedia Commons,"https://commons.wikimedia.org/wiki/File:Chamber_Concert_Audience,_Cheltenham,_Gloucestershire-geograph-4559749-by-Anthony-ONeil.jpg",CC BY-SA 2.0,https://creativecommons.org/licenses/by-sa/2.0,Anthony O'Neil,Chamber Concert Audience. BBC3 Radio recording of a Cheltenham Festival event.,"people everyday actions, audience, concert",people everyday actions,audience concert,"File:Chamber Concert Audience, Cheltenham, Gloucestershire-geograph-4559749-by-Anthony-ONeil.jpg",https://upload.wikimedia.org/wikipedia/commons/6/6f/Chamber_Concert_Audience%2C_Cheltenham%2C_Gloucestershire-geograph-4559749-by-Anthony-ONeil.jpg?utm_source=commons.wikimedia.org&utm_campaign=imageinfo&utm_content=original,58039384,ad6b17accbadae70933dd5004989c0841adf3ff3,4958,3563,1280,920,595de749eae84806573fe07a6b0bee72302671817e3a3b06a19ddac53cdadc42,2026-10-02,EXIF orientation applied; converted to RGB JPEG; long edge capped at 1280px; quality 88.,true,Creative Commons Attribution-Share Alike 2.0,
0078.jpg,Wikimedia Commons,https://commons.wikimedia.org/wiki/File:Colorful_Balloon_Vendor.jpg,CC BY 4.0,https://creativecommons.org/licenses/by/4.0,Bim24,"A colorful balloon vendor is a common sight during festivals like Sinulog in Cebu. These vendors usually sell vibrant balloons in various shapes, sizes, and colors, adding to the lively atmosphere of the event. The balloons often feature bright hues of…","people everyday actions, crowd, colorful, festival, people, group, crowded, multicolored, bright",people everyday actions,crowd colorful festival,File:Colorful Balloon Vendor.jpg,https://upload.wikimedia.org/wikipedia/commons/6/6a/Colorful_Balloon_Vendor.jpg?utm_source=commons.wikimedia.org&utm_campaign=imageinfo&utm_content=original,158380626,a4800ca696cd39f16c57a34ce03874f5217e79ee,1280,577,1280,577,77dc3e95321235fd3a4d7cdcb600d0eb46d83dc567b5fc5d24c4ef7dc1f5e1ed,2026-10-02,EXIF orientation applied; converted to RGB JPEG; long edge capped at 1280px; quality 88.,true,Creative Commons Attribution 4.0,
0079.jpg,Wikimedia Commons,https://commons.wikimedia.org/wiki/File:Eid_shopping_at_market_04.jpg,CC BY-SA 4.0,https://creativecommons.org/licenses/by-sa/4.0,Wasiul Bahar,Eid shopping at market,"people everyday actions, people, market, shopping, person, group, busy",people everyday actions,people market shopping,File:Eid shopping at market 04.jpg,https://upload.wikimedia.org/wikipedia/commons/d/dd/Eid_shopping_at_market_04.jpg?utm_source=commons.wikimedia.org&utm_campaign=imageinfo&utm_content=original,146964456,de1a7f553b3d35fb533ad2a05345e874b5be4a1f,4000,6000,853,1280,504b633a948ae9d8a55928859bdf8b2060c343535cfa85c9caf44b6ef631b561,2026-10-02,EXIF orientation applied; converted to RGB JPEG; long edge capped at 1280px; quality 88.,true,Creative Commons Attribution-Share Alike 4.0,
0080.jpg,Wikimedia Commons,https://commons.wikimedia.org/wiki/File:Street_vendor_in_Delhi_cooking_chicken_curry.jpg,CC BY 2.0,https://creativecommons.org/licenses/by/2.0,fabulousfabs,"Delhi, India","people everyday actions, street, vendor, cooking, urban, outdoors, action, food",people everyday actions,street vendor cooking,File:Street vendor in Delhi cooking chicken curry.jpg,https://upload.wikimedia.org/wikipedia/commons/5/54/Street_vendor_in_Delhi_cooking_chicken_curry.jpg?utm_source=commons.wikimedia.org&utm_campaign=imageinfo&utm_content=original,40833031,9467bf23a54d3f5334174a4a7008b1fabc7cca85,2736,3648,960,1280,c9f14e22a5c2fea2fcc17262b947475ee279fea669106e1c51e8a4378b6e6fdc,2026-10-02,EXIF orientation applied; converted to RGB JPEG; long edge capped at 1280px; quality 88.,true,Creative Commons Attribution 2.0,
0081.jpg,Wikimedia Commons,https://commons.wikimedia.org/wiki/File:Barista_prepares_coffee_at_a_busy_cafe_in_the_morning_with_customers_waiting_for_their_orders.jpg,CC BY 2.0,https://creativecommons.org/licenses/by/2.0,Shixart1985,A barista works on making coffee at a cafe during the morning rush. Customers are waiting for their drinks and enjoying the busy atmosphere.,"people everyday actions, barista, making, coffee",people everyday actions,barista making coffee,File:Barista prepares coffee at a busy cafe in the morning with customers waiting for their orders.jpg,https://upload.wikimedia.org/wikipedia/commons/6/63/Barista_prepares_coffee_at_a_busy_cafe_in_the_morning_with_customers_waiting_for_their_orders.jpg?utm_source=commons.wikimedia.org&utm_campaign=imageinfo&utm_content=original,189498701,356641cee90ab615dd1776e03960cbbdf6e7d6e5,6048,4032,1280,853,8a4d419bb83fc19fa895615a9a5bb7b188fd5400e4e306a33f75e5d22bc47263,2026-10-02,EXIF orientation applied; converted to RGB JPEG; long edge capped at 1280px; quality 88.,true,Creative Commons Attribution 2.0,
0082.jpg,Wikimedia Commons,https://commons.wikimedia.org/wiki/File:People_eating_at_table_in_restaurant.png,CC BY-SA 3.0,https://creativecommons.org/licenses/by-sa/3.0,Kimberlyjocely,People eating at table in restaurant,"people everyday actions, people, restaurant, eating, person, group, action, food",people everyday actions,people restaurant eating,File:People eating at table in restaurant.png,https://upload.wikimedia.org/wikipedia/commons/9/93/People_eating_at_table_in_restaurant.png?utm_source=commons.wikimedia.org&utm_campaign=imageinfo&utm_content=original,27920653,37088a787974bfa4658e0803d1c3e9f045b154c1,1023,1247,1023,1247,f49526c940641bf57ce61a1b3ec6b95a9d8494838d1abdd1bb178881c0170f5e,2026-10-02,EXIF orientation applied; converted to RGB JPEG; long edge capped at 1280px; quality 88.,true,Creative Commons Attribution-Share Alike 3.0,
0083.jpg,Wikimedia Commons,https://commons.wikimedia.org/wiki/File:Schaftreppe_Pirna_2018_Blick_nach_oben.jpg,CC0,http://creativecommons.org/publicdomain/zero/1.0/deed.en,"Bambizoe from Dresden, Germany This image was originally posted to Flickr by Bambizoe at https://flickr.com/photos/30533963@N02/30688888058 ( archive ). It was reviewed on 5 November 2019 by FlickreviewR 2 and was confirmed to be licensed under the terms of the cc-zero. 5 November 2019",Stone outdoor stairs climb through leafy greenery.,"stairs, architecture, outdoors, plants, green, path, quiet, urban",architecture cities interiors,outdoor stone stairs through greenery,File:Schaftreppe Pirna 2018 Blick nach oben.jpg,https://upload.wikimedia.org/wikipedia/commons/0/0f/Schaftreppe_Pirna_2018_Blick_nach_oben.jpg?utm_source=commons.wikimedia.org&utm_campaign=imageinfo&utm_content=original,83693608,1bec3177764e904b27c54fb5390da16f0b5799c4,2736,3648,960,1280,d97fafbf5ca614336de12bfc0ea1b63565d1fb6cfd6e9b263743cd4b75d6406c,2026-10-02,EXIF orientation applied; converted to RGB JPEG; long edge capped at 1280px; quality 88.,false,"Creative Commons Zero, Public Domain Dedication",
0084.jpg,Wikimedia Commons,https://commons.wikimedia.org/wiki/File:Trains_leaving_H%C5%AFrka_station_2.jpg,CC0,http://creativecommons.org/publicdomain/zero/1.0/deed.en,AVDLCZ,"Two trains flank a bright, nearly empty modern metro platform.","train, metro, station, platform, transportation, indoor, architecture, symmetry",transportation travel,two trains at a modern metro platform,File:Trains leaving Hůrka station 2.jpg,https://upload.wikimedia.org/wikipedia/commons/b/b9/Trains_leaving_H%C5%AFrka_station_2.jpg?utm_source=commons.wikimedia.org&utm_campaign=imageinfo&utm_content=original,163778817,e9aad4cbc4f9f75ce537f7cdcfd092a410c465a3,7000,4667,1280,853,d4ebc90e151045d608dbc16305bb26a95833b6dfec571ac0af2a074a708cc894,2026-10-02,EXIF orientation applied; converted to RGB JPEG; long edge capped at 1280px; quality 88.,false,"Creative Commons Zero, Public Domain Dedication",
0085.jpg,Wikimedia Commons,https://commons.wikimedia.org/wiki/File:DZ6_0630_Storm_clouds_gather_over_a_seaside_city_as_people_relax_under_a_rooftop_terrace_watching_boats_dot_the_harbor_below.jpg,CC BY-SA 4.0,https://creativecommons.org/licenses/by-sa/4.0,PattayaPatrol,A wide coastal city view seen from a sheltered elevated viewpoint.,"city, coast, viewpoint, architecture, sky, outdoors, travel, landscape",people everyday actions,a coastal city seen from a high viewpoint,File:DZ6 0630 Storm clouds gather over a seaside city as people relax under a rooftop terrace watching boats dot the harbor below.jpg,https://upload.wikimedia.org/wikipedia/commons/8/83/DZ6_0630_Storm_clouds_gather_over_a_seaside_city_as_people_relax_under_a_rooftop_terrace_watching_boats_dot_the_harbor_below.jpg?utm_source=commons.wikimedia.org&utm_campaign=imageinfo&utm_content=original,194380305,cf060d96238f483d4a200af5ce784bc9288ab32b,6048,4024,1280,852,99e833184aedeb6a2ec0c43b17f430f05ed5e88981e22c60ca3a49e915ff80a4,2026-10-02,EXIF orientation applied; converted to RGB JPEG; long edge capped at 1280px; quality 88.,true,Creative Commons Attribution-Share Alike 4.0,
0086.jpg,Wikimedia Commons,"https://commons.wikimedia.org/wiki/File:Winter,_snow,_skis,_kid,_old_person,_walking_cane,_glasses_Fortepan_62469.jpg",CC BY-SA 3.0,https://creativecommons.org/licenses/by-sa/3.0,FOTO:Fortepan — ID 62469 : Adományozó/Donor: A R. archive copy at the Wayback Machine,"Tags: winter, snow, skis, kid, old person, walking cane, glasses","people everyday actions, person, walking, snow, outdoors, cold, winter, weather",people everyday actions,person walking snow,"File:Winter, snow, skis, kid, old person, walking cane, glasses Fortepan 62469.jpg",https://upload.wikimedia.org/wikipedia/commons/b/bd/Winter%2C_snow%2C_skis%2C_kid%2C_old_person%2C_walking_cane%2C_glasses_Fortepan_62469.jpg?utm_source=commons.wikimedia.org&utm_campaign=imageinfo&utm_content=original,50674399,a2a3ead1c1feb8ba908b0c93729002c47c2245fa,6537,4763,1280,933,e1bde1d26b2c0cb542946d67a57bc274fff44d2bed8513d1b4281820cc85b1e1,2026-10-02,EXIF orientation applied; converted to RGB JPEG; long edge capped at 1280px; quality 88.,true,Creative Commons Attribution-Share Alike 3.0,
0087.jpg,Wikimedia Commons,https://commons.wikimedia.org/wiki/File:Yoga_at_Sunset.jpg,CC BY 2.0,https://creativecommons.org/licenses/by/2.0,"Dennis Yang from San Francisco, CA, USA","Yoga at Sunset at Agonda beach, Goa","people everyday actions, person, yoga, beach, outdoors, water, coast, vacation, sunset, evening, sky, warm, dramatic, outdoor",people everyday actions,person yoga beach,File:Yoga at Sunset.jpg,https://upload.wikimedia.org/wikipedia/commons/a/a8/Yoga_at_Sunset.jpg?utm_source=commons.wikimedia.org&utm_campaign=imageinfo&utm_content=original,37803943,839dac9c022dd8c658eadc6369afd437c130096d,3456,2304,1280,853,11c21307437f038e2fffd26e938ae7779e5e5a3408ad955f600551be2349d3b7,2026-10-02,EXIF orientation applied; converted to RGB JPEG; long edge capped at 1280px; quality 88.,true,Creative Commons Attribution 2.0,personality
0088.jpg,Wikimedia Commons,https://commons.wikimedia.org/wiki/File:Le_Monast%C3%A8re_Gunji_%C3%A9rig%C3%A9_par_un_prince_mongol_en_m%C3%A9moire_de_sa_fille_au_XVIII%C2%B0_si%C3%A8cle_(4).JPG,CC BY-SA 4.0,https://creativecommons.org/licenses/by-sa/4.0,Pierre André Leclercq,Stone steps lead to a historic monastery in a mountain park.,"monastery, temple, architecture, stone steps, mountain, outdoors, peaceful, travel",architecture cities interiors,a peaceful mountain monastery,File:Le Monastère Gunji érigé par un prince mongol en mémoire de sa fille au XVIII° siècle (4).JPG,https://upload.wikimedia.org/wikipedia/commons/4/48/Le_Monast%C3%A8re_Gunji_%C3%A9rig%C3%A9_par_un_prince_mongol_en_m%C3%A9moire_de_sa_fille_au_XVIII%C2%B0_si%C3%A8cle_%284%29.JPG?utm_source=commons.wikimedia.org&utm_campaign=imageinfo&utm_content=original,36810752,b09d27ed29b8a79519d70fed92057862cc21a2ea,2802,3486,1029,1280,c01c65d6a885f214275afa119a33ed1312e7fb4c1abe34606448249259bc4f78,2026-10-02,EXIF orientation applied; converted to RGB JPEG; long edge capped at 1280px; quality 88.,true,Creative Commons Attribution-Share Alike 4.0,
0089.jpg,Wikimedia Commons,https://commons.wikimedia.org/wiki/File:Nurse_caring_for_elderly_patient_LCCN2003665237.jpg,Public domain,,"Miscellaneous Items in High Demand, PPOC, Library of Congress",Title: Nurse caring for elderly patient Abstract/medium: 1 photographic print on stereo card : stereograph.,"people everyday actions, nurse, caring, patient",people everyday actions,nurse caring patient,File:Nurse caring for elderly patient LCCN2003665237.jpg,https://upload.wikimedia.org/wikipedia/commons/2/2b/Nurse_caring_for_elderly_patient_LCCN2003665237.jpg?utm_source=commons.wikimedia.org&utm_campaign=imageinfo&utm_content=original,67397236,0894b38f66dfca544fa38317c35f73a37ae12d84,1232,1536,1027,1280,aa28fddc1f60fe803e6512b59a46a7da6b9b5bdee2a91955fe23e7eebdcfe38b,2026-10-02,EXIF orientation applied; converted to RGB JPEG; long edge capped at 1280px; quality 88.,false,Public domain,
0090.jpg,Wikimedia Commons,https://commons.wikimedia.org/wiki/File:R%C3%A1cv%C3%A1rosi_-_tab%C3%A1ni_Szent_Katalin_pl%C3%A9b%C3%A1niatemplom_az_Attila_%C3%BAt_r%C3%A9szlet%C3%A9vel.jpg,Public domain,,Unknown author Unknown author,A historic town square and church street with a few pedestrians.,"historic street, church, town square, architecture, people, outdoors, city",architecture cities interiors,a historic town street with a church,File:Rácvárosi - tabáni Szent Katalin plébániatemplom az Attila út részletével.jpg,https://upload.wikimedia.org/wikipedia/commons/1/1d/R%C3%A1cv%C3%A1rosi_-_tab%C3%A1ni_Szent_Katalin_pl%C3%A9b%C3%A1niatemplom_az_Attila_%C3%BAt_r%C3%A9szlet%C3%A9vel.jpg?utm_source=commons.wikimedia.org&utm_campaign=imageinfo&utm_content=original,113123549,18f0179eea0cff3dedd5fd2dd27d0d761bf31d54,3248,2034,1280,802,4ead05715181c890a72f445bf9a9b7ce8f1872fabc1528aba7f0a0909575ab1e,2026-10-02,EXIF orientation applied; converted to RGB JPEG; long edge capped at 1280px; quality 88.,false,Public domain,
0091.jpg,Wikimedia Commons,https://commons.wikimedia.org/wiki/File:Barbara_McClintock_(1902-1992)_shown_in_her_laboratory_in_1947.jpg,Public domain,,Smithsonian Institution /Science Service; Restored by Adam Cuerden,"Barbara McClintock (1902-1992), Department of Genetics, Carnegie Institution at Cold Spring Harbor, New York, shown in her laboratory. This photograph was distributed when McClintock received the American Association of University Women Achievement Award…","people everyday actions, scientist, laboratory, red, white, black",people everyday actions,scientist laboratory,File:Barbara McClintock (1902-1992) shown in her laboratory in 1947.jpg,https://upload.wikimedia.org/wikipedia/commons/1/14/Barbara_McClintock_%281902-1992%29_shown_in_her_laboratory_in_1947.jpg?utm_source=commons.wikimedia.org&utm_campaign=imageinfo&utm_content=original,25629182,b57de0bf33e917e5ff4d6aa9694f36924e900c28,1833,1500,1280,1047,9da04ebeb48e3f739ee4a59e06b3fec054eb3f9f7c44c7aaaf124ee377d5d769,2026-10-02,EXIF orientation applied; converted to RGB JPEG; long edge capped at 1280px; quality 88.,false,Public domain,
0092.jpg,Wikimedia Commons,https://commons.wikimedia.org/wiki/File:Walmart_volunteers_planting_trees_-_DPLA_-_072cbd0ae599f5a9edb4433beb047c76.jpg,Public domain,,Department of the Interior. U.S. Fish and Wildlife Service. National Conservation Training Center. 10/1997-8888,"Note: Some of the following information may have arrived from the agency cut off or incomplete. Creator: Hillebrand, Steve. Description: Several Walmart employee volunteers planting trees in the Missouri River floodplain's to re-establish original natural…","people everyday actions, volunteers, planting, trees",people everyday actions,volunteers planting trees,File:Walmart volunteers planting trees - DPLA - 072cbd0ae599f5a9edb4433beb047c76.jpg,https://upload.wikimedia.org/wikipedia/commons/d/d0/Walmart_volunteers_planting_trees_-_DPLA_-_072cbd0ae599f5a9edb4433beb047c76.jpg?utm_source=commons.wikimedia.org&utm_campaign=imageinfo&utm_content=original,193800661,d59c39745c1ff0fcb470df8f9847ce4cd6062916,3263,2175,1280,853,cee710e8588b6dc3a34fe4dd86302d6e37fc4845188bc801ebbedbee2e4b99f4,2026-10-02,EXIF orientation applied; converted to RGB JPEG; long edge capped at 1280px; quality 88.,false,Public domain,
0093.jpg,Wikimedia Commons,https://commons.wikimedia.org/wiki/File:Cleaning_beach.jpg,CC BY-SA 4.0,https://creativecommons.org/licenses/by-sa/4.0,Geofrey Mwangalika,"This is an image of ""African people at work"" from","people everyday actions, people, cleaning, beach, person, group, outdoors, water, coast, vacation",people everyday actions,people cleaning beach,File:Cleaning beach.jpg,https://upload.wikimedia.org/wikipedia/commons/0/0c/Cleaning_beach.jpg?utm_source=commons.wikimedia.org&utm_campaign=imageinfo&utm_content=original,64102400,2fb8f4a57f5b97a58d71d1433345c467f9ec3134,5616,2847,1280,649,f86dea9bd2b3d9f26c5cb19be2a37d09a027c219f543e6f00e90be0fb55509d4,2026-10-02,EXIF orientation applied; converted to RGB JPEG; long edge capped at 1280px; quality 88.,true,Creative Commons Attribution-Share Alike 4.0,
0094.jpg,Wikimedia Commons,https://commons.wikimedia.org/wiki/File:%E5%93%A1%E6%BD%AD%E6%BA%AA%E8%A6%AA%E5%AD%90%E6%88%B2%E6%B0%B4%E5%85%AC%E5%9C%92_Yuantan_River_Parent-Child_Water_Park_-_panoramio.jpg,CC BY 3.0,https://creativecommons.org/licenses/by/3.0,lienyuan lee,A lush green riverside water park with calm pools and paths.,"park, river, water, green, outdoors, peaceful, plants, recreation",landscapes weather nature,a peaceful green riverside park,File:員潭溪親子戲水公園 Yuantan River Parent-Child Water Park - panoramio.jpg,https://upload.wikimedia.org/wikipedia/commons/4/49/%E5%93%A1%E6%BD%AD%E6%BA%AA%E8%A6%AA%E5%AD%90%E6%88%B2%E6%B0%B4%E5%85%AC%E5%9C%92_Yuantan_River_Parent-Child_Water_Park_-_panoramio.jpg?utm_source=commons.wikimedia.org&utm_campaign=imageinfo&utm_content=original,56441889,5922f36daf15cebebb17ae6870f45e6f8348fa87,5950,3966,1280,853,e7f408896da329f13352b7a796e62acd30a7bb14b3aa8dc2912c55261a4e0570,2026-10-02,EXIF orientation applied; converted to RGB JPEG; long edge capped at 1280px; quality 88.,true,Creative Commons Attribution 3.0,
0095.jpg,Wikimedia Commons,https://commons.wikimedia.org/wiki/File:Grandparent_enjoys_coffee_while_watching_child_play_with_toy_car_during_sunset_at_the_park.jpg,CC BY 2.0,https://creativecommons.org/licenses/by/2.0,Shixart1985,"A grandparent sits on a pavement holding a cup of coffee, observing a young child driving a small toy car. The warm glow of sunset creates a cozy atmosphere.","people everyday actions, grandparents, grandchildren, park, sunset, outdoors, evening, sky, warm, dramatic, child",people everyday actions,grandparents grandchildren park,File:Grandparent enjoys coffee while watching child play with toy car during sunset at the park.jpg,https://upload.wikimedia.org/wikipedia/commons/6/63/Grandparent_enjoys_coffee_while_watching_child_play_with_toy_car_during_sunset_at_the_park.jpg?utm_source=commons.wikimedia.org&utm_campaign=imageinfo&utm_content=original,196345498,4465f4b024bb6d3e4b01dfe4bcc0deb732ae2d22,6016,4016,1280,854,b08fb944556cc82253627d7b2aedc186b89ddbfc9c85dca983d3d59c5fea054b,2026-10-02,EXIF orientation applied; converted to RGB JPEG; long edge capped at 1280px; quality 88.,true,Creative Commons Attribution 2.0,
0096.jpg,Wikimedia Commons,https://commons.wikimedia.org/wiki/File:Wheelchair_user_and_carer_Moora_Park_Shorncliffe_IMGP0851.jpg,CC BY-SA 4.0,https://creativecommons.org/licenses/by-sa/4.0,John Robert McPherson,"A wheelchair is a chair with wheels, used when walking is difficult or impossible due to illness, injury, problems related to old age, or disability. It may be propelled manually or via an electric motor.","people everyday actions, wheelchair, user, park, man",people everyday actions,wheelchair user park,File:Wheelchair user and carer Moora Park Shorncliffe IMGP0851.jpg,https://upload.wikimedia.org/wikipedia/commons/1/11/Wheelchair_user_and_carer_Moora_Park_Shorncliffe_IMGP0851.jpg?utm_source=commons.wikimedia.org&utm_campaign=imageinfo&utm_content=original,115758388,15e444df318968450b2d53a10c2c23d4635b4039,4288,2848,1280,850,a8f3a3e3f910529feae9f03f852dffacf7d1e439761b54d9ece11cd96498ae9c,2026-10-02,EXIF orientation applied; converted to RGB JPEG; long edge capped at 1280px; quality 88.,true,Creative Commons Attribution-Share Alike 4.0,
0097.jpg,Wikimedia Commons,https://commons.wikimedia.org/wiki/File:Draft_board_game_match.jpg,CC0,http://creativecommons.org/publicdomain/zero/1.0/deed.en,Samson Ssemakadde,Two people play a board game outdoors while a crowd gathers around to watch.,"people, board game, crowd, playing, outdoors, social, focused, group",people everyday actions,people playing a board game outdoors,File:Draft board game match.jpg,https://upload.wikimedia.org/wikipedia/commons/c/cb/Draft_board_game_match.jpg?utm_source=commons.wikimedia.org&utm_campaign=imageinfo&utm_content=original,175550170,f38d37f5c75e47b456b9085f0eb9666da2743dd1,4928,3264,1280,848,fcb360a02ce4a96944eb1a094246200cdc3f4fb0e89cfb6332d759ce9011edd5,2026-10-02,EXIF orientation applied; converted to RGB JPEG; long edge capped at 1280px; quality 88.,false,"Creative Commons Zero, Public Domain Dedication",
0098.jpg,Wikimedia Commons,https://commons.wikimedia.org/wiki/File:Glenelg_Beach_Showing_Children_Building_a_Sandcastle(GN13128).jpg,CC0,http://creativecommons.org/publicdomain/zero/1.0/deed.en,State Government Photographer,A historic black-and-white view of children and adults at a beach beside a busy pier.,"children, beach, pier, ocean, playing, people, historic, black and white",people everyday actions,children playing at a beach near a pier,File:Glenelg Beach Showing Children Building a Sandcastle(GN13128).jpg,https://upload.wikimedia.org/wikipedia/commons/1/1b/Glenelg_Beach_Showing_Children_Building_a_Sandcastle%28GN13128%29.jpg?utm_source=commons.wikimedia.org&utm_campaign=imageinfo&utm_content=original,86624360,8b96638dccad7bf4e658ddce4dd2b9db8b2080fc,3264,2448,1280,960,bf1a532fe631bbe8bab8ea0df47489e690e0cddd6ac6298ba4a164eea9cc38ab,2026-10-02,EXIF orientation applied; converted to RGB JPEG; long edge capped at 1280px; quality 88.,false,"Creative Commons Zero, Public Domain Dedication",
0099.jpg,Wikimedia Commons,"https://commons.wikimedia.org/wiki/File:Micromobility_in_winter._A_bicycle_of_a_person_shopping_at_a_small_grocery_store._Tomasz%C3%B3w_Mazowiecki,_Poland.jpg",Public domain,,WrS.tm.pl,A person stands outside a small neighborhood shop with a bicycle parked nearby.,"person, bicycle, shop, city street, outdoors, everyday life, building, urban",people everyday actions,a person outside a small shop with a bicycle,"File:Micromobility in winter. A bicycle of a person shopping at a small grocery store. Tomaszów Mazowiecki, Poland.jpg",https://upload.wikimedia.org/wikipedia/commons/1/10/Micromobility_in_winter._A_bicycle_of_a_person_shopping_at_a_small_grocery_store._Tomasz%C3%B3w_Mazowiecki%2C_Poland.jpg?utm_source=commons.wikimedia.org&utm_campaign=imageinfo&utm_content=original,114234679,334a6da0e0d9a35cd22c8cd472317ca54d2318fb,1801,899,1280,639,bfc5538d52d433f26af5bed6eb7c9ef51b6934d62edefc2b6b4797622f35e21e,2026-10-02,EXIF orientation applied; converted to RGB JPEG; long edge capped at 1280px; quality 88.,false,Public domain,
0100.jpg,Wikimedia Commons,https://commons.wikimedia.org/wiki/File:Blitz_Club_Munich_Waiting_Line.jpg,CC BY-SA 2.0,https://creativecommons.org/licenses/by-sa/2.0,Uscatu.net,People waiting in line in front of Munich's techno nightclub Blitz in 2018.,"people everyday actions, people, waiting, queue, person, group, night, dark, evening",people everyday actions,people waiting queue,File:Blitz Club Munich Waiting Line.jpg,https://upload.wikimedia.org/wikipedia/commons/9/94/Blitz_Club_Munich_Waiting_Line.jpg?utm_source=commons.wikimedia.org&utm_campaign=imageinfo&utm_content=original,82820077,eda7bdbe212983ffdb40e91654eca375b29bb0b9,5344,3008,1280,720,3ebe14b2c089b7dfe00586946b0f68ac8420c407e7100ed869a4de53632b3370,2026-10-02,EXIF orientation applied; converted to RGB JPEG; long edge capped at 1280px; quality 88.,true,Creative Commons Attribution-Share Alike 2.0,
0101.jpg,Wikimedia Commons,https://commons.wikimedia.org/wiki/File:Crowded_Sihui_East_station.jpg,CC BY-SA 4.0,https://creativecommons.org/licenses/by-sa/4.0,BIT0865,​2020年11月27日，配合1号线、八通线贯通改造，四惠站停运，四惠东站人满为患。,"people everyday actions, crowded, subway, platform, people, group, busy, crowd",people everyday actions,crowded subway platform,File:Crowded Sihui East station.jpg,https://upload.wikimedia.org/wikipedia/commons/4/4d/Crowded_Sihui_East_station.jpg?utm_source=commons.wikimedia.org&utm_campaign=imageinfo&utm_content=original,97353232,97ad07c87db49693f7a3f8c9afa32a2c0b30fede,4000,3000,1280,960,cd5883516ee4b7ccec1835f67e295d4b6ba9f5539803b1e45cca06b49f3ccfac,2026-10-02,EXIF orientation applied; converted to RGB JPEG; long edge capped at 1280px; quality 88.,true,Creative Commons Attribution-Share Alike 4.0,
0102.jpg,Wikimedia Commons,https://commons.wikimedia.org/wiki/File:Alone_(243146869).jpeg,CC BY 3.0,https://creativecommons.org/licenses/by/3.0,Timur Venkov,"500px provided description: Moscow, Russia [#russia ,#winter ,#moscow ,#street ,#cold ,#blue ,#night ,#light ,#woman ,#snow ,#alone ,#lonely ,#one ,#one person ,#busstop]","people everyday actions, person, lonely, bus, stop, blue, snow, outdoors, cold, winter, weather, night, dark, evening, woman",people everyday actions,person lonely bus stop,File:Alone (243146869).jpeg,https://upload.wikimedia.org/wikipedia/commons/4/41/Alone_%28243146869%29.jpeg?utm_source=commons.wikimedia.org&utm_campaign=imageinfo&utm_content=original,71359196,ad63440119322a4850d77a50e95294299b15e867,2048,1503,1280,939,ebcabe7e0b11d022632ce26a82833e7f27e6ec6c14ee7058c222dab31e106d2f,2026-10-02,EXIF orientation applied; converted to RGB JPEG; long edge capped at 1280px; quality 88.,true,Creative Commons Attribution 3.0,
0103.jpg,Wikimedia Commons,https://commons.wikimedia.org/wiki/File:A_couple_silhouette_at_Ras_jebel_beach_during_a_golden_sunset.jpg,CC BY-SA 4.0,https://creativecommons.org/licenses/by-sa/4.0,Marwenwafi,A couple silhouette at Ras jebel beach during a golden sunset,"people everyday actions, couple, sunset, silhouette, outdoors, evening, sky, warm, dramatic",people everyday actions,couple sunset silhouette,File:A couple silhouette at Ras jebel beach during a golden sunset.jpg,https://upload.wikimedia.org/wikipedia/commons/2/2e/A_couple_silhouette_at_Ras_jebel_beach_during_a_golden_sunset.jpg?utm_source=commons.wikimedia.org&utm_campaign=imageinfo&utm_content=original,149836339,bad6e0047c0951ed0a55f691d6a504d5688b533a,3648,2736,1280,960,62fe6b297b295d8caa3502b77c807174ac1e53ce2bfe553377719473d2933196,2026-10-02,EXIF orientation applied; converted to RGB JPEG; long edge capped at 1280px; quality 88.,true,Creative Commons Attribution-Share Alike 4.0,
0104.jpg,Wikimedia Commons,https://commons.wikimedia.org/wiki/File:Child_enjoys_a_colorful_lollipop_while_sitting_with_friends.jpg,CC BY 2.0,https://creativecommons.org/licenses/by/2.0,Shixart1985,Close-up of a child holding a brightly colored swirl lollipop outdoors.,"child, lollipop, candy, colorful, closeup, outdoors, food, playful",people everyday actions,a child with a colorful swirl lollipop,File:Child enjoys a colorful lollipop while sitting with friends.jpg,https://upload.wikimedia.org/wikipedia/commons/5/5f/Child_enjoys_a_colorful_lollipop_while_sitting_with_friends.jpg?utm_source=commons.wikimedia.org&utm_campaign=imageinfo&utm_content=original,197077373,04976e70b25b95dcb5d3e345154703d07920f753,5378,3578,1280,852,dd3a4ae18be1207437c744da2218eac19510eb317568584c80df82a0a727e404,2026-10-02,EXIF orientation applied; converted to RGB JPEG; long edge capped at 1280px; quality 88.,true,Creative Commons Attribution 2.0,
0105.jpg,Wikimedia Commons,https://commons.wikimedia.org/wiki/File:DFC_1272_A_person_in_a_pink_jacket_squats_on_the_curb_looking_at_their_phone_beside_parked_vehicles_and_a_motorcycle_on_a_city_street.jpg,CC BY-SA 4.0,https://creativecommons.org/licenses/by-sa/4.0,PattayaPatrol,"The photo shows a street scene in what appears to be an urban area. There's a person in a pink jacket crouched down on the sidewalk next to what looks like a car or vehicle. The person seems to be looking at something in their hands, possibly a mobile…","people everyday actions, person, phone, city, technology, communication, urban, outdoors, architecture, pink",people everyday actions,person phone city,File:DFC 1272 A person in a pink jacket squats on the curb looking at their phone beside parked vehicles and a motorcycle on a city street.jpg,https://upload.wikimedia.org/wikipedia/commons/e/ef/DFC_1272_A_person_in_a_pink_jacket_squats_on_the_curb_looking_at_their_phone_beside_parked_vehicles_and_a_motorcycle_on_a_city_street.jpg?utm_source=commons.wikimedia.org&utm_campaign=imageinfo&utm_content=original,194283005,b5fa735b791fff54e12deb490cb78149c91d439d,5568,3712,1280,853,1e2e44d1b658cd3eaccdf7fc9fb00ef17a84c87170cd713eaa331e09de275ec2,2026-10-02,EXIF orientation applied; converted to RGB JPEG; long edge capped at 1280px; quality 88.,true,Creative Commons Attribution-Share Alike 4.0,
0106.jpg,Wikimedia Commons,https://commons.wikimedia.org/wiki/File:Monuments_of_Arewa_House_Museum.jpg,CC BY-SA 4.0,https://creativecommons.org/licenses/by-sa/4.0,Zmu'az4Z,Bracelets and decorative objects arranged in a museum exhibit.,"bracelets, jewelry, museum, exhibit, objects, indoor, history, display",technology everyday objects,bracelets in a museum display,File:Monuments of Arewa House Museum.jpg,https://upload.wikimedia.org/wikipedia/commons/0/06/Monuments_of_Arewa_House_Museum.jpg?utm_source=commons.wikimedia.org&utm_campaign=imageinfo&utm_content=original,138179519,56ac691948c202d91ab6662a2447b2c432eb2c66,6000,4000,1280,853,64856bcc67b2e12c141b5946ca2748fe54a1a2650b90ac03b5ee35654cd72ecf,2026-10-02,EXIF orientation applied; converted to RGB JPEG; long edge capped at 1280px; quality 88.,true,Creative Commons Attribution-Share Alike 4.0,
0107.jpg,Wikimedia Commons,https://commons.wikimedia.org/wiki/File:Workers_on_suspended_scaffold_in_Korolyov.jpg,CC BY-SA 3.0,https://creativecommons.org/licenses/by-sa/3.0,Dmitry Ivanov .,"Korolyov, Moscow Oblast . The construction of a multistory apartment building in Pionerskaya Street. Workers on a suspended scaffold (a swing stage) mount fasteners for a rainscreen . A photo from the user collection Machinery .","people everyday actions, construction, workers, building, red, rain, outdoors, wet, weather",people everyday actions,construction workers building,File:Workers on suspended scaffold in Korolyov.jpg,https://upload.wikimedia.org/wikipedia/commons/5/54/Workers_on_suspended_scaffold_in_Korolyov.jpg?utm_source=commons.wikimedia.org&utm_campaign=imageinfo&utm_content=original,40209928,06ea37fd0c5e3b3d6749b3398b01a8b4fe21f4ee,2752,2708,1280,1260,fda573fd4244ffaa2836098eda5319bcf738cf2b29e5a408fea2e549e6a0d5de,2026-10-02,EXIF orientation applied; converted to RGB JPEG; long edge capped at 1280px; quality 88.,true,Creative Commons Attribution-Share Alike 3.0,
0108.jpg,Wikimedia Commons,https://commons.wikimedia.org/wiki/File:Kappabashi-dori_streetcorner_(Kitchen_town_-_southern_end)_a_sunny_morning_in_Tokyo_Japan.jpg,CC BY-SA 4.0,https://creativecommons.org/licenses/by-sa/4.0,Basile Morin,A sunny urban intersection lined with distinctive commercial buildings.,"city, street, architecture, urban, sunny, outdoors, intersection, travel",architecture cities interiors,a sunny urban street intersection,File:Kappabashi-dori streetcorner (Kitchen town - southern end) a sunny morning in Tokyo Japan.jpg,https://upload.wikimedia.org/wikipedia/commons/9/98/Kappabashi-dori_streetcorner_%28Kitchen_town_-_southern_end%29_a_sunny_morning_in_Tokyo_Japan.jpg?utm_source=commons.wikimedia.org&utm_campaign=imageinfo&utm_content=original,94879612,26e86cd51ff5e87735a0f1d1eaa4bd17a823893d,4488,3572,1280,1019,baa8d82a2e7bc315f2bf912a21c9129304f85187f063c3e33b7546d819197090,2026-10-02,EXIF orientation applied; converted to RGB JPEG; long edge capped at 1280px; quality 88.,true,Creative Commons Attribution-Share Alike 4.0,
0109.jpg,Wikimedia Commons,https://commons.wikimedia.org/wiki/File:Prodbyfuff_eating_ice_cream.png,CC0,http://creativecommons.org/publicdomain/zero/1.0/deed.en,Motherfuffer,mother fuffer eating ice cream,"people everyday actions, people, eating, ice, cream, person, group, action, food",people everyday actions,people eating ice cream,File:Prodbyfuff eating ice cream.png,https://upload.wikimedia.org/wikipedia/commons/3/33/Prodbyfuff_eating_ice_cream.png?utm_source=commons.wikimedia.org&utm_campaign=imageinfo&utm_content=original,145613739,7acb7bdae847894e33510ac937ec150495a8a6f4,3000,3000,1280,1280,3503e310422ad01945208cfa1bd95460ae607e8f3559ff6b86564e13f1b006c6,2026-10-02,EXIF orientation applied; converted to RGB JPEG; long edge capped at 1280px; quality 88.,false,"Creative Commons Zero, Public Domain Dedication",
0110.jpg,Wikimedia Commons,https://commons.wikimedia.org/wiki/File:Female_student_writing_and_studying_at_dorm_room_desk.jpg,CC BY 2.0,https://creativecommons.org/licenses/by/2.0,English106,studying in dorm room,"people everyday actions, student, writing, desk, indoor",people everyday actions,student writing desk,File:Female student writing and studying at dorm room desk.jpg,https://upload.wikimedia.org/wikipedia/commons/5/5b/Female_student_writing_and_studying_at_dorm_room_desk.jpg?utm_source=commons.wikimedia.org&utm_campaign=imageinfo&utm_content=original,112877210,83cde3678c45a46b7b6d10d83e79208f1ae9fd0a,3648,2736,1280,960,a8a78d3a00cf8a95626852badce5ff8005ff983878d1824b01b23145f7533dbc,2026-10-02,EXIF orientation applied; converted to RGB JPEG; long edge capped at 1280px; quality 88.,true,Creative Commons Attribution 2.0,
0111.jpg,Wikimedia Commons,"https://commons.wikimedia.org/wiki/File:Madonna_and_Child_%E2%80%93_painting_by_Francesco_Granacci,_Metropolitan_Museum_of_Art,_New_York_City,_20231006_130822.jpg",CC BY 4.0,https://creativecommons.org/licenses/by/4.0,Jakub Hałun,A historic painting of a parent holding a young child.,"painting, art, parent, child, people, historic, indoor, family",people everyday actions,a historic painting of a parent and child,"File:Madonna and Child – painting by Francesco Granacci, Metropolitan Museum of Art, New York City, 20231006 130822.jpg",https://upload.wikimedia.org/wikipedia/commons/2/21/Madonna_and_Child_%E2%80%93_painting_by_Francesco_Granacci%2C_Metropolitan_Museum_of_Art%2C_New_York_City%2C_20231006_130822.jpg?utm_source=commons.wikimedia.org&utm_campaign=imageinfo&utm_content=original,143323308,d752ce0e1edea9421068d9c8a63659ba7a5d6415,2560,2920,1122,1280,ba82eb7382a9ceb966c1926fff0f749c87323f96531029a151e4dc7631e48979,2026-10-02,EXIF orientation applied; converted to RGB JPEG; long edge capped at 1280px; quality 88.,true,Creative Commons Attribution 4.0,
0112.jpg,Wikimedia Commons,https://commons.wikimedia.org/wiki/File:Communal_Gardening.jpg,CC BY 2.0,https://creativecommons.org/licenses/by/2.0,d-olwen-dee,"Gardening across generations. This is an image of a small group of people, planting plants in a plant bed. There is also a kid in the midst and it appears as though one of the adults is the helping the kid.","people everyday actions, people, gardening, community, person, group",people everyday actions,people gardening community,File:Communal Gardening.jpg,https://upload.wikimedia.org/wikipedia/commons/b/b8/Communal_Gardening.jpg?utm_source=commons.wikimedia.org&utm_campaign=imageinfo&utm_content=original,112714259,c83793dd9683e4679b621fae5ef4754021bd7f97,5616,3744,1280,853,f1239d3c2a4f9e2d20154885cacc82d2636368b5978665f5d9796b3d5bb85fa3,2026-10-02,EXIF orientation applied; converted to RGB JPEG; long edge capped at 1280px; quality 88.,true,Creative Commons Attribution 2.0,
0113.jpg,Wikimedia Commons,https://commons.wikimedia.org/wiki/File:Soccer_match.jpg,CC BY-SA 4.0,https://creativecommons.org/licenses/by-sa/4.0,AngusConnaltyPhotos,Soccer match,"sports active recreation, soccer, match, players",sports active recreation,soccer match players,File:Soccer match.jpg,https://upload.wikimedia.org/wikipedia/commons/d/d1/Soccer_match.jpg?utm_source=commons.wikimedia.org&utm_campaign=imageinfo&utm_content=original,136654211,473a12f44c91e551e5fb240f2587c8a6a0636b56,2937,2259,1280,985,5db48892778da43a56f47335b141faa578d1cdf1370c57869365384b58ee707e,2026-10-02,EXIF orientation applied; converted to RGB JPEG; long edge capped at 1280px; quality 88.,true,Creative Commons Attribution-Share Alike 4.0,
0114.jpg,Wikimedia Commons,https://commons.wikimedia.org/wiki/File:2024-25_Boston_University_basketball_players_before_a_game.jpg,CC BY-SA 4.0,https://creativecommons.org/licenses/by-sa/4.0,Kenneth C. Zirkel,"2024-25 Boston University basketball players before a game against the Holy Cross Crusaders (February 8, 2025)","sports active recreation, basketball, game, players",sports active recreation,basketball game players,File:2024-25 Boston University basketball players before a game.jpg,https://upload.wikimedia.org/wikipedia/commons/b/b6/2024-25_Boston_University_basketball_players_before_a_game.jpg?utm_source=commons.wikimedia.org&utm_campaign=imageinfo&utm_content=original,159457326,283d241bf91bf512bf9c38b30e080fcf39ce01d2,3600,2112,1280,751,fb44fb7df600e9787e023939ee18995362d0786c8946563edec518c8a79f96b5,2026-10-02,EXIF orientation applied; converted to RGB JPEG; long edge capped at 1280px; quality 88.,true,Creative Commons Attribution-Share Alike 4.0,
0115.jpg,Wikimedia Commons,https://commons.wikimedia.org/wiki/File:2017_European_Beach_Volleyball_Championships.jpg,CC BY-SA 4.0,https://creativecommons.org/licenses/by-sa/4.0,Raul Cortez999,2017 European Beach Volleyball Championships,"sports active recreation, volleyball, beach, players, outdoors, water, coast, vacation",sports active recreation,volleyball beach players,File:2017 European Beach Volleyball Championships.jpg,https://upload.wikimedia.org/wikipedia/commons/8/82/2017_European_Beach_Volleyball_Championships.jpg?utm_source=commons.wikimedia.org&utm_campaign=imageinfo&utm_content=original,71207813,09b29c14d82d7b15b0f2d437cd73b004338bfef8,920,513,920,513,d5c0a9288f4140ee75ab80588f8c27092bfb0b4715f9b990fc626884d1ef02b4,2026-10-02,EXIF orientation applied; converted to RGB JPEG; long edge capped at 1280px; quality 88.,true,Creative Commons Attribution-Share Alike 4.0,
0116.jpg,Wikimedia Commons,https://commons.wikimedia.org/wiki/File:281000_-_Wheelchair_rugby_Patrick_Ryan_action_-_3b_-_2000_Sydney_match_photo.jpg,CC BY-SA 3.0,https://creativecommons.org/licenses/by-sa/3.0,Sport the library,"Action shot of Australian wheelchair rugby ""Steelers"" player Patrick Ryan during 2000 Sydney Paralympic Games match","sports active recreation, rugby, match, action",sports active recreation,rugby match action,File:281000 - Wheelchair rugby Patrick Ryan action - 3b - 2000 Sydney match photo.jpg,https://upload.wikimedia.org/wikipedia/commons/f/fd/281000_-_Wheelchair_rugby_Patrick_Ryan_action_-_3b_-_2000_Sydney_match_photo.jpg?utm_source=commons.wikimedia.org&utm_campaign=imageinfo&utm_content=original,22886077,f797299cf696d841abca85feefa7710263e675f3,1420,2160,841,1280,d8ff75c0c4f3977eee2ab848da7dc386a8621e1ecb2c53d9b966a1ebabaa1498,2026-10-02,EXIF orientation applied; converted to RGB JPEG; long edge capped at 1280px; quality 88.,true,Creative Commons Attribution-Share Alike 3.0,
0117.jpg,Wikimedia Commons,https://commons.wikimedia.org/wiki/File:Table_hockey_playing.JPG,Public domain,,User:Boivie,Two people compete at tabletop hockey during an indoor tournament.,"table hockey, tabletop game, people, playing, indoor, competition, sport, action",sports active recreation,people playing tabletop hockey,File:Table hockey playing.JPG,https://upload.wikimedia.org/wikipedia/commons/3/3f/Table_hockey_playing.JPG?utm_source=commons.wikimedia.org&utm_campaign=imageinfo&utm_content=original,338556,71462f194c23168e2f482ae1af42e4c419b73417,1280,1024,1280,1024,e5fca41ef2191e5d2b2eb3f7479e4bb65fd6f60fdc64853aad1eeb36bae34fbb,2026-10-02,EXIF orientation applied; converted to RGB JPEG; long edge capped at 1280px; quality 88.,false,Public domain,
0118.jpg,Wikimedia Commons,https://commons.wikimedia.org/wiki/File:Cricket_match_and_Marina_Bay_Sands_Hotel_in_Singapore.jpg,CC BY-SA 4.0,https://creativecommons.org/licenses/by-sa/4.0,Basile Morin,"Cricket match with players from the cricket club in Padang park with the Marina Bays Sands Hotel in the background, view from the stairs of the Singapore National Gallery","sports active recreation, cricket, match, players",sports active recreation,cricket match players,File:Cricket match and Marina Bay Sands Hotel in Singapore.jpg,https://upload.wikimedia.org/wikipedia/commons/7/7e/Cricket_match_and_Marina_Bay_Sands_Hotel_in_Singapore.jpg?utm_source=commons.wikimedia.org&utm_campaign=imageinfo&utm_content=original,70966826,7673d1a325e524bd84ebf05616d20e59710e533a,5703,3802,1280,853,af4892e07f65d97824bde8ae40868456c184f5da90e5609e6c99bce9cbb6d0a3,2026-10-02,EXIF orientation applied; converted to RGB JPEG; long edge capped at 1280px; quality 88.,true,Creative Commons Attribution-Share Alike 4.0,
0119.jpg,Wikimedia Commons,https://commons.wikimedia.org/wiki/File:Runners_in_the_Hyde_7_mile_road_race_-_geograph.org.uk_-_4541242.jpg,CC BY-SA 2.0,https://creativecommons.org/licenses/by-sa/2.0,Gerald England,Runners in the Hyde 7 mile road race,"sports active recreation, runners, road, race",sports active recreation,runners road race,File:Runners in the Hyde 7 mile road race - geograph.org.uk - 4541242.jpg,https://upload.wikimedia.org/wikipedia/commons/5/5b/Runners_in_the_Hyde_7_mile_road_race_-_geograph.org.uk_-_4541242.jpg?utm_source=commons.wikimedia.org&utm_campaign=imageinfo&utm_content=original,129784420,96a24b5127db85b60ed1c2adc8b24a06687784aa,1000,750,1000,750,c6436dac58a107aad74f86600ba31ae32a276964378f77f8b47612fc64c7d52a,2026-10-02,EXIF orientation applied; converted to RGB JPEG; long edge capped at 1280px; quality 88.,true,Creative Commons Attribution-Share Alike 2.0,
0120.jpg,Wikimedia Commons,https://commons.wikimedia.org/wiki/File:Group_of_runners_at_the_Vienna_City_Marathon_2026-02.jpg,CC BY-SA 4.0,https://creativecommons.org/licenses/by-sa/4.0,René Pudschedl,Group of runners at the Vienna City Marathon 2026-02,"sports active recreation, marathon, city, runners, urban, outdoors, architecture, group",sports active recreation,marathon city runners,File:Group of runners at the Vienna City Marathon 2026-02.jpg,https://upload.wikimedia.org/wikipedia/commons/b/bd/Group_of_runners_at_the_Vienna_City_Marathon_2026-02.jpg?utm_source=commons.wikimedia.org&utm_campaign=imageinfo&utm_content=original,189882849,b31d046b64441570f04a00413cc4fedd164f3e94,6117,4078,1280,853,45f691b4cce9c2e9cc00fece661ad18e8ea6492eae5b0b7fe981003f8e72d0c0,2026-10-02,EXIF orientation applied; converted to RGB JPEG; long edge capped at 1280px; quality 88.,true,Creative Commons Attribution-Share Alike 4.0,
0121.jpg,Wikimedia Commons,https://commons.wikimedia.org/wiki/File:Runner-1-.jpg,Public domain,,Robeter at English Wikipedia,A ultramarathoner running the 32 Mile Wyoming Ultramarathon in the Bighorn Mountains,"sports active recreation, trail, runner, mountain, person, sport, action, motion, outdoors, nature, landscape, running, fast",sports active recreation,trail runner mountain,File:Runner-1-.jpg,https://upload.wikimedia.org/wikipedia/commons/0/01/Runner-1-.jpg?utm_source=commons.wikimedia.org&utm_campaign=imageinfo&utm_content=original,5046646,0908c2005f97e3f570ca157065d2a916fac10a31,1605,1049,1280,837,c56aa0acd55ca82ef01a953b8897264e082316354229f3bcd7dcfb95165f2307,2026-10-02,EXIF orientation applied; converted to RGB JPEG; long edge capped at 1280px; quality 88.,false,Public domain,personality
0122.jpg,Wikimedia Commons,https://commons.wikimedia.org/wiki/File:Beach_Runner_(5276528994).jpg,CC BY-SA 2.0,https://creativecommons.org/licenses/by-sa/2.0,Abaconda Management Group from New Zealand,"Early morning. Papamoa, New Zealand","sports active recreation, runner, beach, person, sport, action, motion, outdoors, water, coast, vacation, group, man",sports active recreation,runner beach,File:Beach Runner (5276528994).jpg,https://upload.wikimedia.org/wikipedia/commons/d/d1/Beach_Runner_%285276528994%29.jpg?utm_source=commons.wikimedia.org&utm_campaign=imageinfo&utm_content=original,24675755,e921e6092de01182344a0011bcb95f0cf12e91b1,1000,750,1000,750,260828d06637858e48678336ed244b9686f80e42fa731238f489036839a10cd1,2026-10-02,EXIF orientation applied; converted to RGB JPEG; long edge capped at 1280px; quality 88.,true,Creative Commons Attribution-Share Alike 2.0,
0123.jpg,Wikimedia Commons,"https://commons.wikimedia.org/wiki/File:Mountain_biker,_Dalby_Forest_-_geograph.org.uk_-_7992301.jpg",CC BY-SA 2.0,https://creativecommons.org/licenses/by-sa/2.0,JThomas,"Mountain biker, Dalby Forest","sports active recreation, mountain, biker, forest, outdoors, nature, landscape, green",sports active recreation,mountain biker forest,"File:Mountain biker, Dalby Forest - geograph.org.uk - 7992301.jpg",https://upload.wikimedia.org/wikipedia/commons/4/48/Mountain_biker%2C_Dalby_Forest_-_geograph.org.uk_-_7992301.jpg?utm_source=commons.wikimedia.org&utm_campaign=imageinfo&utm_content=original,171290397,f6ba999cc486d786f254d1fe6cf49687a18f04bc,1024,757,1024,757,aee4ca12db01d965892f63a49e5906e35bc983317623dac717d15c6b370748a3,2026-10-02,EXIF orientation applied; converted to RGB JPEG; long edge capped at 1280px; quality 88.,true,Creative Commons Attribution-Share Alike 2.0,
0124.jpg,Wikimedia Commons,https://commons.wikimedia.org/wiki/File:Skateboarding_in_Oaxaca_City_2019_001.jpg,CC BY-SA 4.0,https://creativecommons.org/licenses/by-sa/4.0,Alexhaulman,Skateboarding in Oaxaca City,"sports active recreation, skateboard, city, urban, outdoors, architecture",sports active recreation,skateboard city,File:Skateboarding in Oaxaca City 2019 001.jpg,https://upload.wikimedia.org/wikipedia/commons/8/8d/Skateboarding_in_Oaxaca_City_2019_001.jpg?utm_source=commons.wikimedia.org&utm_campaign=imageinfo&utm_content=original,76392323,b107e9acaa6e9dd435bcbd54c46e760cb91b0563,1836,1836,1280,1280,e15ca8763c399f2f41c7300163d6e47f08d0b970688198ce1ef57144cd63a574,2026-10-02,EXIF orientation applied; converted to RGB JPEG; long edge capped at 1280px; quality 88.,true,Creative Commons Attribution-Share Alike 4.0,
0125.jpg,Wikimedia Commons,https://commons.wikimedia.org/wiki/File:Conga_line_roller_skating.jpg,CC BY 2.0,https://creativecommons.org/licenses/by/2.0,Ernie,People Roller skating outdoors in China,"sports active recreation, roller, skating, outdoors, outdoor",sports active recreation,roller skating outdoors,File:Conga line roller skating.jpg,https://upload.wikimedia.org/wikipedia/commons/d/de/Conga_line_roller_skating.jpg?utm_source=commons.wikimedia.org&utm_campaign=imageinfo&utm_content=original,5252727,35850aa8034480f3f7fe7f00283ad9b8fa5a17a9,800,533,800,533,ce83d83246b98a468cd71f4baff50540b79594823cf70479297f56474c850fa6,2026-10-02,EXIF orientation applied; converted to RGB JPEG; long edge capped at 1280px; quality 88.,true,Creative Commons Attribution 2.0,
0126.jpg,Wikimedia Commons,https://commons.wikimedia.org/wiki/File:221000_-_Swimming_Siobhan_Paton_post_race_-_3b_-_2000_Sydney_event_photo.jpg,CC BY-SA 3.0,https://creativecommons.org/licenses/by-sa/3.0,Sport the library,A competitive swimmer rests in the pool just after a race.,"swimming, athlete, pool, water, sport, race, person, action",sports active recreation,a competitive swimmer in a pool,File:221000 - Swimming Siobhan Paton post race - 3b - 2000 Sydney event photo.jpg,https://upload.wikimedia.org/wikipedia/commons/2/20/221000_-_Swimming_Siobhan_Paton_post_race_-_3b_-_2000_Sydney_event_photo.jpg?utm_source=commons.wikimedia.org&utm_campaign=imageinfo&utm_content=original,24354592,2662f615046ce22831f8258a71fda6e1cf61ead9,1552,2362,841,1280,00d677dc7193f2cb58a01d19c9475c9a1c265c17016f16945974a6341f0ed7c0,2026-10-02,EXIF orientation applied; converted to RGB JPEG; long edge capped at 1280px; quality 88.,true,Creative Commons Attribution-Share Alike 3.0,
0127.jpg,Wikimedia Commons,https://commons.wikimedia.org/wiki/File:A_surfer_at_the_wave_edit.jpg,CC BY-SA 3.0,https://creativecommons.org/licenses/by-sa/3.0,Brocken Inaglory edit by user:Kallerna,"A California surfer. Santa Cruz and the surrounding Northern California coastline is a popular surfing destination; however, the year-round low temperature of the ocean in that region (averaging 57 °F/14 °C) necessitates the use of wetsuits .","sports active recreation, surfer, ocean, wave, outdoors, water, coast, red",sports active recreation,surfer ocean wave,File:A surfer at the wave edit.jpg,https://upload.wikimedia.org/wikipedia/commons/d/d3/A_surfer_at_the_wave_edit.jpg?utm_source=commons.wikimedia.org&utm_campaign=imageinfo&utm_content=original,6543256,5c3172af0f2d2740ca5f147633e08704cab44200,2047,1667,1280,1042,aaf94bdd0d34d52d3c34cf02d04038fa8b972c6407c8a6f3a20e4d0576084b23,2026-10-02,EXIF orientation applied; converted to RGB JPEG; long edge capped at 1280px; quality 88.,true,Creative Commons Attribution-Share Alike 3.0,
0128.jpg,Wikimedia Commons,https://commons.wikimedia.org/wiki/File:Whitewater_rapids_kayaking_(8751581431).jpg,CC BY 2.0,https://creativecommons.org/licenses/by/2.0,cjuneau,IMG_3173-1-2,"sports active recreation, kayaking, rapids, white",sports active recreation,kayaking rapids,File:Whitewater rapids kayaking (8751581431).jpg,https://upload.wikimedia.org/wikipedia/commons/6/6f/Whitewater_rapids_kayaking_%288751581431%29.jpg?utm_source=commons.wikimedia.org&utm_campaign=imageinfo&utm_content=original,37286540,25935ffb37fbaadf9325414f616c229dc82639a2,2672,3456,989,1280,d3e17b353de0b145f22abfe794a63c45d02eb7b3d4ff47f03dfd707795afcb06,2026-10-02,EXIF orientation applied; converted to RGB JPEG; long edge capped at 1280px; quality 88.,true,Creative Commons Attribution 2.0,
0129.jpg,Wikimedia Commons,https://commons.wikimedia.org/wiki/File:Cabo_San_Lucas_Race_Start_2013_photo_Don_Ramey_Logan.jpg,CC BY-SA 3.0,https://creativecommons.org/licenses/by-sa/3.0,Don Ramey Logan,2013 NHYC Newport Beach to Cabo San Lucas yacht race photo Don Ramey Logan,"sports active recreation, sailing, race, water, outdoors",sports active recreation,sailing race,File:Cabo San Lucas Race Start 2013 photo Don Ramey Logan.jpg,https://upload.wikimedia.org/wikipedia/commons/4/4c/Cabo_San_Lucas_Race_Start_2013_photo_Don_Ramey_Logan.jpg?utm_source=commons.wikimedia.org&utm_campaign=imageinfo&utm_content=original,25386722,9d4b1493a76f37eabecb8f9faed5dbadea0b4ae7,1898,1326,1280,894,a23b8a9c89a39581514daa7fe548882d0fcad6c9729c61ae1f4808cfbabaa9a6,2026-10-02,EXIF orientation applied; converted to RGB JPEG; long edge capped at 1280px; quality 88.,true,Creative Commons Attribution-Share Alike 3.0,
0130.jpg,Wikimedia Commons,https://commons.wikimedia.org/wiki/File:WRJCH_2018-08-11_JM2x_Semi_CD_(Martin_Rulsch)_68.jpg,CC BY-SA 4.0,https://creativecommons.org/licenses/by-sa/4.0,"Martin Rulsch , Wikimedia Commons","Junior Men's Double Sculls competition (semifinal CD) on 11 August at the 2018 World Rowing Junior Championships in Račice u Štětí. PLUNKET, PATRICK: Position: Stroke. PLUNKET, RORY: Position: Bow.","sports active recreation, rowing, team",sports active recreation,rowing team,File:WRJCH 2018-08-11 JM2x Semi CD (Martin Rulsch) 68.jpg,https://upload.wikimedia.org/wikipedia/commons/2/24/WRJCH_2018-08-11_JM2x_Semi_CD_%28Martin_Rulsch%29_68.jpg?utm_source=commons.wikimedia.org&utm_campaign=imageinfo&utm_content=original,76906886,9d6af97131701861e91fba070cae8310efed03f8,6000,3084,1280,658,9b09a81bb4e8120dcad3f9d3b610ff8d2de091739cb77bb023caba04facea12b,2026-10-02,EXIF orientation applied; converted to RGB JPEG; long edge capped at 1280px; quality 88.,true,Creative Commons Attribution-Share Alike 4.0,personality
0131.jpg,Wikimedia Commons,https://commons.wikimedia.org/wiki/File:Iron_Mountain_2010_backcountry_snowboarding_and_hiking_-_panoramio.jpg,CC BY 3.0,https://creativecommons.org/licenses/by/3.0,skeight976,Iron Mountain 2010 backcountry snowboarding and hiking,"sports active recreation, snowboarding, mountain, outdoors, nature, landscape, snow, cold, winter, weather",sports active recreation,snowboarding mountain,File:Iron Mountain 2010 backcountry snowboarding and hiking - panoramio.jpg,https://upload.wikimedia.org/wikipedia/commons/8/89/Iron_Mountain_2010_backcountry_snowboarding_and_hiking_-_panoramio.jpg?utm_source=commons.wikimedia.org&utm_campaign=imageinfo&utm_content=original,54019359,05017551189a448a07ceffc34aef9e662671cd88,2304,1728,1280,960,7348522e7bdc35613a16950b314333743ed8f22ba905eabe868a1afbc19e561e,2026-10-02,EXIF orientation applied; converted to RGB JPEG; long edge capped at 1280px; quality 88.,true,Creative Commons Attribution 3.0,
0132.jpg,Wikimedia Commons,https://commons.wikimedia.org/wiki/File:People_ice_skating_in_Quebec_City.jpg,CC BY-SA 4.0,https://creativecommons.org/licenses/by-sa/4.0,Wilfredor,People ice skating outdoors in Quebec City.,"sports active recreation, ice, skating, outdoors, outdoor, city, urban, architecture",sports active recreation,ice skating outdoors,File:People ice skating in Quebec City.jpg,https://upload.wikimedia.org/wikipedia/commons/3/3e/People_ice_skating_in_Quebec_City.jpg?utm_source=commons.wikimedia.org&utm_campaign=imageinfo&utm_content=original,77067927,e94af0d9d634cea8a2e718faf04dca0c9530d41e,3000,2010,1280,858,3e19dd04b9d7017c35eab165c09cf14653eccfa0f8c35d1c7029c62e0def4984,2026-10-02,EXIF orientation applied; converted to RGB JPEG; long edge capped at 1280px; quality 88.,true,Creative Commons Attribution-Share Alike 4.0,
0133.jpg,Wikimedia Commons,https://commons.wikimedia.org/wiki/File:Boy_climbing_rock_tower_at_Get_Outdoors_(4b807fa5-d485-b8c9-c366-8fd8800ced4f).jpg,Public domain,,NPS,Rock Climber Boy climbing rock tower at Get Outdoors Keywords: get outdoors; arch; st. louis; rock climbing,"sports active recreation, rock, climbing, outdoors, outdoor",sports active recreation,rock climbing outdoors,File:Boy climbing rock tower at Get Outdoors (4b807fa5-d485-b8c9-c366-8fd8800ced4f).jpg,https://upload.wikimedia.org/wikipedia/commons/6/6c/Boy_climbing_rock_tower_at_Get_Outdoors_%284b807fa5-d485-b8c9-c366-8fd8800ced4f%29.jpg?utm_source=commons.wikimedia.org&utm_campaign=imageinfo&utm_content=original,148270918,641b393329800eb6f2c4a405c790fdd716faacef,2027,2400,1081,1280,a1be89180156c766fdf8dc72c414b017bfdc29014ccc44427f27251b2bacab69,2026-10-02,EXIF orientation applied; converted to RGB JPEG; long edge capped at 1280px; quality 88.,false,Public domain,
0134.jpg,Wikimedia Commons,https://commons.wikimedia.org/wiki/File:Man_climbing_in_bouldering_gym.jpg,CC0,http://creativecommons.org/publicdomain/zero/1.0/deed.en,John Kane,A photo of a man on working on a problem at the Bouldering Project indoor bouldering gym in Seattle. The photo is taken looking at one of the corners of the room. There is a man climbing a red route. The walls are teal. The pads on floor are black. The man…,"sports active recreation, bouldering, gym, red, black, indoor, man",sports active recreation,bouldering gym,File:Man climbing in bouldering gym.jpg,https://upload.wikimedia.org/wikipedia/commons/f/ff/Man_climbing_in_bouldering_gym.jpg?utm_source=commons.wikimedia.org&utm_campaign=imageinfo&utm_content=original,128160514,a057499641116e2af37cd392033319158a6d635b,3072,4080,964,1280,bd54998b31800386223a18071e515e111e7c22690ccaf61ac2beda4c4efe8949,2026-10-02,EXIF orientation applied; converted to RGB JPEG; long edge capped at 1280px; quality 88.,false,"Creative Commons Zero, Public Domain Dedication",
0135.jpg,Wikimedia Commons,https://commons.wikimedia.org/wiki/File:2019-06-28_1st_FIG_Artistic_Gymnastics_JWCH_Women%27s_All-around_competition_Subdivision_1_Floor_exercise_(Martin_Rulsch)_177.jpg,CC BY-SA 4.0,https://creativecommons.org/licenses/by-sa/4.0,"Martin Rulsch , Wikimedia Commons","Floor exercise of subdivision 1 during the girls' all-around competition at the 1st FIG Artistic Gymnastics Junior World Championships on 28 June 2019 in Győr, Hungary. Depicted: Skye Blakely.","sports active recreation, gymnastics, competition, sky",sports active recreation,gymnastics competition,File:2019-06-28 1st FIG Artistic Gymnastics JWCH Women's All-around competition Subdivision 1 Floor exercise (Martin Rulsch) 177.jpg,https://upload.wikimedia.org/wikipedia/commons/7/74/2019-06-28_1st_FIG_Artistic_Gymnastics_JWCH_Women%27s_All-around_competition_Subdivision_1_Floor_exercise_%28Martin_Rulsch%29_177.jpg?utm_source=commons.wikimedia.org&utm_campaign=imageinfo&utm_content=original,80584076,0766d43e6c8fa60cff176a43376ef7c4ff8ae401,1821,2692,866,1280,2bfa0c656f7f54310cae7a4140b11165697976d53a7029918a72b817058ae4d1,2026-10-02,EXIF orientation applied; converted to RGB JPEG; long edge capped at 1280px; quality 88.,true,Creative Commons Attribution-Share Alike 4.0,personality
0136.jpg,Wikimedia Commons,https://commons.wikimedia.org/wiki/File:Ramon_Solis_at_a_weightlifting_competition.png,CC BY-SA 4.0,https://creativecommons.org/licenses/by-sa/4.0,Crisryantan,Ramon Solis at a weightlifting competition,"sports active recreation, weightlifting, competition",sports active recreation,weightlifting competition,File:Ramon Solis at a weightlifting competition.png,https://upload.wikimedia.org/wikipedia/commons/f/f5/Ramon_Solis_at_a_weightlifting_competition.png?utm_source=commons.wikimedia.org&utm_campaign=imageinfo&utm_content=original,118171834,016d2fdd48a6f7d4c4e3da7f31909a85880f2e34,864,756,864,756,4568433a95789fe1e329c74c53b27c310dca07f097d27f54454d0399a796753c,2026-10-02,EXIF orientation applied; converted to RGB JPEG; long edge capped at 1280px; quality 88.,true,Creative Commons Attribution-Share Alike 4.0,
0137.jpg,Wikimedia Commons,https://commons.wikimedia.org/wiki/File:Boxing080905_photoshop.jpg,Public domain,,Wayne Short,Ricardo Dominguez (left) rallied late to win a decision over Oregon’s Rafael Ortiz in the night’s toughest fight.,"sports active recreation, boxing, match, night, dark, evening",sports active recreation,boxing match,File:Boxing080905 photoshop.jpg,https://upload.wikimedia.org/wikipedia/commons/4/4f/Boxing080905_photoshop.jpg?utm_source=commons.wikimedia.org&utm_campaign=imageinfo&utm_content=original,617997,19bb10e08ec9b67b7b554e669afaad6e53f44666,1797,1110,1280,791,dcf5c9d1b7bfe338e71308bf29e620f6351d28d9aa48a96fc2b960ef76fd130c,2026-10-02,EXIF orientation applied; converted to RGB JPEG; long edge capped at 1280px; quality 88.,false,Public domain,personality
0138.jpg,Wikimedia Commons,https://commons.wikimedia.org/wiki/File:Romania_v_France_EFS_2013_Fencing_WCH_t165941.jpg,CC BY 3.0,https://creativecommons.org/licenses/by/3.0,Marie-Lan Nguyen,"Romania's Ana Maria Brânză (L) fences against Lauren Rembi of France (R) in the match for the third place of the womens' team épée event of the 2013 World Fencing Championships at Syma Hall in Budapest, 11 August 2013.","sports active recreation, fencing, match",sports active recreation,fencing match,File:Romania v France EFS 2013 Fencing WCH t165941.jpg,https://upload.wikimedia.org/wikipedia/commons/7/7f/Romania_v_France_EFS_2013_Fencing_WCH_t165941.jpg?utm_source=commons.wikimedia.org&utm_campaign=imageinfo&utm_content=original,29619026,c6aa4757052d05cc81d8ca70fd702355b6cec858,5000,3338,1280,855,a8ff03ff5083a0c9672fb080e0b9f0699b1f109bc324d824389229b5c97c76e5,2026-10-02,EXIF orientation applied; converted to RGB JPEG; long edge capped at 1280px; quality 88.,true,Creative Commons Attribution 3.0,
0139.jpg,Wikimedia Commons,https://commons.wikimedia.org/wiki/File:Mondial_Ping_-_Men%27s_Doubles_-_Semifinals_-_34.jpg,CC BY-SA 3.0,https://creativecommons.org/licenses/by-sa/3.0,Pierre-Yves Beaudouin,"2013 World Table Tennis Championships, Paris. Men's Doubles Semifinals. Hao Shuai - Ma Lin vs Seiya Kishikawa - Jun Mizutani . Ma Lin.","sports active recreation, table, tennis, players, yellow",sports active recreation,table tennis players,File:Mondial Ping - Men's Doubles - Semifinals - 34.jpg,https://upload.wikimedia.org/wikipedia/commons/8/88/Mondial_Ping_-_Men%27s_Doubles_-_Semifinals_-_34.jpg?utm_source=commons.wikimedia.org&utm_campaign=imageinfo&utm_content=original,26514120,610bae6b590f49b95523e51c2c37996b79725ca9,3726,2484,1280,853,c324239ac0dcca67a8d1b2aecedcc98739a06aecf8977db81d998aa1d2a91c97,2026-10-02,EXIF orientation applied; converted to RGB JPEG; long edge capped at 1280px; quality 88.,true,Creative Commons Attribution-Share Alike 3.0,personality
0140.jpg,Wikimedia Commons,https://commons.wikimedia.org/wiki/File:Olympics_2012_Mixed_Doubles_Final.jpg,CC BY-SA 2.0,https://creativecommons.org/licenses/by-sa/2.0,Peter,This China vs China battle was some of the most exciting badminton that I've ever seen - The doubles game is so fast and athletic,"sports active recreation, badminton, doubles",sports active recreation,badminton doubles,File:Olympics 2012 Mixed Doubles Final.jpg,https://upload.wikimedia.org/wikipedia/commons/f/fd/Olympics_2012_Mixed_Doubles_Final.jpg?utm_source=commons.wikimedia.org&utm_campaign=imageinfo&utm_content=original,25559977,25b4eaee4613402716cdac17f87f6f2928c6de8b,3449,2290,1280,850,4c843385e86ac2152e5f8b698bbcfc47a79b5ebacf1074692e5783ffa42880f2,2026-10-02,EXIF orientation applied; converted to RGB JPEG; long edge capped at 1280px; quality 88.,true,Creative Commons Attribution-Share Alike 2.0,
0141.jpg,Wikimedia Commons,https://commons.wikimedia.org/wiki/File:Scioto_Grove_-_Archery_Range_Target_1.jpg,CC BY-SA 4.0,https://creativecommons.org/licenses/by-sa/4.0,Sixflashphoto,An archery target at the archery range in Scioto Grove Metro Park .,"sports active recreation, archery, target",sports active recreation,archery target,File:Scioto Grove - Archery Range Target 1.jpg,https://upload.wikimedia.org/wikipedia/commons/4/48/Scioto_Grove_-_Archery_Range_Target_1.jpg?utm_source=commons.wikimedia.org&utm_campaign=imageinfo&utm_content=original,70652450,4c88bac709e2e4a063aa122381d4c29265869af6,6016,4016,1280,854,83097702f14bf9c283ed4fc19d018f5316600e893b9a8053a4f67f13af3641de,2026-10-02,EXIF orientation applied; converted to RGB JPEG; long edge capped at 1280px; quality 88.,true,Creative Commons Attribution-Share Alike 4.0,
0142.jpg,Wikimedia Commons,https://commons.wikimedia.org/wiki/File:Golfer_in_Golf_Links_2.jpg,CC BY-SA 3.0,https://creativecommons.org/licenses/by-sa/3.0,kallerna,"A Golfer at Yyteri Golf Links in Pori, Finland.","sports active recreation, golfer, swing, red",sports active recreation,golfer swing,File:Golfer in Golf Links 2.jpg,https://upload.wikimedia.org/wikipedia/commons/2/25/Golfer_in_Golf_Links_2.jpg?utm_source=commons.wikimedia.org&utm_campaign=imageinfo&utm_content=original,10105672,2abcd25f78d6e013012d60fc866a316373ba0900,2600,3900,853,1280,0b1138c0859e92cd5388d4b913c97d3dc97f9809222597252425004458843a22,2026-10-02,EXIF orientation applied; converted to RGB JPEG; long edge capped at 1280px; quality 88.,true,Creative Commons Attribution-Share Alike 3.0,
0143.jpg,Wikimedia Commons,https://commons.wikimedia.org/wiki/File:Children_enjoying_soccer_game.jpg,CC BY-SA 4.0,https://creativecommons.org/licenses/by-sa/4.0,Temfack sonfack,Children enjoying soccer game,"sports active recreation, children, soccer, game, child, playing, action, playful",sports active recreation,children soccer game,File:Children enjoying soccer game.jpg,https://upload.wikimedia.org/wikipedia/commons/3/3d/Children_enjoying_soccer_game.jpg?utm_source=commons.wikimedia.org&utm_campaign=imageinfo&utm_content=original,76811615,8904d369b61c422265861e0ad548873c8463ca1f,1440,2560,720,1280,42054afe6b4e588c1d3f62ec95040004963f51edd4bca30f0c715d425f6a4e5d,2026-10-02,EXIF orientation applied; converted to RGB JPEG; long edge capped at 1280px; quality 88.,true,Creative Commons Attribution-Share Alike 4.0,
0144.jpg,Wikimedia Commons,https://commons.wikimedia.org/wiki/File:Euroleague_-_LE_Roma_vs_Toulouse_IC-27.jpg,CC BY-SA 3.0,https://creativecommons.org/licenses/by-sa/3.0,Pierre-Selim,Pictures taken during the first pool tour of the Euroleague of wheelchair basket. The match opposed teams from Rome and Toulouse.,"sports active recreation, wheelchair, basketball",sports active recreation,wheelchair basketball,File:Euroleague - LE Roma vs Toulouse IC-27.jpg,https://upload.wikimedia.org/wikipedia/commons/5/51/Euroleague_-_LE_Roma_vs_Toulouse_IC-27.jpg?utm_source=commons.wikimedia.org&utm_campaign=imageinfo&utm_content=original,18644744,89974540aee32e4f5b80c1446675e25405203820,4469,3352,1280,960,a521992b9f7d70ef054497d219462df5688350bf5e0dac545fcff92f56da4fbe,2026-10-02,EXIF orientation applied; converted to RGB JPEG; long edge capped at 1280px; quality 88.,true,Creative Commons Attribution-Share Alike 3.0,personality
0145.jpg,Wikimedia Commons,https://commons.wikimedia.org/wiki/File:A_dance_Competition_among_youths.jpg,CC BY-SA 4.0,https://creativecommons.org/licenses/by-sa/4.0,Tonny Mpagi,A dance competition among youths Wiki Loves Africa 2021,"sports active recreation, dance, competition",sports active recreation,dance competition,File:A dance Competition among youths.jpg,https://upload.wikimedia.org/wikipedia/commons/f/fa/A_dance_Competition_among_youths.jpg?utm_source=commons.wikimedia.org&utm_campaign=imageinfo&utm_content=original,103684833,b81124dff278521cbfa860071bf11877a79051ba,6000,3376,1280,720,fbe66d7a941e47543bfcf081d4f9de00e3ca5c591aab31ed139ade94188a1684,2026-10-02,EXIF orientation applied; converted to RGB JPEG; long edge capped at 1280px; quality 88.,true,Creative Commons Attribution-Share Alike 4.0,
0146.jpg,Wikimedia Commons,https://commons.wikimedia.org/wiki/File:Horse-riding-07765-nevit.jpg,CC BY-SA 3.0,http://creativecommons.org/licenses/by-sa/3.0/,Nevit Dilmen,Tack vare tämjandet av hästen är ridsport och hästsport idag världens största sport och ett vanligt fritidsintresse både bland barn och vuxna.,"sports active recreation, horse, riding, sport, animal, red, child",sports active recreation,horse riding sport,File:Horse-riding-07765-nevit.jpg,https://upload.wikimedia.org/wikipedia/commons/c/cf/Horse-riding-07765-nevit.jpg?utm_source=commons.wikimedia.org&utm_campaign=imageinfo&utm_content=original,2307729,a9234df465611750c1bcef078e7d2e8e69daf0d4,2592,1944,1280,960,bc8e9399c9fb37fd0d3675729e6723903da8c24029c2b64ff66aa5753fe7c3c9,2026-10-02,EXIF orientation applied; converted to RGB JPEG; long edge capped at 1280px; quality 88.,true,Creative Commons Attribution-Share Alike 3.0,
0147.jpg,Wikimedia Commons,https://commons.wikimedia.org/wiki/File:KotaKinabalu_Sabah_Likas-Sports-Complex-Swimming-Pool-02.jpg,CC BY-SA 3.0,https://creativecommons.org/licenses/by-sa/3.0,"CEphoto, Uwe Aranas",An indoor swimming pool with a tall diving platform.,"swimming pool, diving platform, indoor, sport, water, architecture, blue",sports active recreation,an indoor pool with a diving platform,File:KotaKinabalu Sabah Likas-Sports-Complex-Swimming-Pool-02.jpg,https://upload.wikimedia.org/wikipedia/commons/5/59/KotaKinabalu_Sabah_Likas-Sports-Complex-Swimming-Pool-02.jpg?utm_source=commons.wikimedia.org&utm_campaign=imageinfo&utm_content=original,29503109,855b7213d1e4815afe99b185431403315e23b8e1,2867,4300,853,1280,ed98dc3dd861e5cba7f98460a6951bf720b7d05a23724c60c4e5956a8975abca,2026-10-02,EXIF orientation applied; converted to RGB JPEG; long edge capped at 1280px; quality 88.,true,Creative Commons Attribution-Share Alike 3.0,
0148.jpg,Wikimedia Commons,https://commons.wikimedia.org/wiki/File:Kitesurfing_and_winsurfing_at_Ocean_Beach_pano.jpg,CC BY-SA 3.0,https://creativecommons.org/licenses/by-sa/3.0,Brocken Inaglory,w:kitesurfing and w:windsurfing at Ocean Beach in San Francisco,"sports active recreation, windsurfing, ocean, outdoors, water, coast",sports active recreation,windsurfing ocean,File:Kitesurfing and winsurfing at Ocean Beach pano.jpg,https://upload.wikimedia.org/wikipedia/commons/9/92/Kitesurfing_and_winsurfing_at_Ocean_Beach_pano.jpg?utm_source=commons.wikimedia.org&utm_campaign=imageinfo&utm_content=original,12112710,11c95dc53a9cf215dcb83482579555391f989113,2222,1069,1280,616,f5f8244cc3a41cad52d050f9806afa66462fc40a949ff22fdbc27b1885de3858,2026-10-02,EXIF orientation applied; converted to RGB JPEG; long edge capped at 1280px; quality 88.,true,Creative Commons Attribution-Share Alike 3.0,
0149.jpg,Wikimedia Commons,https://commons.wikimedia.org/wiki/File:Kitesurfing_Jpg_(190251323).jpeg,CC BY 3.0,https://creativecommons.org/licenses/by/3.0,Dana Hutchinson,"500px provided description: Kiteboarding is a surface water sport combining aspects of wakeboarding, snowboarding, windsurfing, surfing, paragliding, skateboarding and gymnastics into one extreme sport. A kiteboarder harnesses the power of the wind with a…","sports active recreation, kitesurfing, ocean, outdoors, water, coast, snow, cold, winter, weather",sports active recreation,kitesurfing ocean,File:Kitesurfing Jpg (190251323).jpeg,https://upload.wikimedia.org/wikipedia/commons/3/37/Kitesurfing_Jpg_%28190251323%29.jpeg?utm_source=commons.wikimedia.org&utm_campaign=imageinfo&utm_content=original,71587215,1ca5f1c04688be65f79c888fece646e9cf35c3eb,2048,1364,1280,852,d933bcc0a61b939653133c17fdaca7bf4f7e855de086d8967eb4b984dcfe4cca,2026-10-02,EXIF orientation applied; converted to RGB JPEG; long edge capped at 1280px; quality 88.,true,Creative Commons Attribution 3.0,
0150.jpg,Wikimedia Commons,https://commons.wikimedia.org/wiki/File:Paddleboard_6619.jpg,CC BY-SA 4.0,https://creativecommons.org/licenses/by-sa/4.0,Chris Light,Paddleboard on Lake Tapps at North Park.,"sports active recreation, paddleboard, lake, outdoors, water, peaceful",sports active recreation,paddleboard lake,File:Paddleboard 6619.jpg,https://upload.wikimedia.org/wikipedia/commons/f/f2/Paddleboard_6619.jpg?utm_source=commons.wikimedia.org&utm_campaign=imageinfo&utm_content=original,169515383,fb3f77f50960bffed2b8af87668b27f72a394c14,4608,3072,1280,853,c801288deee41889ee36802da668277644a28df611396092b1cf8905587f4f6c,2026-10-02,EXIF orientation applied; converted to RGB JPEG; long edge capped at 1280px; quality 88.,true,Creative Commons Attribution-Share Alike 4.0,
0151.jpg,Wikimedia Commons,https://commons.wikimedia.org/wiki/File:Recreation_at_Murphy_Lake_(21434932902).jpg,Public domain,,Intermountain Region US Forest Service,"Canoe on Murphy Lake Both photos are taken on the Bridger-Teton National Forest, Grey’s River Ranger at Murphy Lake.","sports active recreation, canoe, lake, recreation, outdoors, water, peaceful",sports active recreation,canoe lake recreation,File:Recreation at Murphy Lake (21434932902).jpg,https://upload.wikimedia.org/wikipedia/commons/c/c1/Recreation_at_Murphy_Lake_%2821434932902%29.jpg?utm_source=commons.wikimedia.org&utm_campaign=imageinfo&utm_content=original,184362828,88854e793fd76c2eaa8666107d3a37001a11e348,5184,3456,1280,853,7db2a4fda61db9514badc0a9f18a3c70d535a6c05bc590ccf6ff1006ebb2d4d1,2026-10-02,EXIF orientation applied; converted to RGB JPEG; long edge capped at 1280px; quality 88.,false,Public domain,
0152.jpg,Wikimedia Commons,https://commons.wikimedia.org/wiki/File:Hampstead_Heath_ski_jump_snow_boxes_geograph-3046631-by-Ben-Brooksbank.jpg,CC BY-SA 2.0,https://creativecommons.org/licenses/by-sa/2.0,Ben Brooksbank,A historic artificial ski-jump structure assembled in winter.,"ski jump, winter, snow, sport, structure, historic, outdoors, cold",sports active recreation,a historic ski jump structure in snow,File:Hampstead Heath ski jump snow boxes geograph-3046631-by-Ben-Brooksbank.jpg,https://upload.wikimedia.org/wikipedia/commons/7/75/Hampstead_Heath_ski_jump_snow_boxes_geograph-3046631-by-Ben-Brooksbank.jpg?utm_source=commons.wikimedia.org&utm_campaign=imageinfo&utm_content=original,20531840,342d4284e9086308e69badcf172bf7abda13c883,1447,2231,830,1280,ef7b94caaeb618e63d9f3dd7722085ea4557d9f1295e0d2411a7fa1eca2cdcf6,2026-10-02,EXIF orientation applied; converted to RGB JPEG; long edge capped at 1280px; quality 88.,true,Creative Commons Attribution-Share Alike 2.0,
0153.jpg,Wikimedia Commons,https://commons.wikimedia.org/wiki/File:Child_climbs_a_blue_indoor_climbing_wall_at_a_sport_center.jpg,CC BY 2.0,https://creativecommons.org/licenses/by/2.0,Shixart1985,A child secures their climbing harness while preparing to climb a blue indoor wall at a sport center. The child is focused and aims to reach the top.,"sports active recreation, climbing, wall, child, blue, indoor",sports active recreation,climbing wall child,File:Child climbs a blue indoor climbing wall at a sport center.jpg,https://upload.wikimedia.org/wikipedia/commons/2/2d/Child_climbs_a_blue_indoor_climbing_wall_at_a_sport_center.jpg?utm_source=commons.wikimedia.org&utm_campaign=imageinfo&utm_content=original,190674867,b4b0156aeee63e9982fa711c276f8e731d0e3cf2,4024,6048,852,1280,c82358f276128a8f15dc8b035b0e9f6a6acc55e9e377ff4634c7c1d2b5d3cb06,2026-10-02,EXIF orientation applied; converted to RGB JPEG; long edge capped at 1280px; quality 88.,true,Creative Commons Attribution 2.0,
0154.jpg,Wikimedia Commons,"https://commons.wikimedia.org/wiki/File:Pancake_with_Banana,_berries_and_Maple_syrup_(5204781168).jpg",CC BY-SA 2.0,https://creativecommons.org/licenses/by-sa/2.0,"Matt @ PEK from Taipei, Taiwan","Breakfast in China Grill, Park Hyatt Beijing","food drink cooking, pancakes, berries, breakfast, man",food drink cooking,pancakes berries breakfast,"File:Pancake with Banana, berries and Maple syrup (5204781168).jpg",https://upload.wikimedia.org/wikipedia/commons/7/71/Pancake_with_Banana%2C_berries_and_Maple_syrup_%285204781168%29.jpg?utm_source=commons.wikimedia.org&utm_campaign=imageinfo&utm_content=original,30754192,b4c61e760f40d521540638c6d6efc2148fc14f91,3072,2048,1280,853,065706c8aaedbab89ede03097488b58c324d5cfb6d7aa21b5b42d50e6bde2a61,2026-10-02,EXIF orientation applied; converted to RGB JPEG; long edge capped at 1280px; quality 88.,true,Creative Commons Attribution-Share Alike 2.0,
0155.jpg,Wikimedia Commons,https://commons.wikimedia.org/wiki/File:Breakfast_in_Australia;_bacon_and_fried_eggs_on_toast.jpg,CC BY-SA 4.0,https://creativecommons.org/licenses/by-sa/4.0,Kgbo,Breakfast in Australia; bacon and fried eggs on toast,"food drink cooking, eggs, toast, breakfast",food drink cooking,eggs toast breakfast,File:Breakfast in Australia; bacon and fried eggs on toast.jpg,https://upload.wikimedia.org/wikipedia/commons/7/70/Breakfast_in_Australia%3B_bacon_and_fried_eggs_on_toast.jpg?utm_source=commons.wikimedia.org&utm_campaign=imageinfo&utm_content=original,84434210,95f3146dcb5c89bfaf88df1ce63b5a9b75e5cb0f,3896,2922,1280,960,614348b85c850a7ba8314b032df97d6a9d9147cf2d7f7e58d5741dc2b4e94b02,2026-10-02,EXIF orientation applied; converted to RGB JPEG; long edge capped at 1280px; quality 88.,true,Creative Commons Attribution-Share Alike 4.0,
0156.jpg,Wikimedia Commons,https://commons.wikimedia.org/wiki/File:Breakfast_Fruit_Oatmeal_(45842057685).jpg,CC BY 2.0,https://creativecommons.org/licenses/by/2.0,"Ella Olsson from Stockholm, Sweden",Breakfast Fruit Oatmeal,"food drink cooking, oatmeal, fruit, breakfast",food drink cooking,oatmeal fruit breakfast,File:Breakfast Fruit Oatmeal (45842057685).jpg,https://upload.wikimedia.org/wikipedia/commons/4/49/Breakfast_Fruit_Oatmeal_%2845842057685%29.jpg?utm_source=commons.wikimedia.org&utm_campaign=imageinfo&utm_content=original,83080778,74aca975c06ac359b1469e15faafb6e2b0f86da0,5345,3563,1280,853,6575c06e3f8aa156db240c1e250f121c024c79481da4131c1d353bced134eb1c,2026-10-02,EXIF orientation applied; converted to RGB JPEG; long edge capped at 1280px; quality 88.,true,Creative Commons Attribution 2.0,
0157.jpg,Wikimedia Commons,https://commons.wikimedia.org/wiki/File:Woman_enjoys_breakfast_with_croissant_and_coffee_in_modern_cafe_environment.jpg,CC BY 2.0,https://creativecommons.org/licenses/by/2.0,Shixart1985,A woman sits at a white table in a cafe. She holds a croissant in one hand and a knife in the other. A bottle of water and a cup are on the table.,"food drink cooking, croissant, coffee, breakfast, white, water, outdoors, woman",food drink cooking,croissant coffee breakfast,File:Woman enjoys breakfast with croissant and coffee in modern cafe environment.jpg,https://upload.wikimedia.org/wikipedia/commons/5/56/Woman_enjoys_breakfast_with_croissant_and_coffee_in_modern_cafe_environment.jpg?utm_source=commons.wikimedia.org&utm_campaign=imageinfo&utm_content=original,198099671,8ca6db09277558850fb2f666cca6b34bc8852986,4032,6048,853,1280,ab652b051b41f29494875aabe60287edc66785e90d675dc6bae95b7ec07c2027,2026-10-02,EXIF orientation applied; converted to RGB JPEG; long edge capped at 1280px; quality 88.,true,Creative Commons Attribution 2.0,
0158.jpg,Wikimedia Commons,https://commons.wikimedia.org/wiki/File:Woman_enjoys_breakfast_with_fruits_yogurt_and_tea_in_a_cozy_kitchen_setting.jpg,CC BY 2.0,https://creativecommons.org/licenses/by/2.0,Shixart1985,"A woman sits at a wooden table eating yogurt from a bowl. Nearby are fruits, tea, and a drink. Sunlight enters through a window in the background.","food drink cooking, breakfast, table, sunlight, woman, eating, action, food",food drink cooking,breakfast table sunlight,File:Woman enjoys breakfast with fruits yogurt and tea in a cozy kitchen setting.jpg,https://upload.wikimedia.org/wikipedia/commons/1/14/Woman_enjoys_breakfast_with_fruits_yogurt_and_tea_in_a_cozy_kitchen_setting.jpg?utm_source=commons.wikimedia.org&utm_campaign=imageinfo&utm_content=original,193561887,31dafc0d8d81f0a167a4b71c6a49ba0c1589ce2e,5739,3826,1280,853,a7ab28f48c6e870c3f87d7913aa1ab33ef9be0b1c54139daa7640d778588d3f1,2026-10-02,EXIF orientation applied; converted to RGB JPEG; long edge capped at 1280px; quality 88.,true,Creative Commons Attribution 2.0,
0159.jpg,Wikimedia Commons,"https://commons.wikimedia.org/wiki/File:(a_banana,_a_waffle_breakfast_cereal_with_milk).jpg",CC BY-SA 4.0,https://creativecommons.org/licenses/by-sa/4.0,David Adam Kess,"a banana, a waffle breakfast cereal with milk","food drink cooking, cereal, milk, breakfast",food drink cooking,cereal milk breakfast,"File:(a banana, a waffle breakfast cereal with milk).jpg",https://upload.wikimedia.org/wikipedia/commons/4/4a/%28a_banana%2C_a_waffle_breakfast_cereal_with_milk%29.jpg?utm_source=commons.wikimedia.org&utm_campaign=imageinfo&utm_content=original,78895306,1ab837fd593d1f833a31f4bb3472f65583b4dfeb,2592,1944,1280,960,70ae5df66c9f9b1adf506b363a9d78502d5a06d3a3ac43fc7c8480ce0ad8f3a7,2026-10-02,EXIF orientation applied; converted to RGB JPEG; long edge capped at 1280px; quality 88.,true,Creative Commons Attribution-Share Alike 4.0,
0160.jpg,Wikimedia Commons,https://commons.wikimedia.org/wiki/File:Avocado_toast_at_the_girl_%26_the_fig_-_Sarah_Stierch.jpg,CC BY 4.0,https://creativecommons.org/licenses/by/4.0,Sarah Stierch,"Avocado toast with a salad at the girl & the fig in Sonoma, California.","food drink cooking, avocado, toast",food drink cooking,avocado toast,File:Avocado toast at the girl & the fig - Sarah Stierch.jpg,https://upload.wikimedia.org/wikipedia/commons/1/18/Avocado_toast_at_the_girl_%26_the_fig_-_Sarah_Stierch.jpg?utm_source=commons.wikimedia.org&utm_campaign=imageinfo&utm_content=original,64330728,135cde97f134e7b6aa1beae8585d7522e543158a,4032,3024,1280,960,6773ab9053bd3d569a55d5acfa7be01ccf826d1f034f3f9e1173f02e04d57cde,2026-10-02,EXIF orientation applied; converted to RGB JPEG; long edge capped at 1280px; quality 88.,true,Creative Commons Attribution 4.0,
0161.jpg,Wikimedia Commons,https://commons.wikimedia.org/wiki/File:Yogurt_fruit_bowl.jpg,CC BY-SA 4.0,https://creativecommons.org/licenses/by-sa/4.0,Jumbocombo0811,Yogurt fruit bowl,"food drink cooking, fruit, bowl, breakfast",food drink cooking,fruit bowl breakfast,File:Yogurt fruit bowl.jpg,https://upload.wikimedia.org/wikipedia/commons/d/d1/Yogurt_fruit_bowl.jpg?utm_source=commons.wikimedia.org&utm_campaign=imageinfo&utm_content=original,103915864,1024ef140605d60270471382f5629b6a15439af8,1125,2000,720,1280,88e5516a3bf46e2bb38cce6814afbca6e65b18e7156c7a0be045f356e16ad65f,2026-10-02,EXIF orientation applied; converted to RGB JPEG; long edge capped at 1280px; quality 88.,true,Creative Commons Attribution-Share Alike 4.0,
0162.jpg,Wikimedia Commons,https://commons.wikimedia.org/wiki/File:Granola_and_Yogurt.jpg,CC BY-SA 4.0,https://creativecommons.org/licenses/by-sa/4.0,Bambiwa,Yogurt parfait with granola fruit compote from Accra Central High Street Adjiringanor,"food drink cooking, yogurt, granola, fruit",food drink cooking,yogurt granola fruit,File:Granola and Yogurt.jpg,https://upload.wikimedia.org/wikipedia/commons/7/72/Granola_and_Yogurt.jpg?utm_source=commons.wikimedia.org&utm_campaign=imageinfo&utm_content=original,115151140,8a4481f6c9d5930ce855204b0557227e45627c4f,3024,4032,960,1280,2bb055365c8e566beb545823972109d53896ec7d25bba6d8cddc266dbbae2e2a,2026-10-02,EXIF orientation applied; converted to RGB JPEG; long edge capped at 1280px; quality 88.,true,Creative Commons Attribution-Share Alike 4.0,
0163.jpg,Wikimedia Commons,"https://commons.wikimedia.org/wiki/File:Oven_for_baking_bread_at_Jexhof,_Bavaria_02.jpg",CC BY-SA 4.0,https://creativecommons.org/licenses/by-sa/4.0,Kritzolina,"Oven for baking bread at Jexhof, Bavaria","food drink cooking, bread, baking, oven",food drink cooking,bread baking oven,"File:Oven for baking bread at Jexhof, Bavaria 02.jpg",https://upload.wikimedia.org/wikipedia/commons/e/ee/Oven_for_baking_bread_at_Jexhof%2C_Bavaria_02.jpg?utm_source=commons.wikimedia.org&utm_campaign=imageinfo&utm_content=original,94747527,8c8415d799dc0e63831470e229ba967ce48d5b03,3648,5472,853,1280,fd9a669c3455eebb5316e3b78b0758f3cd14195b48f57ad92b5a4128bfb3233e,2026-10-02,EXIF orientation applied; converted to RGB JPEG; long edge capped at 1280px; quality 88.,true,Creative Commons Attribution-Share Alike 4.0,
0164.jpg,Wikimedia Commons,https://commons.wikimedia.org/wiki/File:Baker_woman%27s_hands_kneading_bread_dough.jpg,CC BY 2.0,https://creativecommons.org/licenses/by/2.0,Shixart1985,Baker woman's hands kneading bread dough,"food drink cooking, kneading, bread, dough, woman",food drink cooking,kneading bread dough,File:Baker woman's hands kneading bread dough.jpg,https://upload.wikimedia.org/wikipedia/commons/5/5c/Baker_woman%27s_hands_kneading_bread_dough.jpg?utm_source=commons.wikimedia.org&utm_campaign=imageinfo&utm_content=original,194319884,0b207569834502ba8e8c0af1eec2a3763a58fae2,5154,3441,1280,855,114b1449e05c4b802f7329fbd7facd801170d99a85c82575ea463fd23435a273,2026-10-02,EXIF orientation applied; converted to RGB JPEG; long edge capped at 1280px; quality 88.,true,Creative Commons Attribution 2.0,
0165.jpg,Wikimedia Commons,https://commons.wikimedia.org/wiki/File:Colorful_vegetables_simmering_in_a_pot_on_a_stove_at_home.jpg,CC BY 2.0,https://creativecommons.org/licenses/by/2.0,Shixart1985,Fresh vegetables like bell peppers and potatoes are cooking in a pot on a stove. The scene captures a cozy kitchen environment filled with rich colors.,"food drink cooking, colorful, vegetables, cooking, multicolored, bright, action, food",food drink cooking,colorful vegetables cooking,File:Colorful vegetables simmering in a pot on a stove at home.jpg,https://upload.wikimedia.org/wikipedia/commons/7/7b/Colorful_vegetables_simmering_in_a_pot_on_a_stove_at_home.jpg?utm_source=commons.wikimedia.org&utm_campaign=imageinfo&utm_content=original,186238305,2d67705dada49a47c1187db0f945de4e7c37bcd5,6048,4032,1280,853,3572b73acfa22f57165eac4c79c12450e0ff5c1ea67738ce3c30fd1490d21c0f,2026-10-02,EXIF orientation applied; converted to RGB JPEG; long edge capped at 1280px; quality 88.,true,Creative Commons Attribution 2.0,
0166.jpg,Wikimedia Commons,https://commons.wikimedia.org/wiki/File:Home_kitchen_details_June_2023_-_Range_with_pot_and_kettle.jpg,CC BY-SA 4.0,https://creativecommons.org/licenses/by-sa/4.0,Infrogmation of New Orleans,Home kitchen details June 2023. Gas range with burner under pot of water (preparing to cook pasta); kettle sits on another burner; hot pads hang from side of refrigerator.,"food drink cooking, pasta, cooking, kitchen, action, food, indoor, home, water, outdoors",food drink cooking,pasta cooking kitchen,File:Home kitchen details June 2023 - Range with pot and kettle.jpg,https://upload.wikimedia.org/wikipedia/commons/f/ff/Home_kitchen_details_June_2023_-_Range_with_pot_and_kettle.jpg?utm_source=commons.wikimedia.org&utm_campaign=imageinfo&utm_content=original,133800854,02e6925bfb7a02c7cbf0dd1726aaf0a54b2e027c,5184,3888,1280,960,0183590698cb1083b464b6223cd6c431cb0e0e6966e3e47ab7f1c1e08ac0654b,2026-10-02,EXIF orientation applied; converted to RGB JPEG; long edge capped at 1280px; quality 88.,true,Creative Commons Attribution-Share Alike 4.0,
0167.jpg,Wikimedia Commons,https://commons.wikimedia.org/wiki/File:Vegetable_soup_2.jpg,CC BY-SA 4.0,https://creativecommons.org/licenses/by-sa/4.0,Tiia Monto,"Vegetable soup in a cooking pot. Including red cabbage, onion, leek, zucchini, fennel, celery and spices.","food drink cooking, soup, cooking, pot, action, food, red",food drink cooking,soup cooking pot,File:Vegetable soup 2.jpg,https://upload.wikimedia.org/wikipedia/commons/d/d5/Vegetable_soup_2.jpg?utm_source=commons.wikimedia.org&utm_campaign=imageinfo&utm_content=original,47428232,b0db4261a0743740f89c77a9763822400685c1a8,3056,2928,1280,1226,35a2c28893b484d035149cc99f71a482c8b7c93510c9fc261c90e7f03d25e346,2026-10-02,EXIF orientation applied; converted to RGB JPEG; long edge capped at 1280px; quality 88.,true,Creative Commons Attribution-Share Alike 4.0,
0168.jpg,Wikimedia Commons,"https://commons.wikimedia.org/wiki/File:Outdoors_seating,_Dickey%27s_Barbecue.jpg",CC BY-SA 3.0,https://creativecommons.org/licenses/by-sa/3.0,Ser Amantio di Nicolao,A barbecue restaurant exterior with sunny outdoor seating.,"restaurant, barbecue, outdoor seating, sunny, building, food, urban",food drink cooking,a barbecue restaurant with outdoor seating,"File:Outdoors seating, Dickey's Barbecue.jpg",https://upload.wikimedia.org/wikipedia/commons/f/fc/Outdoors_seating%2C_Dickey%27s_Barbecue.jpg?utm_source=commons.wikimedia.org&utm_campaign=imageinfo&utm_content=original,78997257,84654db1de74c448db0cc1e1971ebdc85d915b62,3264,2448,1280,960,c2db0290591a20826360961a063ff4d2911556400f4581048c58e10e69b6f81a,2026-10-02,EXIF orientation applied; converted to RGB JPEG; long edge capped at 1280px; quality 88.,true,Creative Commons Attribution-Share Alike 3.0,
0169.jpg,Wikimedia Commons,https://commons.wikimedia.org/wiki/File:Open_street_food_market_in_Bizerte_02.jpg,CC BY-SA 4.0,https://creativecommons.org/licenses/by-sa/4.0,Kritzolina,Open street food market in Bizerte,"food drink cooking, street, food, market, urban, outdoors, people, shopping, busy",food drink cooking,street food market,File:Open street food market in Bizerte 02.jpg,https://upload.wikimedia.org/wikipedia/commons/9/96/Open_street_food_market_in_Bizerte_02.jpg?utm_source=commons.wikimedia.org&utm_campaign=imageinfo&utm_content=original,79981143,976cad793082a21a4f75d1890d4f33b03cd1b1b3,3888,2592,1280,853,6f7c6975b7c10ddd58b39585b33062018defde77805b397ddac8825f8ebd5af6,2026-10-02,EXIF orientation applied; converted to RGB JPEG; long edge capped at 1280px; quality 88.,true,Creative Commons Attribution-Share Alike 4.0,
0170.jpg,Wikimedia Commons,https://commons.wikimedia.org/wiki/File:Schwerin_and_Freudenberg_family_at_the_dinner_table_circa_1920.jpg,Public domain,,Hans Bernhard Schwerin,Schwerin and Freudenberg family at the dinner table circa 1930-1940,"food drink cooking, family, dinner, table, people, group, social",food drink cooking,family dinner table,File:Schwerin and Freudenberg family at the dinner table circa 1920.jpg,https://upload.wikimedia.org/wikipedia/commons/5/5b/Schwerin_and_Freudenberg_family_at_the_dinner_table_circa_1920.jpg?utm_source=commons.wikimedia.org&utm_campaign=imageinfo&utm_content=original,77659311,7147ce2d68451cf77422a8406a4b7276debb3b5a,2463,1821,1280,946,699490e7b2f74eb6412ae72dd89375e2ba0ed9ff59817522295f28438f567b7f,2026-10-02,EXIF orientation applied; converted to RGB JPEG; long edge capped at 1280px; quality 88.,false,Public domain,
0171.jpg,Wikimedia Commons,"https://commons.wikimedia.org/wiki/File:Outdoors_eating,_Spain_(33170436658).jpg",CC BY 2.0,https://creativecommons.org/licenses/by/2.0,Mike McBey,"The tradition of eating outside in warm/hot countries is of course not restricted to Spain. However after a walk through the streets to meet friends and to just watch others, a meal in a cafe or restaurant often happens, usually starting after 9 or 10 pm.…","food drink cooking, friends, eating, outdoors, people, group, social, joyful, action, food, outdoor",food drink cooking,friends eating outdoors,"File:Outdoors eating, Spain (33170436658).jpg",https://upload.wikimedia.org/wikipedia/commons/f/f9/Outdoors_eating%2C_Spain_%2833170436658%29.jpg?utm_source=commons.wikimedia.org&utm_campaign=imageinfo&utm_content=original,99898229,cd9346eddc36c273ff320c67c7db7d06b4689d18,6584,3517,1280,684,551f80f87b38772b824286349be1df762bd95f249cb69704b07d1c354e583fd7,2026-10-02,EXIF orientation applied; converted to RGB JPEG; long edge capped at 1280px; quality 88.,true,Creative Commons Attribution 2.0,
0172.jpg,Wikimedia Commons,https://commons.wikimedia.org/wiki/File:Bldk-20130711-99999-kaolengmian.jpg,CC BY-SA 1.0,https://creativecommons.org/licenses/by-sa/1.0,User:Bluedeck,A cook prepares noodles on a hot pan at an outdoor food stand.,"person, cooking, noodles, street food, outdoor, pan, action, market",food drink cooking,someone cooking noodles at a food stand,File:Bldk-20130711-99999-kaolengmian.jpg,https://upload.wikimedia.org/wikipedia/commons/7/75/Bldk-20130711-99999-kaolengmian.jpg?utm_source=commons.wikimedia.org&utm_campaign=imageinfo&utm_content=original,27191778,2f9293af0da3d8d7e258e691e3045bbcf947671f,3920,2940,1280,960,529c0b3e81d286bbe5dc750d3c340d603485fb5f9a8fdbf266ff9e541ffe6d12,2026-10-02,EXIF orientation applied; converted to RGB JPEG; long edge capped at 1280px; quality 88.,true,Creative Commons Attribution-Share Alike 1.0,
0173.jpg,Wikimedia Commons,https://commons.wikimedia.org/wiki/File:Coffee_grounds_yellow_cup.jpg,CC BY-SA 4.0,https://creativecommons.org/licenses/by-sa/4.0,2019MMM,A hand holds an orange cup with coffee grounds beside a window.,"coffee, cup, orange, hand, window, indoor, everyday object, minimal",food drink cooking,an orange coffee cup beside a window,File:Coffee grounds yellow cup.jpg,https://upload.wikimedia.org/wikipedia/commons/5/56/Coffee_grounds_yellow_cup.jpg?utm_source=commons.wikimedia.org&utm_campaign=imageinfo&utm_content=original,80335011,9cc1ffde9fb2d3c5a77258c72e66f1ea19a7b8ab,3024,4032,960,1280,8b0b9e42a66c7013a034ea61dab23493fa85426a2633719b43fdaba51713e2df,2026-10-02,EXIF orientation applied; converted to RGB JPEG; long edge capped at 1280px; quality 88.,true,Creative Commons Attribution-Share Alike 4.0,
0174.jpg,Wikimedia Commons,https://commons.wikimedia.org/wiki/File:Tea_time_with_vintage_cups_and_blooming_flowers_in_a_cozy_setting.jpg,CC BY 2.0,https://creativecommons.org/licenses/by/2.0,Shixart1985,"A person enjoys a moment of relaxation, preparing tea in a delicate vintage cup surrounded by books and fresh greenery in a bright afternoon setting.","food drink cooking, tea, cup, cozy, green",food drink cooking,tea cup cozy,File:Tea time with vintage cups and blooming flowers in a cozy setting.jpg,https://upload.wikimedia.org/wikipedia/commons/5/5c/Tea_time_with_vintage_cups_and_blooming_flowers_in_a_cozy_setting.jpg?utm_source=commons.wikimedia.org&utm_campaign=imageinfo&utm_content=original,186339144,86bfcd7bb38888919f0ee512c04aba0bde799f52,6016,4016,1280,854,d608cbab54a62d22131b51f31bb959ca082fa7827919b98252a45f92c104f2b5,2026-10-02,EXIF orientation applied; converted to RGB JPEG; long edge capped at 1280px; quality 88.,true,Creative Commons Attribution 2.0,
0175.jpg,Wikimedia Commons,https://commons.wikimedia.org/wiki/File:Hot_chocolate_with_marshmallow_-_Spro_Coffee_Co._2025-02-26.jpg,CC0,http://creativecommons.org/publicdomain/zero/1.0/deed.en,Andy Li,hot chocolate with marshmallow,"food drink cooking, hot, chocolate, marshmallow",food drink cooking,hot chocolate marshmallow,File:Hot chocolate with marshmallow - Spro Coffee Co. 2025-02-26.jpg,https://upload.wikimedia.org/wikipedia/commons/0/07/Hot_chocolate_with_marshmallow_-_Spro_Coffee_Co._2025-02-26.jpg?utm_source=commons.wikimedia.org&utm_campaign=imageinfo&utm_content=original,160660999,d73b58f2a9a71faf13e826eb216e97189895a63b,6144,8160,964,1280,0e7bf9dd7f70ac4e08fc0cb10e26199da47749464b6d85a7473ec5c3d6a1fcc5,2026-10-02,EXIF orientation applied; converted to RGB JPEG; long edge capped at 1280px; quality 88.,false,"Creative Commons Zero, Public Domain Dedication",
0176.jpg,Wikimedia Commons,https://commons.wikimedia.org/wiki/File:Colorful_Toledo_Market_Fruit_Display.jpg,CC BY-SA 4.0,https://creativecommons.org/licenses/by-sa/4.0,QueenCityCebu,"the colorful and appetizing fruit display at the Toledo City Public Market is a feast for the eyes. Piled high on the left are smooth, golden-yellow ripe mangos (mangga), a sweet local favorite. Beside them, bright orange mandarins are neatly arranged in…","food drink cooking, fruit, market, colorful, people, shopping, busy, multicolored, bright, yellow, orange, city, urban, outdoors, architecture, man",food drink cooking,fruit market colorful,File:Colorful Toledo Market Fruit Display.jpg,https://upload.wikimedia.org/wikipedia/commons/5/5f/Colorful_Toledo_Market_Fruit_Display.jpg?utm_source=commons.wikimedia.org&utm_campaign=imageinfo&utm_content=original,195434495,92ef12b20123b56e9df5f6abdbe84876b33f9479,4032,2268,1280,720,e4ee369967fb8713b0c4efe10e8b4a77c5a0b3576fe427eb268d2c58dec13a4b,2026-10-02,EXIF orientation applied; converted to RGB JPEG; long edge capped at 1280px; quality 88.,true,Creative Commons Attribution-Share Alike 4.0,
0177.jpg,Wikimedia Commons,"https://commons.wikimedia.org/wiki/File:M%C3%BCnster,_Wochenmarkt_--_2017_--_2333.jpg",CC BY-SA 4.0,https://creativecommons.org/licenses/by-sa/4.0,Dietmar Rabich,"Fruit and vegetable stand at the weekly market on the Domplatz in Münster , North Rhine-Westphalia , Germany","food drink cooking, vegetable, market, colorful, people, shopping, busy, multicolored, bright, green, group",food drink cooking,vegetable market colorful,"File:Münster, Wochenmarkt -- 2017 -- 2333.jpg",https://upload.wikimedia.org/wikipedia/commons/3/3e/M%C3%BCnster%2C_Wochenmarkt_--_2017_--_2333.jpg?utm_source=commons.wikimedia.org&utm_campaign=imageinfo&utm_content=original,62071618,ceedd3f143a704d0997c003bfb06b7fd01d064cd,5472,3648,1280,853,6ea93a3d273bb5755ad8dcd2a754cf0264f65025f45ed017b5f87e0a6d978f7f,2026-10-02,EXIF orientation applied; converted to RGB JPEG; long edge capped at 1280px; quality 88.,true,Creative Commons Attribution-Share Alike 4.0,
0178.jpg,Wikimedia Commons,https://commons.wikimedia.org/wiki/File:Colorful_Mix_of_Market_Spices_(6546093501).jpg,CC BY-SA 2.0,https://creativecommons.org/licenses/by-sa/2.0,"Richie Diesterheft from Chicago, IL, USA",Colorful open sacks of herbs and spices are arranged with handwritten market labels.,"spices, herbs, market, colorful, food, sacks, labels, pattern",food drink cooking,colorful sacks of spices at a market,File:Colorful Mix of Market Spices (6546093501).jpg,https://upload.wikimedia.org/wikipedia/commons/f/fa/Colorful_Mix_of_Market_Spices_%286546093501%29.jpg?utm_source=commons.wikimedia.org&utm_campaign=imageinfo&utm_content=original,32733772,ddc1756ec443257421803b6bf008df340648420d,1600,1200,1280,960,8da3625a59fe6906ffeb9ac326df4728e72502ff58b227033d7ff947030fdaee,2026-10-02,EXIF orientation applied; converted to RGB JPEG; long edge capped at 1280px; quality 88.,true,Creative Commons Attribution-Share Alike 2.0,
0179.jpg,Wikimedia Commons,https://commons.wikimedia.org/wiki/File:Rainbow_chard_for_sale_at_the_Campbell_farmers_market_2.jpg,CC BY-SA 4.0,https://creativecommons.org/licenses/by-sa/4.0,Grendelkhan,"Bundles of rainbow chard for sale from a produce vendor at the Campbell farmers market in Campbell, California.","food drink cooking, farmers, market, produce, people, shopping, busy, rain, outdoors, wet, weather",food drink cooking,farmers market produce,File:Rainbow chard for sale at the Campbell farmers market 2.jpg,https://upload.wikimedia.org/wikipedia/commons/c/ca/Rainbow_chard_for_sale_at_the_Campbell_farmers_market_2.jpg?utm_source=commons.wikimedia.org&utm_campaign=imageinfo&utm_content=original,148472284,66cae52cc721e206e0430026b665df47a8cadb0e,3036,4048,960,1280,aa7ac2710c706ff5c50b7b94b310fe669fb0f7183239d9e398528d531098f44b,2026-10-02,EXIF orientation applied; converted to RGB JPEG; long edge capped at 1280px; quality 88.,true,Creative Commons Attribution-Share Alike 4.0,
0180.jpg,Wikimedia Commons,"https://commons.wikimedia.org/wiki/File:Sushi_platter,_Nikko,_Japan.jpg",CC BY-SA 4.0,https://creativecommons.org/licenses/by-sa/4.0,Joli Rumi,"Sushi platter, Nikko, Japan","food drink cooking, sushi, platter",food drink cooking,sushi platter,"File:Sushi platter, Nikko, Japan.jpg",https://upload.wikimedia.org/wikipedia/commons/0/00/Sushi_platter%2C_Nikko%2C_Japan.jpg?utm_source=commons.wikimedia.org&utm_campaign=imageinfo&utm_content=original,182076627,bde995dc646ed719390fb53437776a5667283605,4032,2268,1280,720,7b4dd376be232352058f66d9e24da045e353340886eb9fa5b542b8361244d835,2026-10-02,EXIF orientation applied; converted to RGB JPEG; long edge capped at 1280px; quality 88.,true,Creative Commons Attribution-Share Alike 4.0,
0181.jpg,Wikimedia Commons,https://commons.wikimedia.org/wiki/File:Liat_Portal_for_Foodie_Disorder_-_Israeli_Salad_with_Pomegranate.jpg,CC BY-SA 4.0,https://creativecommons.org/licenses/by-sa/4.0,HaJunkiyada,"High-quality photograph by Liat Portal showing a freshly prepared Israeli salad made with finely chopped cucumber, tomato, red onion, and bell peppers, lightly dressed and mixed in a white bowl, made by Liat Portal. This image documents Israeli salad as…","food drink cooking, colorful, salad, bowl, multicolored, bright, red, white",food drink cooking,colorful salad bowl,File:Liat Portal for Foodie Disorder - Israeli Salad with Pomegranate.jpg,https://upload.wikimedia.org/wikipedia/commons/b/b8/Liat_Portal_for_Foodie_Disorder_-_Israeli_Salad_with_Pomegranate.jpg?utm_source=commons.wikimedia.org&utm_campaign=imageinfo&utm_content=original,181554509,0d874a0561833cbc2ad48b5fbb7881a53f615a8b,3024,4032,960,1280,c4794c4a8293d2a0d2668fd8385024d45eeaa4066448d201c3fe3dfcb84ce607,2026-10-02,EXIF orientation applied; converted to RGB JPEG; long edge capped at 1280px; quality 88.,true,Creative Commons Attribution-Share Alike 4.0,
0182.jpg,Wikimedia Commons,"https://commons.wikimedia.org/wiki/File:Goan_typical_meal_--_fish,_curry_and_rice_3.jpg",CC BY-SA 4.0,https://creativecommons.org/licenses/by-sa/4.0,Fredericknoronha,"Goan typical meal -- fish, curry and rice","food drink cooking, curry, rice, meal",food drink cooking,curry rice meal,"File:Goan typical meal -- fish, curry and rice 3.jpg",https://upload.wikimedia.org/wikipedia/commons/7/7e/Goan_typical_meal_--_fish%2C_curry_and_rice_3.jpg?utm_source=commons.wikimedia.org&utm_campaign=imageinfo&utm_content=original,104829521,58425df69d70beaf6691e17aa47a8f6262d628c7,2760,4912,719,1280,1699cd07d1f2e0393c7298c3db9c9e49300bcc54a5a89274639cd907778b96de,2026-10-02,EXIF orientation applied; converted to RGB JPEG; long edge capped at 1280px; quality 88.,true,Creative Commons Attribution-Share Alike 4.0,
0183.jpg,Wikimedia Commons,https://commons.wikimedia.org/wiki/File:Cake_and_Candle.jpg,CC BY-SA 4.0,https://creativecommons.org/licenses/by-sa/4.0,Savvywriter,Cake and Candle at birthday celebration,"food drink cooking, cake, candles, celebration",food drink cooking,cake candles celebration,File:Cake and Candle.jpg,https://upload.wikimedia.org/wikipedia/commons/5/52/Cake_and_Candle.jpg?utm_source=commons.wikimedia.org&utm_campaign=imageinfo&utm_content=original,98708131,5fdc0637e75bdea06d67153ccbdcf5f0e44ca633,4128,3096,1280,960,35ecd98f9d6bc3424efe0e5ab333c6282634e05865a72ecc62265a1e61600c06,2026-10-02,EXIF orientation applied; converted to RGB JPEG; long edge capped at 1280px; quality 88.,true,Creative Commons Attribution-Share Alike 4.0,
0184.jpg,Wikimedia Commons,https://commons.wikimedia.org/wiki/File:Piece_of_chocolate_cake_on_a_white_plate_decorated_with_chocolate_sauce.jpg,CC0,http://creativecommons.org/publicdomain/zero/1.0/deed.en,Daria Yakovleva Minor edits made by Subsidiary account,"Piece of chocolate cake, sprinkled with cocoa powder , on a white plate decorated with chocolate sauce.","food drink cooking, chocolate, dessert, white, black",food drink cooking,chocolate dessert,File:Piece of chocolate cake on a white plate decorated with chocolate sauce.jpg,https://upload.wikimedia.org/wikipedia/commons/e/ef/Piece_of_chocolate_cake_on_a_white_plate_decorated_with_chocolate_sauce.jpg?utm_source=commons.wikimedia.org&utm_campaign=imageinfo&utm_content=original,104101424,579c1a3c8a28032c618a45a20a98e46c9a5f7940,5536,3766,1280,871,6f3bf6ee1475ed4b0e346b1567b1825e37fec8e7da337cc71392cef022508bd6,2026-10-02,EXIF orientation applied; converted to RGB JPEG; long edge capped at 1280px; quality 88.,false,"Creative Commons Zero, Public Domain Dedication",
0185.jpg,Wikimedia Commons,https://commons.wikimedia.org/wiki/File:Pastries_at_Arizmendi_Bakery_-_2007.jpg,CC BY 2.0,https://creativecommons.org/licenses/by/2.0,Brad Greenlee,A chocolate pastry and currant scone at Arizmendi Bakery,"food drink cooking, pastries, bakery",food drink cooking,pastries bakery,File:Pastries at Arizmendi Bakery - 2007.jpg,https://upload.wikimedia.org/wikipedia/commons/c/c8/Pastries_at_Arizmendi_Bakery_-_2007.jpg?utm_source=commons.wikimedia.org&utm_campaign=imageinfo&utm_content=original,113864911,54dd3bf603dab8983283ad24b5f534e20e3e50e4,3504,2336,1280,853,d816b706bfecec48958d36a9fce832164f419af23c30a2f0f7a9e2c1579095f8,2026-10-02,EXIF orientation applied; converted to RGB JPEG; long edge capped at 1280px; quality 88.,true,Creative Commons Attribution 2.0,
0186.jpg,Wikimedia Commons,https://commons.wikimedia.org/wiki/File:Lemonade_Stand_-_panoramio_(2).jpg,CC BY 3.0,https://creativecommons.org/licenses/by/3.0,Corey Coyle,Lemonade Stand,"food drink cooking, lemonade, summer",food drink cooking,lemonade summer,File:Lemonade Stand - panoramio (2).jpg,https://upload.wikimedia.org/wikipedia/commons/4/4f/Lemonade_Stand_-_panoramio_%282%29.jpg?utm_source=commons.wikimedia.org&utm_campaign=imageinfo&utm_content=original,59611219,fb89d3e7b0239903c96bc9cd27a6f62dc504781f,5184,3888,1280,960,b61b4cfa9fc3bcaf1ebb2e2a385b49e993cd6aab2aee107ccceffa526b58c917,2026-10-02,EXIF orientation applied; converted to RGB JPEG; long edge capped at 1280px; quality 88.,true,Creative Commons Attribution 3.0,
0187.jpg,Wikimedia Commons,"https://commons.wikimedia.org/wiki/File:Cadillac,_LE_7469,_London_to_Brighton_Veteran_Car_Run_2009_-_Here_Comes_the_Rain_-_geograph.org.uk_-_1567013.jpg",CC BY-SA 2.0,https://creativecommons.org/licenses/by-sa/2.0,Peter Trimming,"Here Comes the Rain Car number 256, a Cadillac dating from 1903, leads the way along High Street, Croydon. Entered by Martin Ashby. The drizzle was just starting to become rain, and the wind was picking up; worse was to follow shortly. London  Brighton…","transportation travel, red, car, rain, transportation, land, outdoors, wet, weather",transportation travel,red car rain,"File:Cadillac, LE 7469, London to Brighton Veteran Car Run 2009 - Here Comes the Rain - geograph.org.uk - 1567013.jpg",https://upload.wikimedia.org/wikipedia/commons/8/89/Cadillac%2C_LE_7469%2C_London_to_Brighton_Veteran_Car_Run_2009_-_Here_Comes_the_Rain_-_geograph.org.uk_-_1567013.jpg?utm_source=commons.wikimedia.org&utm_campaign=imageinfo&utm_content=original,14315595,a927a9fad1d853216134250c020dec6e3f5e32ea,3872,2592,1280,857,d032b3a772d6e12d195e9239f2381eee7eb80b25e17484ed83c2d5502c312edc,2026-10-02,EXIF orientation applied; converted to RGB JPEG; long edge capped at 1280px; quality 88.,true,Creative Commons Attribution-Share Alike 2.0,
0188.jpg,Wikimedia Commons,https://commons.wikimedia.org/wiki/File:Police-car-snowy-road.jpg,CC0,http://creativecommons.org/publicdomain/zero/1.0/deed.en,D Coetzee,A police car driving on a snowy road.,"transportation travel, car, snowy, road, transportation, land, outdoors, cold, winter, weather, snow",transportation travel,car snowy road,File:Police-car-snowy-road.jpg,https://upload.wikimedia.org/wikipedia/commons/2/2f/Police-car-snowy-road.jpg?utm_source=commons.wikimedia.org&utm_campaign=imageinfo&utm_content=original,96056770,e2165fddcbee0c5c5665875e74a8c9882dc2471d,4288,2848,1280,850,9e9d63c329ea59714c41b5ec0d550c8f3a4a1ce3a2204ea03366feebba9a0636,2026-10-02,EXIF orientation applied; converted to RGB JPEG; long edge capped at 1280px; quality 88.,false,"Creative Commons Zero, Public Domain Dedication",
0189.jpg,Wikimedia Commons,"https://commons.wikimedia.org/wiki/File:White_Desert,_Road_through_the_desert,_Egypt.jpg",CC BY 4.0,https://creativecommons.org/licenses/by/4.0,Vyacheslav Argenberg,"A long, nearly empty road crosses a dry desert landscape.","road, desert, transportation, travel, landscape, empty, lonely, outdoors",transportation travel,a lonely road through the desert,"File:White Desert, Road through the desert, Egypt.jpg",https://upload.wikimedia.org/wikipedia/commons/d/db/White_Desert%2C_Road_through_the_desert%2C_Egypt.jpg?utm_source=commons.wikimedia.org&utm_campaign=imageinfo&utm_content=original,107570303,bd7d86e7c1505790e3faeaf36c14d3721adf7b41,3072,2048,1280,853,f721753f8638f69a69510194845e534198738ca9b2199dfc2906c0d1d687f9b5,2026-10-02,EXIF orientation applied; converted to RGB JPEG; long edge capped at 1280px; quality 88.,true,Creative Commons Attribution 4.0,
0190.jpg,Wikimedia Commons,"https://commons.wikimedia.org/wiki/File:Jaipur_City_Palace_,Vintage_car_collection.jpg",CC BY-SA 4.0,https://creativecommons.org/licenses/by-sa/4.0,Rahul2388,An ornate historic palace entrance in a sunny city.,"palace, architecture, historic, city, sunny, outdoors, travel, entrance",architecture cities interiors,a historic palace entrance in a city,"File:Jaipur City Palace ,Vintage car collection.jpg",https://upload.wikimedia.org/wikipedia/commons/c/c6/Jaipur_City_Palace_%2CVintage_car_collection.jpg?utm_source=commons.wikimedia.org&utm_campaign=imageinfo&utm_content=original,49312619,26ddcc0396eb9ed1defa0bf373157e183a1530ce,3456,2304,1280,853,2d54ff802e81b4f93a957210256b4f2643687200eab5aaf79a4742bde51d1721,2026-10-02,EXIF orientation applied; converted to RGB JPEG; long edge capped at 1280px; quality 88.,true,Creative Commons Attribution-Share Alike 4.0,
0191.jpg,Wikimedia Commons,https://commons.wikimedia.org/wiki/File:Cologne_Germany_Electric-Car-Charging-Point-at-TUV-Rheinland-02.jpg,CC BY-SA 3.0,https://creativecommons.org/licenses/by-sa/3.0,"CEphoto, Uwe Aranas","Cologne, Germany: Electric Car Charging Point at TUV Rheinland Headquarters in Cologne, Germany","transportation travel, electric, car, charging, transportation, land, red",transportation travel,electric car charging,File:Cologne Germany Electric-Car-Charging-Point-at-TUV-Rheinland-02.jpg,https://upload.wikimedia.org/wikipedia/commons/3/3d/Cologne_Germany_Electric-Car-Charging-Point-at-TUV-Rheinland-02.jpg?utm_source=commons.wikimedia.org&utm_campaign=imageinfo&utm_content=original,31637842,4794aaf6dc22bb7c5488be82c71d5afb6b3f04e9,1920,2880,853,1280,09fdfbb573d52c6c6b0acaca22cff121ea9b2d56439f91783952ca0f016aafa4,2026-10-02,EXIF orientation applied; converted to RGB JPEG; long edge capped at 1280px; quality 88.,true,Creative Commons Attribution-Share Alike 3.0,
0192.jpg,Wikimedia Commons,https://commons.wikimedia.org/wiki/File:JP_%E6%97%A5%E6%9C%AC_Japan_%E6%B2%96%E7%B9%A9_OKINAWA_Parco_City_Mall_taxi_stand_night_January_2025_R12S.jpg,CC0,http://creativecommons.org/publicdomain/zero/1.0/deed.en,Naha Mama Pavilionz,JP 日本 Japan 沖繩 OKINAWA Parco City Mall taxi stand night in January 2025,"transportation travel, taxi, night, city, dark, evening, urban, outdoors, architecture",transportation travel,taxi night city,File:JP 日本 Japan 沖繩 OKINAWA Parco City Mall taxi stand night January 2025 R12S.jpg,https://upload.wikimedia.org/wikipedia/commons/1/17/JP_%E6%97%A5%E6%9C%AC_Japan_%E6%B2%96%E7%B9%A9_OKINAWA_Parco_City_Mall_taxi_stand_night_January_2025_R12S.jpg?utm_source=commons.wikimedia.org&utm_campaign=imageinfo&utm_content=original,157667394,3451f8a480101f5a40d0a637165411870157e1ac,4000,3000,1280,960,247ea67a9e56e27d0347f24cfe8ade569760dd53b64b9a106b032131512d0439,2026-10-02,EXIF orientation applied; converted to RGB JPEG; long edge capped at 1280px; quality 88.,false,"Creative Commons Zero, Public Domain Dedication",
0193.jpg,Wikimedia Commons,https://commons.wikimedia.org/wiki/File:EDSA_traffic_and_rain_-_Flickr.jpg,CC BY-SA 2.0,https://creativecommons.org/licenses/by-sa/2.0,"Roy Patrick Tan from Redmond,WA, USA",Orig. Flickr desc: some things hardly change,"transportation travel, traffic, city, rain, urban, outdoors, architecture, wet, weather",transportation travel,traffic city rain,File:EDSA traffic and rain - Flickr.jpg,https://upload.wikimedia.org/wikipedia/commons/f/f4/EDSA_traffic_and_rain_-_Flickr.jpg?utm_source=commons.wikimedia.org&utm_campaign=imageinfo&utm_content=original,84444204,33117b9ae7fcdd9b74644bb1b92e192d6175291b,1393,1045,1280,960,e5b90b1fa7109dc4dd718f221728a0cdcc499402c72a5e5a5ce569bdcf5d1e1c,2026-10-02,EXIF orientation applied; converted to RGB JPEG; long edge capped at 1280px; quality 88.,true,Creative Commons Attribution-Share Alike 2.0,
0194.jpg,Wikimedia Commons,https://commons.wikimedia.org/wiki/File:1924_Chevrolet_Boattail_Speedster_Dirt_Track_Race_Car_(50971251873).jpg,CC BY-SA 2.0,https://creativecommons.org/licenses/by-sa/2.0,"Tomás Del Coro from Las Vegas, Nevada, USA",A cream-and-red vintage race car is displayed inside an automobile museum.,"vintage race car, museum, transportation, red, wheels, historic, indoor, automobile",transportation travel,a vintage race car in a museum,File:1924 Chevrolet Boattail Speedster Dirt Track Race Car (50971251873).jpg,https://upload.wikimedia.org/wikipedia/commons/5/56/1924_Chevrolet_Boattail_Speedster_Dirt_Track_Race_Car_%2850971251873%29.jpg?utm_source=commons.wikimedia.org&utm_campaign=imageinfo&utm_content=original,101216501,8c55af70572e4c40698595f7d4bd875ee2db2125,2048,1174,1280,734,0389b541b79cebf7d5d41c2798cccdb6fcec6f1abbefc7a318b892bc586c144e,2026-10-02,EXIF orientation applied; converted to RGB JPEG; long edge capped at 1280px; quality 88.,true,Creative Commons Attribution-Share Alike 2.0,
0195.jpg,Wikimedia Commons,https://commons.wikimedia.org/wiki/File:Bike_on_a_snowy_street_in_Quebec_City_at_night.jpg,CC0,http://creativecommons.org/publicdomain/zero/1.0/deed.en,Wilfredor,"A bicycle left chained to a post and buried by the snowfall of 11 January 2024. Quebec City, Quebec, Canada. Photographed at Parc des Braves.","transportation travel, bicycle, city, street, transportation, outdoors, urban, architecture, snow, cold, winter, weather, night, dark, evening",transportation travel,bicycle city street,File:Bike on a snowy street in Quebec City at night.jpg,https://upload.wikimedia.org/wikipedia/commons/3/30/Bike_on_a_snowy_street_in_Quebec_City_at_night.jpg?utm_source=commons.wikimedia.org&utm_campaign=imageinfo&utm_content=original,143875268,c10b8c7f290db323b0258a84ffedb11a121aa693,7728,5162,1280,855,d15f097048754e33f76f6ac7650ad68baaa04d2ea190d78d8de3529944c6f098,2026-10-02,EXIF orientation applied; converted to RGB JPEG; long edge capped at 1280px; quality 88.,false,"Creative Commons Zero, Public Domain Dedication",
0196.jpg,Wikimedia Commons,https://commons.wikimedia.org/wiki/File:Bicycle_in_Vietnam_forest_trail_(Unsplash).jpg,CC0,http://creativecommons.org/publicdomain/zero/1.0/deed.en,Alphacolor 13 duck58cth,"Đăk Yă, Mang Yang District, Gia Lai, Vietnam","transportation travel, bicycle, forest, trail, transportation, outdoors, nature, green, man",transportation travel,bicycle forest trail,File:Bicycle in Vietnam forest trail (Unsplash).jpg,https://upload.wikimedia.org/wikipedia/commons/c/c0/Bicycle_in_Vietnam_forest_trail_%28Unsplash%29.jpg?utm_source=commons.wikimedia.org&utm_campaign=imageinfo&utm_content=original,61736406,debb0851052f96e8881c62a11db06e4250b4726d,5511,3674,1280,853,1729620e5cfd561d62502496f9d6cc41e89af782104a1b8ce03671ad56b1f78e,2026-10-02,EXIF orientation applied; converted to RGB JPEG; long edge capped at 1280px; quality 88.,false,"Creative Commons Zero, Public Domain Dedication",
0197.jpg,Wikimedia Commons,"https://commons.wikimedia.org/wiki/File:Perth_(AU),_Elizabeth_Quay_Bridge_--_2019_--_0375-9.jpg",CC BY-SA 4.0,https://creativecommons.org/licenses/by-sa/4.0,Dietmar Rabich,A purple-lit modern pedestrian bridge reflected in water at night.,"bridge, architecture, purple, night, city, water, reflection, modern",architecture cities interiors,a modern bridge lit purple at night,"File:Perth (AU), Elizabeth Quay Bridge -- 2019 -- 0375-9.jpg",https://upload.wikimedia.org/wikipedia/commons/f/f6/Perth_%28AU%29%2C_Elizabeth_Quay_Bridge_--_2019_--_0375-9.jpg?utm_source=commons.wikimedia.org&utm_campaign=imageinfo&utm_content=original,83865847,878655a9c190c43b50efd6b0381c2c52f5599119,6041,4353,1280,922,fdbf8b7e1cf45d78a0b1c6afed0adbe43ea71761843ea8c6706000a1a9755cce,2026-10-02,EXIF orientation applied; converted to RGB JPEG; long edge capped at 1280px; quality 88.,true,Creative Commons Attribution-Share Alike 4.0,
0198.jpg,Wikimedia Commons,https://commons.wikimedia.org/wiki/File:Cargo_bike_in_city_of_los_angeles.jpg,CC BY-SA 4.0,https://creativecommons.org/licenses/by-sa/4.0,PDQ Courier,Cargo bike in city of los angeles,"transportation travel, cargo, bicycle, city, transportation, outdoors, urban, architecture",transportation travel,cargo bicycle city,File:Cargo bike in city of los angeles.jpg,https://upload.wikimedia.org/wikipedia/commons/d/d4/Cargo_bike_in_city_of_los_angeles.jpg?utm_source=commons.wikimedia.org&utm_campaign=imageinfo&utm_content=original,95130386,d41db8bf53b752754ccae1982f89bcebc939baa5,4032,1959,1280,622,b9c754120fc78cb732326ab10dffde78a96e740ec91101e45c945227a8023912,2026-10-02,EXIF orientation applied; converted to RGB JPEG; long edge capped at 1280px; quality 88.,true,Creative Commons Attribution-Share Alike 4.0,
0199.jpg,Wikimedia Commons,https://commons.wikimedia.org/wiki/File:Mountain_goat_motorcycle_02.jpg,CC0,http://creativecommons.org/publicdomain/zero/1.0/deed.en,Gadfium,An orange vintage off-road motorcycle stands in a museum beside other motorcycles.,"motorcycle, vintage, orange, museum, transportation, wheels, indoor, vehicle",transportation travel,an orange vintage motorcycle in a museum,File:Mountain goat motorcycle 02.jpg,https://upload.wikimedia.org/wikipedia/commons/1/19/Mountain_goat_motorcycle_02.jpg?utm_source=commons.wikimedia.org&utm_campaign=imageinfo&utm_content=original,54240218,07cd31cb648cb262e1d6cc7ff3812550c64aac0e,3900,2340,1280,768,b1d02e05f93e4034dd8679d681b29a7dfdc15fe5f6aab4365136928ec4f98d71,2026-10-02,EXIF orientation applied; converted to RGB JPEG; long edge capped at 1280px; quality 88.,false,"Creative Commons Zero, Public Domain Dedication",
0200.jpg,Wikimedia Commons,https://commons.wikimedia.org/wiki/File:Mobility_scooter_on_Northgate_Street_-_geograph.org.uk_-_5945373.jpg,CC BY-SA 2.0,https://creativecommons.org/licenses/by-sa/2.0,Evelyn Simak,Mobility scooter on Northgate Street,"transportation travel, scooter, city, street, urban, outdoors, architecture",transportation travel,scooter city street,File:Mobility scooter on Northgate Street - geograph.org.uk - 5945373.jpg,https://upload.wikimedia.org/wikipedia/commons/2/2e/Mobility_scooter_on_Northgate_Street_-_geograph.org.uk_-_5945373.jpg?utm_source=commons.wikimedia.org&utm_campaign=imageinfo&utm_content=original,142335624,a1a836b52a38bae6f73baf3e22a20a24bacc550b,800,600,800,600,63d4c7e17e8848d3ebe6c2d1bd2984626a120d216ff2cd77774637ded7baaff2,2026-10-02,EXIF orientation applied; converted to RGB JPEG; long edge capped at 1280px; quality 88.,true,Creative Commons Attribution-Share Alike 2.0,
0201.jpg,Wikimedia Commons,https://commons.wikimedia.org/wiki/File:Snowy_mountains_near_Erzurum_from_Dogu_Express_2025.jpeg,CC BY-SA 4.0,https://creativecommons.org/licenses/by-sa/4.0,Furkan Akkurt,Snowy mountains and green fields viewed during a train journey.,"snowy mountains, train journey, landscape, travel, cold, green, outdoors, sky",transportation travel,snowy mountains viewed from a train,File:Snowy mountains near Erzurum from Dogu Express 2025.jpeg,https://upload.wikimedia.org/wikipedia/commons/f/f0/Snowy_mountains_near_Erzurum_from_Dogu_Express_2025.jpeg?utm_source=commons.wikimedia.org&utm_campaign=imageinfo&utm_content=original,185812707,aa8f38244fc20c84a6ec6ec79fe190bba7fec5c5,2560,1920,1280,960,5c75df3dc0733c81fa9cc56bddc8b428874a139c46aba6ccfc4d2c154ea5b4cd,2026-10-02,EXIF orientation applied; converted to RGB JPEG; long edge capped at 1280px; quality 88.,true,Creative Commons Attribution-Share Alike 4.0,
0202.jpg,Wikimedia Commons,https://commons.wikimedia.org/wiki/File:Forest_road_Slavne_2017_BW_G9.jpg,Public domain,,George Chernilevsky,A narrow road winds through a quiet snow-covered forest.,"snowy forest, road, cold, winter, transportation, landscape, outdoors, quiet",transportation travel,a road through a snowy forest,File:Forest road Slavne 2017 BW G9.jpg,https://upload.wikimedia.org/wikipedia/commons/c/cc/Forest_road_Slavne_2017_BW_G9.jpg?utm_source=commons.wikimedia.org&utm_campaign=imageinfo&utm_content=original,70640045,d2054c11624e3169153ce6399e93e9d0f83b5f9a,4500,2850,1280,811,e62f3ac6af3d9678dc9b9fd8e536c34d1771b4a59d9ea90977c1d58e9aefaab4,2026-10-02,EXIF orientation applied; converted to RGB JPEG; long edge capped at 1280px; quality 88.,false,Public domain,
0203.jpg,Wikimedia Commons,https://commons.wikimedia.org/wiki/File:Commuter_trains_at_Haydarpasa_Station_Mars_2013.jpg,CC BY-SA 3.0,https://creativecommons.org/licenses/by-sa/3.0,Arild Vågen,TCDD E23000 commuter trains at Haydarpaşa Terminal. Haydarpaşa-Gebze Line.,"transportation travel, commuter, train, station, transportation, land",transportation travel,commuter train station,File:Commuter trains at Haydarpasa Station Mars 2013.jpg,https://upload.wikimedia.org/wikipedia/commons/4/4c/Commuter_trains_at_Haydarpasa_Station_Mars_2013.jpg?utm_source=commons.wikimedia.org&utm_campaign=imageinfo&utm_content=original,25161747,be183a614490c30f050a1120d32f5647df4d7d22,5238,3497,1280,855,0c6f5163071a340b6618dee0a9233f4bf635579ed371b799eefdd41d1432c4f7,2026-10-02,EXIF orientation applied; converted to RGB JPEG; long edge capped at 1280px; quality 88.,true,Creative Commons Attribution-Share Alike 3.0,
0204.jpg,Wikimedia Commons,https://commons.wikimedia.org/wiki/File:Static_Steam_Train_Display_at_the_Dales_Countryside_Museum_-_geograph.org.uk_-_7033503.jpg,CC BY-SA 2.0,https://creativecommons.org/licenses/by-sa/2.0,David Dixon,A heritage steam train stands at a small station covered in fresh snow.,"steam train, station, snow, winter, transportation, historic, cold, outdoors",transportation travel,a heritage steam train at a snowy station,File:Static Steam Train Display at the Dales Countryside Museum - geograph.org.uk - 7033503.jpg,https://upload.wikimedia.org/wikipedia/commons/4/41/Static_Steam_Train_Display_at_the_Dales_Countryside_Museum_-_geograph.org.uk_-_7033503.jpg?utm_source=commons.wikimedia.org&utm_campaign=imageinfo&utm_content=original,156172711,155394a3d255f734f99f6f3ca1072cbd6cb579b2,1024,768,1024,768,a22bc4b3e2cb2e6b867d64cc0f1edd62e9065c0b40b7dbd2fc470a09d903f1a1,2026-10-02,EXIF orientation applied; converted to RGB JPEG; long edge capped at 1280px; quality 88.,true,Creative Commons Attribution-Share Alike 2.0,
0205.jpg,Wikimedia Commons,"https://commons.wikimedia.org/wiki/File:Man_at_Dundas_subway_station,_Toronto,_2008-05-06.jpg",CC BY-SA 4.0,https://creativecommons.org/licenses/by-sa/4.0,Radomianin,A man with a shopping bag walks along the platform at Dundas subway station in Toronto as a train rushes past. The black-and-white image emphasizes the stillness of the moment in contrast to the motion.,"transportation travel, subway, train, platform, transportation, land, white, black, man",transportation travel,subway train platform,"File:Man at Dundas subway station, Toronto, 2008-05-06.jpg",https://upload.wikimedia.org/wikipedia/commons/e/e0/Man_at_Dundas_subway_station%2C_Toronto%2C_2008-05-06.jpg?utm_source=commons.wikimedia.org&utm_campaign=imageinfo&utm_content=original,166833891,07d144a1c47f7aeca5cc69fc8ccb2e96379ab822,1452,1927,964,1280,b980ee292c26c4d39bfab025ab072c837dd8a2f9b432ea02fda0deca28d1681e,2026-10-02,EXIF orientation applied; converted to RGB JPEG; long edge capped at 1280px; quality 88.,true,Creative Commons Attribution-Share Alike 4.0,personality
0206.jpg,Wikimedia Commons,"https://commons.wikimedia.org/wiki/File:Free_photo_of_Amsterdam_picture_of_waiting_for_the_tram_in_the_rainy_street_Sarphatistraat_Weesperplein,_in_the_light_of_October,_The_Netherlands_(30703187321).png",CC0,http://creativecommons.org/publicdomain/zero/1.0/deed.en,"Fons Heijnsbroek from Amsterdam, Netherlands","Free photo of Amsterdam: picture of waiting for the tram in the rainy street Sarphatistraat / Weesperplein', on a Saturday morning. The sight is direction the city-center of Amsterdam, direction Leidseplein. The black modern building in the middle is a…","transportation travel, tram, rainy, city, outdoors, wet, weather, urban, architecture, black, rain",transportation travel,tram rainy city,"File:Free photo of Amsterdam picture of waiting for the tram in the rainy street Sarphatistraat Weesperplein, in the light of October, The Netherlands (30703187321).png",https://upload.wikimedia.org/wikipedia/commons/3/39/Free_photo_of_Amsterdam_picture_of_waiting_for_the_tram_in_the_rainy_street_Sarphatistraat_Weesperplein%2C_in_the_light_of_October%2C_The_Netherlands_%2830703187321%29.png?utm_source=commons.wikimedia.org&utm_campaign=imageinfo&utm_content=original,105144498,d2d59eea8ddcd000308bbe0515a5bf8475531dcd,3307,2480,1280,960,f558d9ecc8598f1b4c911a5a4c35da81e03844adc66ac3f3db2b03b574f43c6c,2026-10-02,EXIF orientation applied; converted to RGB JPEG; long edge capped at 1280px; quality 88.,false,"Creative Commons Zero, Public Domain Dedication",
0207.jpg,Wikimedia Commons,https://commons.wikimedia.org/wiki/File:Bus_on_a_Quebec_City_street.jpg,CC BY-SA 4.0,https://creativecommons.org/licenses/by-sa/4.0,Wilfredor,"A Réseau de transport de la Capitale bus, number 1046, showing En transit on its destination sign, waiting on a street at dusk. Quebec City, Quebec, Canada.","transportation travel, city, bus, street, urban, outdoors, architecture, blue, sunset, evening, sky, warm, dramatic",transportation travel,city bus street,File:Bus on a Quebec City street.jpg,https://upload.wikimedia.org/wikipedia/commons/5/53/Bus_on_a_Quebec_City_street.jpg?utm_source=commons.wikimedia.org&utm_campaign=imageinfo&utm_content=original,67929248,845628b0f1e01f6c1c098dbd90aec7dfc69da211,6000,4000,1280,853,aea226fd35b703707e51811aa4dda8086080f3b2153b2cdbfe7deb22d653d4c6,2026-10-02,EXIF orientation applied; converted to RGB JPEG; long edge capped at 1280px; quality 88.,true,Creative Commons Attribution-Share Alike 4.0,
0208.jpg,Wikimedia Commons,https://commons.wikimedia.org/wiki/File:School_Bus_in_Snow.jpg,CC BY-SA 4.0,https://creativecommons.org/licenses/by-sa/4.0,Coastline09,IC School bus traversing snowy roads.,"transportation travel, school, bus, snow, outdoors, cold, winter, weather",transportation travel,school bus snow,File:School Bus in Snow.jpg,https://upload.wikimedia.org/wikipedia/commons/7/7f/School_Bus_in_Snow.jpg?utm_source=commons.wikimedia.org&utm_campaign=imageinfo&utm_content=original,41590377,414af8447ffc3658c4a4bd39718f4019a752f093,1825,1230,1280,863,a7b24ebbf73a597f10be27521c11c28e142b2d4131ea837fe173bdcae252908e,2026-10-02,EXIF orientation applied; converted to RGB JPEG; long edge capped at 1280px; quality 88.,true,Creative Commons Attribution-Share Alike 4.0,
0209.jpg,Wikimedia Commons,"https://commons.wikimedia.org/wiki/File:Amboy_(California,_USA),_Hist._Route_66_--_2012_--_1.jpg",CC BY-SA 4.0,https://creativecommons.org/licenses/by-sa/4.0,Dietmar Rabich,Historic Route 66 markings stretch across an empty desert highway.,"highway, road, desert, transportation, travel, empty, outdoors, route 66",transportation travel,an empty highway through the desert,"File:Amboy (California, USA), Hist. Route 66 -- 2012 -- 1.jpg",https://upload.wikimedia.org/wikipedia/commons/7/7a/Amboy_%28California%2C_USA%29%2C_Hist._Route_66_--_2012_--_1.jpg?utm_source=commons.wikimedia.org&utm_campaign=imageinfo&utm_content=original,30517858,e4d2cc86fcca00889dea6a7da2aab518e7cd414f,5065,2570,1280,649,3358717fc0660dd96d5825964c56961564413aebff0d44eac11bddb3b3f39b0c,2026-10-02,EXIF orientation applied; converted to RGB JPEG; long edge capped at 1280px; quality 88.,true,Creative Commons Attribution-Share Alike 4.0,
0210.jpg,Wikimedia Commons,"https://commons.wikimedia.org/wiki/File:Sunset_Key_and_Sailboats,_Florida,_2025.jpg",CC0,http://creativecommons.org/publicdomain/zero/1.0/deed.en,Julian Lupyan,"Sunset Key and sailboats, Florida, 2025","transportation travel, sailboat, sunset, outdoors, evening, sky, warm, dramatic, blue",transportation travel,sailboat sunset,"File:Sunset Key and Sailboats, Florida, 2025.jpg",https://upload.wikimedia.org/wikipedia/commons/7/7a/Sunset_Key_and_Sailboats%2C_Florida%2C_2025.jpg?utm_source=commons.wikimedia.org&utm_campaign=imageinfo&utm_content=original,179278744,a2405601c7590569b9eea5a1207c270c0084ec61,6964,3626,1280,666,fd3c806cbe86bf90c5118c4c10a9332efd2382dffefe4bc562d0c060211e1e50,2026-10-02,EXIF orientation applied; converted to RGB JPEG; long edge capped at 1280px; quality 88.,false,"Creative Commons Zero, Public Domain Dedication",
0211.jpg,Wikimedia Commons,https://commons.wikimedia.org/wiki/File:Fishing_boat_at_the_Atlantic_Ocean_beach.jpg,CC BY-SA 4.0,https://creativecommons.org/licenses/by-sa/4.0,Taiye619,Fishing boat at the Atlantic Ocean beach,"transportation travel, fishing, boat, ocean, transportation, water, outdoors, coast",transportation travel,fishing boat ocean,File:Fishing boat at the Atlantic Ocean beach.jpg,https://upload.wikimedia.org/wikipedia/commons/d/df/Fishing_boat_at_the_Atlantic_Ocean_beach.jpg?utm_source=commons.wikimedia.org&utm_campaign=imageinfo&utm_content=original,118823544,3b14d77e699ab289c14308a44f86424b3bce5bfb,2080,1560,1280,960,d84d91d2fdb9d45ebd7ae518fa933226b693f5fb4dcf33235a683407bc173658,2026-10-02,EXIF orientation applied; converted to RGB JPEG; long edge capped at 1280px; quality 88.,true,Creative Commons Attribution-Share Alike 4.0,
0212.jpg,Wikimedia Commons,https://commons.wikimedia.org/wiki/File:Kayak_Fishing_at_Okmulgee_Lake_-_Flickr_-_FreeWine.jpg,CC BY 2.0,https://creativecommons.org/licenses/by/2.0,Thomas & Dianne Jones,Kayak Fishing at Okmulgee Lake,"transportation travel, kayak, misty, lake, outdoors, water, peaceful, red",transportation travel,kayak misty lake,File:Kayak Fishing at Okmulgee Lake - Flickr - FreeWine.jpg,https://upload.wikimedia.org/wikipedia/commons/b/b6/Kayak_Fishing_at_Okmulgee_Lake_-_Flickr_-_FreeWine.jpg?utm_source=commons.wikimedia.org&utm_campaign=imageinfo&utm_content=original,92219734,ea9dd15d0dfeffd22012e053f04257014414b472,650,814,650,814,1339f279b741a656f75dd48a842cac69c31c5c64e8c68aa3239107929e89b550,2026-10-02,EXIF orientation applied; converted to RGB JPEG; long edge capped at 1280px; quality 88.,true,Creative Commons Attribution 2.0,
0213.jpg,Wikimedia Commons,"https://commons.wikimedia.org/wiki/File:Canoe_in_abandoned_channel,_River_Ljubljanica,_Slovenia.jpg",CC BY-SA 4.0,https://creativecommons.org/licenses/by-sa/4.0,Petar Milošević,"Canoe in abandoned channel, River Ljubljanica, Slovenia","transportation travel, canoe, river, outdoors, water, nature",transportation travel,canoe river,"File:Canoe in abandoned channel, River Ljubljanica, Slovenia.jpg",https://upload.wikimedia.org/wikipedia/commons/1/17/Canoe_in_abandoned_channel%2C_River_Ljubljanica%2C_Slovenia.jpg?utm_source=commons.wikimedia.org&utm_campaign=imageinfo&utm_content=original,150008550,3e67cd8b322e900360bad36862222ea878b3f0a2,6513,4429,1280,870,87eba2bd142e082818169a1c56a61e80c8397951e007f7e2d8d26c460b74e7a7,2026-10-02,EXIF orientation applied; converted to RGB JPEG; long edge capped at 1280px; quality 88.,true,Creative Commons Attribution-Share Alike 4.0,
0214.jpg,Wikimedia Commons,https://commons.wikimedia.org/wiki/File:Brooklyn_from_Governors_Island_Ferry_August_2017.jpg,CC BY-SA 4.0,https://creativecommons.org/licenses/by-sa/4.0,King of Hearts,A waterfront city skyline seen from a ferry across the harbor.,"city skyline, harbor, ferry, water, travel, architecture, outdoors, waterfront",transportation travel,a city skyline seen from a ferry,File:Brooklyn from Governors Island Ferry August 2017.jpg,https://upload.wikimedia.org/wikipedia/commons/a/ae/Brooklyn_from_Governors_Island_Ferry_August_2017.jpg?utm_source=commons.wikimedia.org&utm_campaign=imageinfo&utm_content=original,61959343,f4c5d0e8b395c5a03f25ac45904adf634bb583ab,5940,3960,1280,853,7c3eccfdd77b0373a47622f3b4c2bd235413fbb6441af2a0fb8e0cab6d108dcc,2026-10-02,EXIF orientation applied; converted to RGB JPEG; long edge capped at 1280px; quality 88.,true,Creative Commons Attribution-Share Alike 4.0,
0215.jpg,Wikimedia Commons,"https://commons.wikimedia.org/wiki/File:Queensland_Water_Police_Speedboat_%22M.V._Rita%22,_circa_1974_(PM0253).webp",CC BY 2.5,https://creativecommons.org/licenses/by/2.5,Unknown author Unknown author,"The Water Police speedboat ‘M.V. Rita’ was in service from 1970 to 1978, patrolling Thursday Island and then Cairns. Seen here c1974.","transportation travel, speedboat, water, outdoors",transportation travel,speedboat water,"File:Queensland Water Police Speedboat ""M.V. Rita"", circa 1974 (PM0253).webp",https://upload.wikimedia.org/wikipedia/commons/7/72/Queensland_Water_Police_Speedboat_%22M.V._Rita%22%2C_circa_1974_%28PM0253%29.webp?utm_source=commons.wikimedia.org&utm_campaign=imageinfo&utm_content=original,151277716,a65fb815394cd8b8d2ff4084005936053dc72169,846,628,846,628,7ba1905bd632ee9deb02d30123192397dbdcf1d7d623e6c8d6eee5dd986e17a7,2026-10-02,EXIF orientation applied; converted to RGB JPEG; long edge capped at 1280px; quality 88.,true,Creative Commons Attribution 2.5,
0216.jpg,Wikimedia Commons,https://commons.wikimedia.org/wiki/File:Canal_Grande_Chiesa_della_Salute_e_Dogana_dal_ponte_dell_Accademia.jpg,CC BY-SA 3.0,https://creativecommons.org/licenses/by-sa/3.0,"This Photo was taken by Wolfgang Moroder . Feel free to use my photos, but please mention me as the author and send me a message . This image is not in the public domain . Please respect the copyright protection. It may only be used according to the rules mentioned here. This specifically excludes use in social media , if applicable terms of the licenses listed here not appropriate. Please do not upload an updated image here without consultation with the Author. The author would like to make corrections only at his own source. This ensures that the changes are preserved. Please if you think that any changes should be required, please inform the author. Otherwise you can upload a new image with a new name. Please use one of the templates derivative or extract .","The Grand Canal in Venice. View from the Accademia bridge. The operation performed by the gondolier is called ""va stagando"" in Venetian.","transportation travel, gondola, venice, canal, red, city, urban, outdoors, architecture",transportation travel,gondola Venice canal,File:Canal Grande Chiesa della Salute e Dogana dal ponte dell Accademia.jpg,https://upload.wikimedia.org/wikipedia/commons/a/a3/Canal_Grande_Chiesa_della_Salute_e_Dogana_dal_ponte_dell_Accademia.jpg?utm_source=commons.wikimedia.org&utm_campaign=imageinfo&utm_content=original,23198817,91814e3606f70e284fad692eed92ae3edec0aedf,7307,4912,1280,860,df7443183b0c9bccc49883b993af6183a66b0e8579b7219a55bcc283cff21ff2,2026-10-02,EXIF orientation applied; converted to RGB JPEG; long edge capped at 1280px; quality 88.,true,Creative Commons Attribution-Share Alike 3.0,
0217.jpg,Wikimedia Commons,https://commons.wikimedia.org/wiki/File:Clouds_disappearing_into_a_darkening_blue_sky_over_an_airplane_wing.jpg,CC0,http://creativecommons.org/publicdomain/zero/1.0/deed.en,Shocksingularity,A view of an airplane wing under a layer of clouds and a deepening blue sky,"transportation travel, airplane, clouds, sky, transportation, air, blue",transportation travel,airplane clouds sky,File:Clouds disappearing into a darkening blue sky over an airplane wing.jpg,https://upload.wikimedia.org/wikipedia/commons/8/82/Clouds_disappearing_into_a_darkening_blue_sky_over_an_airplane_wing.jpg?utm_source=commons.wikimedia.org&utm_campaign=imageinfo&utm_content=original,166732976,589442c6969e7b4a56765d888c74029d3de28d67,3024,4032,960,1280,01fc0c9563e383c25b0e0537ea488c23da533d67dc6f84c14d2abc7351a33468,2026-10-02,EXIF orientation applied; converted to RGB JPEG; long edge capped at 1280px; quality 88.,false,"Creative Commons Zero, Public Domain Dedication",
0218.jpg,Wikimedia Commons,https://commons.wikimedia.org/wiki/File:A_beautiful_sunset_with_the_silhoutte_of_an_airplane_flying_across_the_image_frame.jpg,CC BY-SA 4.0,https://creativecommons.org/licenses/by-sa/4.0,Subhrajyoti07,A beautiful sunset with the silhoutte of an airplane flying across the image frame,"transportation travel, airplane, sunset, transportation, air, sky, outdoors, evening, warm, dramatic, orange, flying, action, motion",transportation travel,airplane sunset,File:A beautiful sunset with the silhoutte of an airplane flying across the image frame.jpg,https://upload.wikimedia.org/wikipedia/commons/0/0a/A_beautiful_sunset_with_the_silhoutte_of_an_airplane_flying_across_the_image_frame.jpg?utm_source=commons.wikimedia.org&utm_campaign=imageinfo&utm_content=original,117662793,079d202272cd10e320e25198bf424a798bfa3a29,6016,4000,1280,851,ee4828ab64830c21bb5e5d0168daa5108535e1543cf0d1b387838787e67659e5,2026-10-02,EXIF orientation applied; converted to RGB JPEG; long edge capped at 1280px; quality 88.,true,Creative Commons Attribution-Share Alike 4.0,
0219.jpg,Wikimedia Commons,https://commons.wikimedia.org/wiki/File:Runway_(Aeroplane_landing_point_or_airplane_take_off_spot)_in_the_Imphal_International_Airport_03.jpg,CC BY-SA 4.0,https://creativecommons.org/licenses/by-sa/4.0,Haoreima,"Runway (Aeroplane landing point or airplane take off spot) in the Imphal International Airport (also known as Tulihal International Airport or Bir Tikendrajit International Airport) in Imphal, the capital city of Kangleipak (better known as Manipur state)…","transportation travel, airplane, airport, runway, transportation, air, sky, city, urban, outdoors, architecture, man",transportation travel,airplane airport runway,File:Runway (Aeroplane landing point or airplane take off spot) in the Imphal International Airport 03.jpg,https://upload.wikimedia.org/wikipedia/commons/e/e6/Runway_%28Aeroplane_landing_point_or_airplane_take_off_spot%29_in_the_Imphal_International_Airport_03.jpg?utm_source=commons.wikimedia.org&utm_campaign=imageinfo&utm_content=original,154262948,9558c753ad80e6e940fc1e399a589d4d025165fd,4000,2992,1280,957,8918e7babfe6e792abc2cd8fcfd4d3733a0993250bfc0545f8cfb0d78df1d24e,2026-10-02,EXIF orientation applied; converted to RGB JPEG; long edge capped at 1280px; quality 88.,true,Creative Commons Attribution-Share Alike 4.0,
0220.jpg,Wikimedia Commons,https://commons.wikimedia.org/wiki/File:Inside_of_a_hot_air_balloon.jpg,CC BY-SA 4.0,https://creativecommons.org/licenses/by-sa/4.0,Hu Nhu,A colorful hot-air-balloon canopy viewed straight up from its basket.,"hot air balloon, colorful, transportation, sky, geometric, travel, upward view",transportation travel,inside a colorful hot air balloon,File:Inside of a hot air balloon.jpg,https://upload.wikimedia.org/wikipedia/commons/4/43/Inside_of_a_hot_air_balloon.jpg?utm_source=commons.wikimedia.org&utm_campaign=imageinfo&utm_content=original,133327021,628d35a0a30b28fd0183458658bacb28a87b3957,3024,4032,960,1280,5b32aa1646b24d5a33a7400cf987343ae39a1dd02a4ff97058dee4dced642540,2026-10-02,EXIF orientation applied; converted to RGB JPEG; long edge capped at 1280px; quality 88.,true,Creative Commons Attribution-Share Alike 4.0,
0221.jpg,Wikimedia Commons,"https://commons.wikimedia.org/wiki/File:Tengboche,_Helicopter_in_flight,_Mountains_of_Nepal.jpg",CC BY 4.0,https://creativecommons.org/licenses/by/4.0,Vyacheslav Argenberg,"Helicopter in flight in the mountains. Tengboche, Nepal.","transportation travel, helicopter, mountains, outdoors, nature, landscape",transportation travel,helicopter mountains,"File:Tengboche, Helicopter in flight, Mountains of Nepal.jpg",https://upload.wikimedia.org/wikipedia/commons/f/ff/Tengboche%2C_Helicopter_in_flight%2C_Mountains_of_Nepal.jpg?utm_source=commons.wikimedia.org&utm_campaign=imageinfo&utm_content=original,125716703,60a186380d20a2ee89a90fff7e6f3649db6d0711,4032,2688,1280,853,886454653f40a0124ec7a43661453149c62c3456e450b6b560da04eac81f8537,2026-10-02,EXIF orientation applied; converted to RGB JPEG; long edge capped at 1280px; quality 88.,true,Creative Commons Attribution 4.0,
0222.jpg,Wikimedia Commons,https://commons.wikimedia.org/wiki/File:Sky_Glider_-_panoramio_(8).jpg,CC BY 3.0,https://creativecommons.org/licenses/by/3.0,Corey Coyle,A colorful sky-glider amusement ride swings above a crowd outdoors.,"amusement ride, colorful, people, crowd, outdoors, sky, motion, playful",transportation travel,a colorful amusement ride in the sky,File:Sky Glider - panoramio (8).jpg,https://upload.wikimedia.org/wikipedia/commons/e/ec/Sky_Glider_-_panoramio_%288%29.jpg?utm_source=commons.wikimedia.org&utm_campaign=imageinfo&utm_content=original,59630503,bcf6ee70096555a05cd6de76b4f7c8d19834ade8,5092,3326,1280,836,8ec29e5c819750353281781aec0b10a01c77077b2ba81cfd320de3a570d3c40e,2026-10-02,EXIF orientation applied; converted to RGB JPEG; long edge capped at 1280px; quality 88.,true,Creative Commons Attribution 3.0,
0223.jpg,Wikimedia Commons,"https://commons.wikimedia.org/wiki/File:Dombay_cable_car,_aerial_lift_in_the_Caucasus_Mountains,_Snow,_Dombay,_Karachay-Cherkessia.jpg",CC BY 4.0,https://creativecommons.org/licenses/by/4.0,Vyacheslav Argenberg,"Cable car, cable way, aerial lift in the Caucasus Mountains. Dombay, Karachay-Cherkessia.","transportation travel, cable, car, mountains, transportation, land, outdoors, nature, landscape, snow, cold, winter, weather",transportation travel,cable car mountains,"File:Dombay cable car, aerial lift in the Caucasus Mountains, Snow, Dombay, Karachay-Cherkessia.jpg",https://upload.wikimedia.org/wikipedia/commons/7/76/Dombay_cable_car%2C_aerial_lift_in_the_Caucasus_Mountains%2C_Snow%2C_Dombay%2C_Karachay-Cherkessia.jpg?utm_source=commons.wikimedia.org&utm_campaign=imageinfo&utm_content=original,175564012,c5121062f0f43637e86d2a4b7ae9f66cf8ff1d7e,4912,3264,1280,851,388911bc0f932c9cda297f09019ddc4ae3bbe7fd06889e77eb04e7e995921e0f,2026-10-02,EXIF orientation applied; converted to RGB JPEG; long edge capped at 1280px; quality 88.,true,Creative Commons Attribution 4.0,
0224.jpg,Wikimedia Commons,https://commons.wikimedia.org/wiki/File:Aspen_Mountain_Silver_Queen_Gondola.jpg,CC BY-SA 3.0,https://creativecommons.org/licenses/by-sa/3.0,"This Photo was taken by Wolfgang Moroder . Feel free to use my photos, but please mention me as the author and send me a message . This image is not in the public domain . Please respect the copyright protection. It may only be used according to the rules mentioned here. This specifically excludes use in social media , if applicable terms of the licenses listed here not appropriate. Please do not upload an updated image here without consultation with the Author. The author would like to make corrections only at his own source. This ensures that the changes are preserved. Please if you think that any changes should be required, please inform the author. Otherwise you can upload a new image with a new name. Please use one of the templates derivative or extract .",Silver Queen Gondola and chairlift over Copper's gulch on Aspen Mountain,"transportation travel, chairlift, snow, mountain, outdoors, cold, winter, weather, nature, landscape, red",transportation travel,chairlift snow mountain,File:Aspen Mountain Silver Queen Gondola.jpg,https://upload.wikimedia.org/wikipedia/commons/f/f9/Aspen_Mountain_Silver_Queen_Gondola.jpg?utm_source=commons.wikimedia.org&utm_campaign=imageinfo&utm_content=original,39636316,cd6d477b8a52063ab07eb80ec83fa2b0a626f3a5,7360,4912,1280,854,d7aed1c462a7cce8a1a9aede5e4320ca1be521777edb5bc7854e09788f5f42f5,2026-10-02,EXIF orientation applied; converted to RGB JPEG; long edge capped at 1280px; quality 88.,true,Creative Commons Attribution-Share Alike 3.0,
0225.jpg,Wikimedia Commons,"https://commons.wikimedia.org/wiki/File:Tractor_New_Holland_T6.165_plowing_(Zadobrova,_Ljubljana).jpg",CC BY-SA 4.0,https://creativecommons.org/licenses/by-sa/4.0,Petar Milošević,"Aerial view of tractor New Holland T6.165 plowing (ploughing) a field, Zadobrova, Ljubljana, Slovenia.","transportation travel, tractor, field, blue",transportation travel,tractor field,"File:Tractor New Holland T6.165 plowing (Zadobrova, Ljubljana).jpg",https://upload.wikimedia.org/wikipedia/commons/1/12/Tractor_New_Holland_T6.165_plowing_%28Zadobrova%2C_Ljubljana%29.jpg?utm_source=commons.wikimedia.org&utm_campaign=imageinfo&utm_content=original,164881457,8c5f10fe0ca4b44e4e733c27610fd22df7fce5ba,4896,3828,1280,1001,64b31a9a45bf9712c7f172020e34419640312f3d4a869eb2505cdf08ce3ee72f,2026-10-02,EXIF orientation applied; converted to RGB JPEG; long edge capped at 1280px; quality 88.,true,Creative Commons Attribution-Share Alike 4.0,
0226.jpg,Wikimedia Commons,"https://commons.wikimedia.org/wiki/File:Horse_carriage,_Quebec_City,_Canada.jpg",CC BY-SA 4.0,https://creativecommons.org/licenses/by-sa/4.0,Marc-Lautenbacher,"Double horse carriage with black and brown horse race at a sugar shack in springtime, Quebec City, Canada.","transportation travel, horse, carriage, city, animal, urban, outdoors, architecture, black",transportation travel,horse carriage city,"File:Horse carriage, Quebec City, Canada.jpg",https://upload.wikimedia.org/wikipedia/commons/9/9e/Horse_carriage%2C_Quebec_City%2C_Canada.jpg?utm_source=commons.wikimedia.org&utm_campaign=imageinfo&utm_content=original,82506016,3ac746f91f689cedbe5ce4c6375e14889ee0979f,2336,3504,853,1280,2288a45e87d7ab24f2fcaed9e30bfbe9a505a0b3c74a1bc4f64b67ec866f55a6,2026-10-02,EXIF orientation applied; converted to RGB JPEG; long edge capped at 1280px; quality 88.,true,Creative Commons Attribution-Share Alike 4.0,
0227.jpg,Wikimedia Commons,"https://commons.wikimedia.org/wiki/File:Traditional_rickshaw_on_the_streets_of_Calcutta_(Kolkata),_India.jpg",CC BY 4.0,https://creativecommons.org/licenses/by/4.0,Vyacheslav Argenberg,"Kolkata is the last place on Earth where rickshaws still haul people and goods. Kolkata, Calcutta, West Bengal, India.","transportation travel, rickshaw, street, urban, outdoors",transportation travel,rickshaw street,"File:Traditional rickshaw on the streets of Calcutta (Kolkata), India.jpg",https://upload.wikimedia.org/wikipedia/commons/d/db/Traditional_rickshaw_on_the_streets_of_Calcutta_%28Kolkata%29%2C_India.jpg?utm_source=commons.wikimedia.org&utm_campaign=imageinfo&utm_content=original,101340117,b7f0f149ccfe2981672cd473915e8d5484679527,4032,2688,1280,853,df5178f538cc145f46a325434bed0ab6f5b5316eb2d97a1334b21890fa615792,2026-10-02,EXIF orientation applied; converted to RGB JPEG; long edge capped at 1280px; quality 88.,true,Creative Commons Attribution 4.0,
0228.jpg,Wikimedia Commons,https://commons.wikimedia.org/wiki/File:Malta_Bus_-_City_Gate_Square.jpg,CC BY-SA 3.0,https://creativecommons.org/licenses/by-sa/3.0,MrPanyGoff,"Malta Bus, model Bedford / Leyland Tiger Cub, at City Gate Square, Valletta.","transportation travel, yellow, bus, city, urban, outdoors, architecture",transportation travel,yellow bus city,File:Malta Bus - City Gate Square.jpg,https://upload.wikimedia.org/wikipedia/commons/9/99/Malta_Bus_-_City_Gate_Square.jpg?utm_source=commons.wikimedia.org&utm_campaign=imageinfo&utm_content=original,17529645,4e6b7c5f79ba44a71071eef4c3c32b9a8aa9911e,2235,1700,1280,974,75f107e390845dc14160811c455505b95e51fb1b1cd3922a459c92af83568052,2026-10-02,EXIF orientation applied; converted to RGB JPEG; long edge capped at 1280px; quality 88.,true,Creative Commons Attribution-Share Alike 3.0,
0229.jpg,Wikimedia Commons,"https://commons.wikimedia.org/wiki/File:Kitesurfer_at_sunset,_Workum,_may_2017.jpg",CC BY-SA 4.0,https://creativecommons.org/licenses/by-sa/4.0,Villy Fink Isaksen,"Kitesurfer at sunset, Workum, may 2017","landscapes weather nature, beach, sunset, outdoors, water, coast, vacation, evening, sky, warm, dramatic, orange",landscapes weather nature,beach sunset,"File:Kitesurfer at sunset, Workum, may 2017.jpg",https://upload.wikimedia.org/wikipedia/commons/6/6a/Kitesurfer_at_sunset%2C_Workum%2C_may_2017.jpg?utm_source=commons.wikimedia.org&utm_campaign=imageinfo&utm_content=original,59418610,3c8679a0911e5b8bfb7eb4a9cd45b8d13a9f86ea,5500,2319,1280,540,c20ac8606e432a769cde44329133c9d613c7c4c6ebecd7447e91e8f5b65035e3,2026-10-02,EXIF orientation applied; converted to RGB JPEG; long edge capped at 1280px; quality 88.,true,Creative Commons Attribution-Share Alike 4.0,
0230.jpg,Wikimedia Commons,"https://commons.wikimedia.org/wiki/File:Havelock_Island,_Mangrove_tree_on_the_beach,_Andaman_Islands.jpg",CC BY 4.0,https://creativecommons.org/licenses/by/4.0,Vyacheslav Argenberg,"Andaman archipelago is a juicy blend of tropical flavors, trees, sunny and exotic. Ethereal mangrove trees rising out of crystal clear turquoise water on the tropical beach of Havelock Island, Andaman Sea, Andaman and Nicobar Islands, India.","landscapes weather nature, tropical, beach, turquoise, water, outdoors, coast, vacation, blue, sunny, sky, man",landscapes weather nature,tropical beach turquoise water,"File:Havelock Island, Mangrove tree on the beach, Andaman Islands.jpg",https://upload.wikimedia.org/wikipedia/commons/5/51/Havelock_Island%2C_Mangrove_tree_on_the_beach%2C_Andaman_Islands.jpg?utm_source=commons.wikimedia.org&utm_campaign=imageinfo&utm_content=original,102119646,3a686b8da0e68e6e5c7f2d0bce906b4c6296ae9b,4032,2688,1280,853,17c8d2823cab5a8cd0326f16e9c553cac1cfcd7498dc95d883761b4d6604a3ce,2026-10-02,EXIF orientation applied; converted to RGB JPEG; long edge capped at 1280px; quality 88.,true,Creative Commons Attribution 4.0,
0231.jpg,Wikimedia Commons,https://commons.wikimedia.org/wiki/File:Pieter_Mulier_A_Ship_Wrecked_in_a_Storm_off_a_Rocky_Coast.jpg,Public domain,,Pieter Mulier,Pieter Mulier A Ship Wrecked in a Storm off a Rocky Coast,"landscapes weather nature, rocky, coast, storm",landscapes weather nature,rocky coast storm,File:Pieter Mulier A Ship Wrecked in a Storm off a Rocky Coast.jpg,https://upload.wikimedia.org/wikipedia/commons/4/41/Pieter_Mulier_A_Ship_Wrecked_in_a_Storm_off_a_Rocky_Coast.jpg?utm_source=commons.wikimedia.org&utm_campaign=imageinfo&utm_content=original,10945875,f4a58887bb6574eaf22c73a09282f12809deb71b,1280,740,1280,740,e5e9990ca86ed75eecf8ace96dca697e216e7705d48f3c67a6128576ff3bed91,2026-10-02,EXIF orientation applied; converted to RGB JPEG; long edge capped at 1280px; quality 88.,false,Public domain,
0232.jpg,Wikimedia Commons,"https://commons.wikimedia.org/wiki/File:Dramatic_golden_sunset_over_the_Praia_da_Rocha_ocean_beach_with_waves_in_Portim%C3%A3o,_Faro,_Portugal,_February_2025_(54451005816).jpg",CC BY 2.0,https://creativecommons.org/licenses/by/2.0,Sergei Gussev,"Golden sunset over Praia da Rocha beach in Portimão, Faro, Portugal. The sky is filled with dramatic clouds in shades of orange, yellow, and gray. Gentle waves roll onto the sandy shore, reflecting the sunset's colors. Silhouettes of distant cliffs are…","landscapes weather nature, ocean, waves, dramatic, outdoors, water, coast, yellow, orange, sunset, evening, sky, warm",landscapes weather nature,ocean waves dramatic,"File:Dramatic golden sunset over the Praia da Rocha ocean beach with waves in Portimão, Faro, Portugal, February 2025 (54451005816).jpg",https://upload.wikimedia.org/wikipedia/commons/7/74/Dramatic_golden_sunset_over_the_Praia_da_Rocha_ocean_beach_with_waves_in_Portim%C3%A3o%2C_Faro%2C_Portugal%2C_February_2025_%2854451005816%29.jpg?utm_source=commons.wikimedia.org&utm_campaign=imageinfo&utm_content=original,191915970,04d2ea28df3144649e027ed1e20c3fea0077c66d,3992,2994,1280,960,9ac5823b0107053d3e0cd335d466292370b461546b75f26328655de9a55d6810,2026-10-02,EXIF orientation applied; converted to RGB JPEG; long edge capped at 1280px; quality 88.,true,Creative Commons Attribution 2.0,
0233.jpg,Wikimedia Commons,https://commons.wikimedia.org/wiki/File:Fog_rolling_over_Arched_Rock.jpg,CC BY-SA 3.0,https://creativecommons.org/licenses/by-sa/3.0,Frank Schulenburg,"Fog rolling over Arched Rock near Goat Rock Beach, Sonoma County, California.","landscapes weather nature, beach, fog, outdoors, water, coast, vacation, weather, atmospheric",landscapes weather nature,beach fog,File:Fog rolling over Arched Rock.jpg,https://upload.wikimedia.org/wikipedia/commons/8/81/Fog_rolling_over_Arched_Rock.jpg?utm_source=commons.wikimedia.org&utm_campaign=imageinfo&utm_content=original,20007022,c3cc0caf07025185588f38c58078410daadd237a,3419,2186,1280,818,8e810885a4dfc53bb74086f745bba6cd9257c50843234f7ee10293b840c0a4af,2026-10-02,EXIF orientation applied; converted to RGB JPEG; long edge capped at 1280px; quality 88.,true,Creative Commons Attribution-Share Alike 3.0,
0234.jpg,Wikimedia Commons,"https://commons.wikimedia.org/wiki/File:Gurudongmar_Lake_Sikkim,_India_(edit).jpg",CC BY-SA 4.0,https://creativecommons.org/licenses/by-sa/4.0,Original: Yoghya Derivative work: UnpetitproleX,"Partially frozen Gurudongmar Lake, a high altitude glacial lake located in the northeast Indian state of Sikkim . Located at an altitude of over 5,150 metres (16,900 ft), the lake is located to the north of the Himalayas, and is fed by glaciers of the…","landscapes weather nature, frozen, lake, mountains, outdoors, water, peaceful, nature, landscape",landscapes weather nature,frozen lake mountains,"File:Gurudongmar Lake Sikkim, India (edit).jpg",https://upload.wikimedia.org/wikipedia/commons/5/5f/Gurudongmar_Lake_Sikkim%2C_India_%28edit%29.jpg?utm_source=commons.wikimedia.org&utm_campaign=imageinfo&utm_content=original,163256573,597b414e5ce1c4f2ea9a28c2c0cbf3945391e849,6000,4000,1280,853,8fc81f0c29f4978c7aa6b868d1df4112fd45229ca85c0d0a4eeab26ce6b3fde5,2026-10-02,EXIF orientation applied; converted to RGB JPEG; long edge capped at 1280px; quality 88.,true,Creative Commons Attribution-Share Alike 4.0,
0235.jpg,Wikimedia Commons,https://commons.wikimedia.org/wiki/File:Mountains_clouds_Mekong_and_dwellings_from_Mount_Phou_Si_at_sunrise_in_Luang_Prabang_Laos.jpg,CC BY-SA 4.0,https://creativecommons.org/licenses/by-sa/4.0,Basile Morin,"Mountains with fog and low clouds, muddy water of the Mekong river and dwellings among trees, during the monsoon , view from Mount Phou Si, at sunrise (6:00 am), in Luang Prabang , Laos .","landscapes weather nature, mountain, sunrise, outdoors, nature, landscape, morning, sky, peaceful, fog, weather, atmospheric, city, urban, architecture, water",landscapes weather nature,mountain sunrise,File:Mountains clouds Mekong and dwellings from Mount Phou Si at sunrise in Luang Prabang Laos.jpg,https://upload.wikimedia.org/wikipedia/commons/a/a8/Mountains_clouds_Mekong_and_dwellings_from_Mount_Phou_Si_at_sunrise_in_Luang_Prabang_Laos.jpg?utm_source=commons.wikimedia.org&utm_campaign=imageinfo&utm_content=original,141591569,0261ec04b5941a3be1b06eba30ae2795fd59dd3d,6484,3647,1280,720,fc8a8b8ba2e7757f10f267dfd20efc1d6a678d312956dcce6d401f6ed4931963,2026-10-02,EXIF orientation applied; converted to RGB JPEG; long edge capped at 1280px; quality 88.,true,Creative Commons Attribution-Share Alike 4.0,
0236.jpg,Wikimedia Commons,https://commons.wikimedia.org/wiki/File:Iceland%27s_Mid-Atlantic_Ridge_during_snow.jpg,CC BY-SA 4.0,https://creativecommons.org/licenses/by-sa/4.0,"This work taken by Bar Harel . If you want to reuse it outside Wikimedia Foundation projects, please credit me as photographer: place the notice « © Bar Harel, CC BY-SA 4.0, Wikimedia Commons » either below the photo, or the way it is visible after clicking on the photo.",A shot taken from a plane over Iceland 's south-western part of the mountain range caused by the Mid-Atlantic Ridge ( Reykjanes Ridge ). The shot is pointing towards the south-east (taken from above the sea).,"landscapes weather nature, snowy, mountains, landscape, outdoors, cold, winter, weather, nature, snow",landscapes weather nature,snowy mountains landscape,File:Iceland's Mid-Atlantic Ridge during snow.jpg,https://upload.wikimedia.org/wikipedia/commons/4/49/Iceland%27s_Mid-Atlantic_Ridge_during_snow.jpg?utm_source=commons.wikimedia.org&utm_campaign=imageinfo&utm_content=original,69960952,c2bf38d5561f964ed35ad91e790fbf39d12d99cd,5975,3609,1280,773,d7bec76716adf9a7c751d4eaab9aaa93aae290b5798b1c5f5be152a0e6c220a0,2026-10-02,EXIF orientation applied; converted to RGB JPEG; long edge capped at 1280px; quality 88.,true,Creative Commons Attribution-Share Alike 4.0,
0237.jpg,Wikimedia Commons,https://commons.wikimedia.org/wiki/File:Mountains_Reflection_Sani_Zanskar_Oct22_A7C_04247.jpg,CC BY-SA 4.0,https://creativecommons.org/licenses/by-sa/4.0,"This Photo was taken by Timothy A. Gonsalves . Feel free to use my photos, but please mention me as the author. I would much appreciate if you send me an email tagooty@yahoo.com or write on my talk page , for my information. Please contact me before commercial use. Please do not upload an edited image here without consulting me. I would like to make corrections only at my own source to ensure that the changes improve the image and are preserved. Otherwise you may upload an edited image with a new name. Please use one of the templates derivative or extract .","Sani, mountains reflected in Lake, Zanskar, Ladakh, India","landscapes weather nature, mountain, lake, reflection, outdoors, nature, landscape, water, peaceful, symmetry, blue, snow, cold, winter, weather, sky",landscapes weather nature,mountain lake reflection,File:Mountains Reflection Sani Zanskar Oct22 A7C 04247.jpg,https://upload.wikimedia.org/wikipedia/commons/c/c3/Mountains_Reflection_Sani_Zanskar_Oct22_A7C_04247.jpg?utm_source=commons.wikimedia.org&utm_campaign=imageinfo&utm_content=original,133237738,6ec4a232f9cd7d1b6a4bb7db3acf23cdcf4f4343,6000,4000,1280,853,01b7b8dadec12c97fd1eaaa96f4e3f512d55c1d538d79a8312c753b281aaab1f,2026-10-02,EXIF orientation applied; converted to RGB JPEG; long edge capped at 1280px; quality 88.,true,Creative Commons Attribution-Share Alike 4.0,
0238.jpg,Wikimedia Commons,"https://commons.wikimedia.org/wiki/File:Sunlight_and_stormy_sky_over_the_mountains_and_paddy_fields_in_Vang_Vieng,_Laos.jpg",CC BY-SA 4.0,https://creativecommons.org/licenses/by-sa/4.0,Basile Morin,"Sunlight and stormy sky over the mountains and paddy fields , South-West view from the top of Mount Nam Xay, during the monsoon , in Vang Vieng , Vientiane Province , Laos .","landscapes weather nature, mountain, storm, clouds, outdoors, nature, landscape, green, sky",landscapes weather nature,mountain storm clouds,"File:Sunlight and stormy sky over the mountains and paddy fields in Vang Vieng, Laos.jpg",https://upload.wikimedia.org/wikipedia/commons/6/66/Sunlight_and_stormy_sky_over_the_mountains_and_paddy_fields_in_Vang_Vieng%2C_Laos.jpg?utm_source=commons.wikimedia.org&utm_campaign=imageinfo&utm_content=original,92391676,11495ddae3f6edf1cb58bc3533170f689ee7366b,6280,4187,1280,853,0eb132cd6c48551657fd4facb990844ddd20bcdf2b935e14726062e692efa276,2026-10-02,EXIF orientation applied; converted to RGB JPEG; long edge capped at 1280px; quality 88.,true,Creative Commons Attribution-Share Alike 4.0,
0239.jpg,Wikimedia Commons,https://commons.wikimedia.org/wiki/File:Sunlight_in_the_forest.jpg,CC BY-SA 4.0,https://creativecommons.org/licenses/by-sa/4.0,Antoloji,Sunlight in the forest,"landscapes weather nature, forest, sunlight, outdoors, nature, green",landscapes weather nature,forest sunlight,File:Sunlight in the forest.jpg,https://upload.wikimedia.org/wikipedia/commons/9/9a/Sunlight_in_the_forest.jpg?utm_source=commons.wikimedia.org&utm_campaign=imageinfo&utm_content=original,97650879,370037423e1b06d4d037b511a68817fd667e7360,4032,3024,1280,960,d11809d860ad0b51b893e9ed66476e2cb232a8329e78502ddb1597149a585fbb,2026-10-02,EXIF orientation applied; converted to RGB JPEG; long edge capped at 1280px; quality 88.,true,Creative Commons Attribution-Share Alike 4.0,
0240.jpg,Wikimedia Commons,https://commons.wikimedia.org/wiki/File:NewForestPonies_sunrise.jpg,CC BY-SA 4.0,https://creativecommons.org/licenses/by-sa/4.0,Joana Kruse joanaimages.com,Ponies stand in a misty forest meadow at sunrise.,"horses, ponies, mist, forest, meadow, sunrise, animal, peaceful",landscapes weather nature,ponies in a misty forest at sunrise,File:NewForestPonies sunrise.jpg,https://upload.wikimedia.org/wikipedia/commons/2/27/NewForestPonies_sunrise.jpg?utm_source=commons.wikimedia.org&utm_campaign=imageinfo&utm_content=original,170576393,f5236fb5d35a163ae9a0a422e2cc5fb23e7ec208,5735,3823,1280,853,56457cb01a142471418eccb92aac129b2f5d251c0f42baee79008a4a0b2bb8ea,2026-10-02,EXIF orientation applied; converted to RGB JPEG; long edge capped at 1280px; quality 88.,true,Creative Commons Attribution-Share Alike 4.0,
0241.jpg,Wikimedia Commons,https://commons.wikimedia.org/wiki/File:Fyodor_Vasilyev_Autumn_forest_10987.jpg,Public domain,,Fyodor Vasilyev (1850—1873),A painted autumn forest glowing in green and golden light.,"painting, autumn forest, green, gold, nature, art, peaceful, landscape",landscapes weather nature,a painting of an autumn forest,File:Fyodor Vasilyev Autumn forest 10987.jpg,https://upload.wikimedia.org/wikipedia/commons/1/1f/Fyodor_Vasilyev_Autumn_forest_10987.jpg?utm_source=commons.wikimedia.org&utm_campaign=imageinfo&utm_content=original,32611835,99b65f53106acb1bfeadd857bdf4423c8629c8e7,550,800,550,800,ca488a5719abb91992f83402c82b9def25533d394a107e2eb605baff2c41cf28,2026-10-02,EXIF orientation applied; converted to RGB JPEG; long edge capped at 1280px; quality 88.,false,Public domain,
0242.jpg,Wikimedia Commons,https://commons.wikimedia.org/wiki/File:Waterfall_in_rainforest.jpg,CC BY-SA 4.0,https://creativecommons.org/licenses/by-sa/4.0,Olga Saenz,"Las Pailas Rincon de la Vieja National Park, Costa Rica","landscapes weather nature, rainforest, waterfall, rain, outdoors, wet, weather, water",landscapes weather nature,rainforest waterfall,File:Waterfall in rainforest.jpg,https://upload.wikimedia.org/wikipedia/commons/1/19/Waterfall_in_rainforest.jpg?utm_source=commons.wikimedia.org&utm_campaign=imageinfo&utm_content=original,77119497,6998aba4680774e403779554025aa3fe24b07728,1496,2256,849,1280,5337e1de62b86dddbccb3927392b87c174f36e00d69b1243a24819a04daf75e4,2026-10-02,EXIF orientation applied; converted to RGB JPEG; long edge capped at 1280px; quality 88.,true,Creative Commons Attribution-Share Alike 4.0,
0243.jpg,Wikimedia Commons,"https://commons.wikimedia.org/wiki/File:Gullfoss,_Su%C3%B0urland,_Islandia,_2014-08-16,_DD_123.JPG",CC BY-SA 4.0,https://creativecommons.org/licenses/by-sa/4.0,Diego Delso,"Rainbow over Gullfoss (""Golden Falls"" in Icelandic), a waterfall located in the canyon of the Hvítá river and one of the main attractions of the Golden Circle in southwest of Iceland . The fall step on the left is 11 m high and the one on the right 20 m…","landscapes weather nature, waterfall, rainbow, rain, outdoors, wet, weather, water",landscapes weather nature,waterfall rainbow,"File:Gullfoss, Suðurland, Islandia, 2014-08-16, DD 123.JPG",https://upload.wikimedia.org/wikipedia/commons/8/89/Gullfoss%2C_Su%C3%B0urland%2C_Islandia%2C_2014-08-16%2C_DD_123.JPG?utm_source=commons.wikimedia.org&utm_campaign=imageinfo&utm_content=original,37281041,c39498f9f6eae91202916a48bf91a9b2564f334a,5390,3329,1280,791,6e60af98c596b2ec59b3d53327cfaff0b25196d8ec7ad61401b4468b6347fdfb,2026-10-02,EXIF orientation applied; converted to RGB JPEG; long edge capped at 1280px; quality 88.,true,Creative Commons Attribution-Share Alike 4.0,
0244.jpg,Wikimedia Commons,https://commons.wikimedia.org/wiki/File:Valley_of_Tasman_River_NZ_12.jpg,CC BY-SA 4.0,https://creativecommons.org/licenses/by-sa/4.0,Krzysztof Golik,"Valley of Tasman River in Aoraki/Mount Cook National Park in the South Island, New Zealand","landscapes weather nature, river, valley, landscape, outdoors, water, nature, blue, sky",landscapes weather nature,river valley landscape,File:Valley of Tasman River NZ 12.jpg,https://upload.wikimedia.org/wikipedia/commons/b/b0/Valley_of_Tasman_River_NZ_12.jpg?utm_source=commons.wikimedia.org&utm_campaign=imageinfo&utm_content=original,66865458,bfcfc8c14d67adbd858ec3858be989a24b5033f0,3856,1892,1280,628,85a8ee994bb304359e64807e3401d17f6015e674d9721c2a65329e65bef75210,2026-10-02,EXIF orientation applied; converted to RGB JPEG; long edge capped at 1280px; quality 88.,true,Creative Commons Attribution-Share Alike 4.0,
0245.jpg,Wikimedia Commons,https://commons.wikimedia.org/wiki/File:Clouds_over_the_Xe_Don_River_with_boats_at_sunset_in_Pakse_Laos.jpg,CC BY-SA 4.0,https://creativecommons.org/licenses/by-sa/4.0,Basile Morin,"Clouds over the Xe Don River with boats at sunset in Pakse , in Laos .","landscapes weather nature, river, sunset, outdoors, water, nature, evening, sky, warm, dramatic, orange",landscapes weather nature,river sunset,File:Clouds over the Xe Don River with boats at sunset in Pakse Laos.jpg,https://upload.wikimedia.org/wikipedia/commons/6/61/Clouds_over_the_Xe_Don_River_with_boats_at_sunset_in_Pakse_Laos.jpg?utm_source=commons.wikimedia.org&utm_campaign=imageinfo&utm_content=original,139113170,d53c0411b4e9eb8aad6940b1b92dcdf3df2f500a,5424,3390,1280,800,95a772f2b0642276518bfbc36dcfd86f7d08ef8102751e452796d3e9abeecf91,2026-10-02,EXIF orientation applied; converted to RGB JPEG; long edge capped at 1280px; quality 88.,true,Creative Commons Attribution-Share Alike 4.0,
0246.jpg,Wikimedia Commons,https://commons.wikimedia.org/wiki/File:Utah_Dunes_Landscape_-_West_Desert_District.jpg,Public domain,,Bureau of Land Management - Utah/Bob Wick,Little Sahara Recreation Area,"landscapes weather nature, desert, dunes, sunset, outdoors, nature, landscape, dry, evening, sky, warm, dramatic, snow, cold, winter, weather",landscapes weather nature,desert dunes sunset,File:Utah Dunes Landscape - West Desert District.jpg,https://upload.wikimedia.org/wikipedia/commons/c/cb/Utah_Dunes_Landscape_-_West_Desert_District.jpg?utm_source=commons.wikimedia.org&utm_campaign=imageinfo&utm_content=original,145015263,74ab899dd443dd19c0ffb31dd618be3debf05694,4000,2628,1280,841,da3e09ddaeff8d28215769eefc039de25a982f2d4fc8d39941ced03fee8846f8,2026-10-02,EXIF orientation applied; converted to RGB JPEG; long edge capped at 1280px; quality 88.,false,Public domain,
0247.jpg,Wikimedia Commons,https://commons.wikimedia.org/wiki/File:Dust_storm_in_Black_Rocks_Desert_nn.jpg,CC BY-SA 3.0,https://creativecommons.org/licenses/by-sa/3.0,Brocken Inaglory,"Dust Storm in Black Rock Desert , Nevada (USA).","landscapes weather nature, desert, storm, outdoors, nature, landscape, dry, red, black, sunrise, morning, sky, peaceful, man",landscapes weather nature,desert storm,File:Dust storm in Black Rocks Desert nn.jpg,https://upload.wikimedia.org/wikipedia/commons/0/08/Dust_storm_in_Black_Rocks_Desert_nn.jpg?utm_source=commons.wikimedia.org&utm_campaign=imageinfo&utm_content=original,7837591,045c232b2f1dc2d0970062821d827701a75d63ed,1850,1381,1280,956,164b9d11fe2b7c8cbb94012b0e4437be8e9bb8027c1a4b013a5703436b8b01a7,2026-10-02,EXIF orientation applied; converted to RGB JPEG; long edge capped at 1280px; quality 88.,true,Creative Commons Attribution-Share Alike 3.0,
0248.jpg,Wikimedia Commons,https://commons.wikimedia.org/wiki/File:Desert_Cactus_at_Organ_Pipe_Cactus_NM_in_AZ_7.jpg,CC BY-SA 4.0,https://creativecommons.org/licenses/by-sa/4.0,Jeffhollett,Desert Cactus at Organ Pipe Cactus National Monument in Arizona | Landscapes in The West by Jeff Hollett,"landscapes weather nature, cactus, desert, landscape, outdoors, nature, dry",landscapes weather nature,cactus desert landscape,File:Desert Cactus at Organ Pipe Cactus NM in AZ 7.jpg,https://upload.wikimedia.org/wikipedia/commons/2/2f/Desert_Cactus_at_Organ_Pipe_Cactus_NM_in_AZ_7.jpg?utm_source=commons.wikimedia.org&utm_campaign=imageinfo&utm_content=original,113716951,c6374ba842cd8b613b140945d6b95187da681fae,2048,1536,1280,960,91bf00d2d2df9f4a9e1f1171c3e7d369ebcfbfa35f349afed72ab60cb7e9c7c7,2026-10-02,EXIF orientation applied; converted to RGB JPEG; long edge capped at 1280px; quality 88.,true,Creative Commons Attribution-Share Alike 4.0,
0249.jpg,Wikimedia Commons,https://commons.wikimedia.org/wiki/File:Sunrise_Point_Bryce_Canyon_November_2018_002.jpg,CC BY-SA 4.0,https://creativecommons.org/licenses/by-sa/4.0,King of Hearts,"Sunrise Point, Bryce Canyon National Park .","landscapes weather nature, canyon, sunrise, outdoors, morning, sky, peaceful, blue",landscapes weather nature,canyon sunrise,File:Sunrise Point Bryce Canyon November 2018 002.jpg,https://upload.wikimedia.org/wikipedia/commons/e/e1/Sunrise_Point_Bryce_Canyon_November_2018_002.jpg?utm_source=commons.wikimedia.org&utm_campaign=imageinfo&utm_content=original,80066080,0d34b15deeb031816fe87899d63f3bedb5d375d8,5040,3600,1280,914,55ac4291bb0d0d9016c9c9bcd74b97d04efe7209318d3e0ef113ce3cd8f513ec,2026-10-02,EXIF orientation applied; converted to RGB JPEG; long edge capped at 1280px; quality 88.,true,Creative Commons Attribution-Share Alike 4.0,
0250.jpg,Wikimedia Commons,https://commons.wikimedia.org/wiki/File:Badlands_Landscape_(11411058874).jpg,Public domain,,Bureau of Land Management Oregon and Washington,"The United States Congress designated the Oregon Badlands Wilderness in 2009 and it now has a total of 29,261 acres. All of this wilderness is located in Oregon and is managed by the Bureau of Land Management. The Oregon Badlands Wilderness holds a number…","landscapes weather nature, badlands, landscape, man",landscapes weather nature,badlands landscape,File:Badlands Landscape (11411058874).jpg,https://upload.wikimedia.org/wikipedia/commons/e/e6/Badlands_Landscape_%2811411058874%29.jpg?utm_source=commons.wikimedia.org&utm_campaign=imageinfo&utm_content=original,45675350,219c10f623dfe900bffe85c7452740a4f42da4a7,5184,3456,1280,853,4bec313f8a1514743f950ea4be41a0134517c96f686ae8b5490162895bf28908,2026-10-02,EXIF orientation applied; converted to RGB JPEG; long edge capped at 1280px; quality 88.,false,Public domain,
0251.jpg,Wikimedia Commons,https://commons.wikimedia.org/wiki/File:Samuel_Taylor_State_Park._The_view_from_trails_along_Devil%27s_Gulch_peers_through_a_dense_green_canopy_at_the_grassy_hills_above._-_panoramio.jpg,CC BY-SA 3.0,https://creativecommons.org/licenses/by-sa/3.0,Richard Wood,Samuel Taylor State Park. The view from trails along Devil's Gulch peers through a dense green canopy at the grassy hills above.,"landscapes weather nature, green, grassy, hills",landscapes weather nature,green grassy hills,File:Samuel Taylor State Park. The view from trails along Devil's Gulch peers through a dense green canopy at the grassy hills above. - panoramio.jpg,https://upload.wikimedia.org/wikipedia/commons/6/61/Samuel_Taylor_State_Park._The_view_from_trails_along_Devil%27s_Gulch_peers_through_a_dense_green_canopy_at_the_grassy_hills_above._-_panoramio.jpg?utm_source=commons.wikimedia.org&utm_campaign=imageinfo&utm_content=original,50491314,0c9558d78c1628328c8eba91fd56a23ea513e1f5,1600,1200,1280,960,9dd042560ebdde8d3618bc0ff6f41bdaf3fd9ce091259bddf20fab7a26bde5a6,2026-10-02,EXIF orientation applied; converted to RGB JPEG; long edge capped at 1280px; quality 88.,true,Creative Commons Attribution-Share Alike 3.0,
0252.jpg,Wikimedia Commons,https://commons.wikimedia.org/wiki/File:Lavender_field_on_Hvar.JPG,CC BY-SA 3.0,https://creativecommons.org/licenses/by-sa/3.0,F.G. comm,"Rows of lavender plants cross a dry, rocky island field.","lavender, field, dry, rocky, rural, outdoors, plants, landscape",landscapes weather nature,a dry lavender field on a rocky island,File:Lavender field on Hvar.JPG,https://upload.wikimedia.org/wikipedia/commons/e/e0/Lavender_field_on_Hvar.JPG?utm_source=commons.wikimedia.org&utm_campaign=imageinfo&utm_content=original,2949834,cbe22f7808422cc7d73069ce3ef4192b545c3496,2304,1728,1280,960,56ea6ba455d9c5650efde05b79c110a69cfc48263be6572109e3e177c6714a15,2026-10-02,EXIF orientation applied; converted to RGB JPEG; long edge capped at 1280px; quality 88.,true,Creative Commons Attribution-Share Alike 3.0,
0253.jpg,Wikimedia Commons,https://commons.wikimedia.org/wiki/File:Sunflower_field_Milky_Way.jpg,CC BY-SA 4.0,https://creativecommons.org/licenses/by-sa/4.0,Juliancolton,"A field of sunflowers ( Helianthus annuus ) at night in Columbia County, New York , with the core of the Milky Way visible.","landscapes weather nature, sunflower, field, night, dark, evening",landscapes weather nature,sunflower field,File:Sunflower field Milky Way.jpg,https://upload.wikimedia.org/wikipedia/commons/5/59/Sunflower_field_Milky_Way.jpg?utm_source=commons.wikimedia.org&utm_campaign=imageinfo&utm_content=original,56834086,4ac202aef441585e77d4f7047810597cc38ac59c,3944,5908,855,1280,48c65b9aca2e6c0fb8d948de9ed461ef348c28d70577ebaba94a477732b78279,2026-10-02,EXIF orientation applied; converted to RGB JPEG; long edge capped at 1280px; quality 88.,true,Creative Commons Attribution-Share Alike 4.0,
0254.jpg,Wikimedia Commons,https://commons.wikimedia.org/wiki/File:Longsheng_Rice_Terraces_November_2017_014.jpg,CC BY-SA 4.0,https://creativecommons.org/licenses/by-sa/4.0,King of Hearts,"Longsheng Rice Terraces , Longsheng County , Guangxi , China .","landscapes weather nature, rice, terraces",landscapes weather nature,rice terraces,File:Longsheng Rice Terraces November 2017 014.jpg,https://upload.wikimedia.org/wikipedia/commons/d/df/Longsheng_Rice_Terraces_November_2017_014.jpg?utm_source=commons.wikimedia.org&utm_campaign=imageinfo&utm_content=original,91091484,5c55651819eb86b2a1988f3bdbcf2fd4b1b01248,6016,4016,1280,854,05ba2bacffb0819b5f39b6c2f19863d61e6e88d837ecb62f09fbcd3c1a2093c2,2026-10-02,EXIF orientation applied; converted to RGB JPEG; long edge capped at 1280px; quality 88.,true,Creative Commons Attribution-Share Alike 4.0,
0255.jpg,Wikimedia Commons,https://commons.wikimedia.org/wiki/File:Autumn_vineyard_in_Napa_Valley.jpg,CC BY-SA 3.0,https://creativecommons.org/licenses/by-sa/3.0,Brocken Inaglory,Napa valley vineyard,"landscapes weather nature, vineyard, autumn, red",landscapes weather nature,vineyard autumn,File:Autumn vineyard in Napa Valley.jpg,https://upload.wikimedia.org/wikipedia/commons/0/08/Autumn_vineyard_in_Napa_Valley.jpg?utm_source=commons.wikimedia.org&utm_campaign=imageinfo&utm_content=original,8677970,ae0b1354c76083b26186e62c1f2f8beb4f1a896c,2616,3491,959,1280,f3db9fd09018398b6962b8ed515e4eb67f9e75aa31c7947dd954504f4e909f36,2026-10-02,EXIF orientation applied; converted to RGB JPEG; long edge capped at 1280px; quality 88.,true,Creative Commons Attribution-Share Alike 3.0,
0256.jpg,Wikimedia Commons,https://commons.wikimedia.org/wiki/File:Wheat_field_and_a_passing_storm_-_geograph.org.uk_-_3086135.jpg,CC BY-SA 2.0,https://creativecommons.org/licenses/by-sa/2.0,Gordon Hatton,Wheat field and a passing storm,"landscapes weather nature, wheat, field, storm",landscapes weather nature,wheat field storm,File:Wheat field and a passing storm - geograph.org.uk - 3086135.jpg,https://upload.wikimedia.org/wikipedia/commons/9/92/Wheat_field_and_a_passing_storm_-_geograph.org.uk_-_3086135.jpg?utm_source=commons.wikimedia.org&utm_campaign=imageinfo&utm_content=original,114431066,8be7ba1caae4888730411c3601f4dc26f43bb4de,3248,1824,1280,719,21f777b0535d22d8edae6f059ea9ecf3710d7d1a18191bcb255df02f41ca6425,2026-10-02,EXIF orientation applied; converted to RGB JPEG; long edge capped at 1280px; quality 88.,true,Creative Commons Attribution-Share Alike 2.0,
0257.jpg,Wikimedia Commons,https://commons.wikimedia.org/wiki/File:Rural_dirt_road_and_trees_in_the_fog_in_Texas.jpg,CC BY-SA 4.0,https://creativecommons.org/licenses/by-sa/4.0,Matthew T Rader,Rural dirt road and trees in the fog in Texas,"landscapes weather nature, rural, road, fog, outdoors, weather, atmospheric",landscapes weather nature,rural road fog,File:Rural dirt road and trees in the fog in Texas.jpg,https://upload.wikimedia.org/wikipedia/commons/c/c8/Rural_dirt_road_and_trees_in_the_fog_in_Texas.jpg?utm_source=commons.wikimedia.org&utm_campaign=imageinfo&utm_content=original,113155467,3b54cbb3d5cc611417af4195c5739cdff8687599,2824,1662,1280,753,1454a682506a5fa6c2baed74c9f6899897fdfcbc1451711ed047fc01be4ac6e2,2026-10-02,EXIF orientation applied; converted to RGB JPEG; long edge capped at 1280px; quality 88.,true,Creative Commons Attribution-Share Alike 4.0,
0258.jpg,Wikimedia Commons,https://commons.wikimedia.org/wiki/File:Snow_covers_a_rural_landscape_with_a_cabin_and_trees_during_a_winter_storm_in_the_afternoon.jpg,CC BY 2.0,https://creativecommons.org/licenses/by/2.0,Shixart1985,"A cabin stands amidst dense snow in a rural area. The snowstorm creates low visibility, with trees and shrubs hidden by the white blanket. Winter conditions dominate the scene.","landscapes weather nature, cabin, snow, landscape, outdoors, cold, winter, weather, white, storm, rural",landscapes weather nature,cabin snow landscape,File:Snow covers a rural landscape with a cabin and trees during a winter storm in the afternoon.jpg,https://upload.wikimedia.org/wikipedia/commons/6/6d/Snow_covers_a_rural_landscape_with_a_cabin_and_trees_during_a_winter_storm_in_the_afternoon.jpg?utm_source=commons.wikimedia.org&utm_campaign=imageinfo&utm_content=original,187083062,a0f3492eea3c3626b60590881cc517d7099fa13f,4016,6016,855,1280,8955aa7a5261d7502f96a6d88209bb141d9b105ac3bc62b5cbf5003c6b9afca2,2026-10-02,EXIF orientation applied; converted to RGB JPEG; long edge capped at 1280px; quality 88.,true,Creative Commons Attribution 2.0,
0259.jpg,Wikimedia Commons,https://commons.wikimedia.org/wiki/File:Turner_Lake_East_Cabin_01.jpg,Public domain,,National Forest Service,"Rent the Turner Lake East Cabin, Juneau Ranger District The cabin is approximately 20 miles east of Juneau, at the east end of Turner Lake. Cabin access is via float plane. A skiff with oars is provided to use around the lake.","landscapes weather nature, cabin, forest, lake, outdoors, nature, green, water, peaceful",landscapes weather nature,cabin forest lake,File:Turner Lake East Cabin 01.jpg,https://upload.wikimedia.org/wikipedia/commons/0/08/Turner_Lake_East_Cabin_01.jpg?utm_source=commons.wikimedia.org&utm_campaign=imageinfo&utm_content=original,99232010,d7dba50345761550e1694a9567ec1bec62b53c6c,700,934,700,934,4791a1ba07753f4848d72ef9b2f2cdfec1dc9eb1d3366badaba6c38b2fc865de,2026-10-02,EXIF orientation applied; converted to RGB JPEG; long edge capped at 1280px; quality 88.,false,Public domain,
0260.jpg,Wikimedia Commons,https://commons.wikimedia.org/wiki/File:Mountains_under_starry_sky.jpg,CC BY 4.0,https://creativecommons.org/licenses/by/4.0,Yueser656,A dark mountain silhouette beneath a faint starry night sky.,"mountains, night, stars, dark, sky, landscape, outdoors, lonely",landscapes weather nature,dark mountains under a starry sky,File:Mountains under starry sky.jpg,https://upload.wikimedia.org/wikipedia/commons/8/89/Mountains_under_starry_sky.jpg?utm_source=commons.wikimedia.org&utm_campaign=imageinfo&utm_content=original,148473944,8b1991e59af06766493dcb768b9a4343f745b927,4000,3000,1280,960,467519655863ca4f53113cbedda93c244a3711678389b455bfae2d256467ec4b,2026-10-02,EXIF orientation applied; converted to RGB JPEG; long edge capped at 1280px; quality 88.,true,Creative Commons Attribution 4.0,
0261.jpg,Wikimedia Commons,"https://commons.wikimedia.org/wiki/File:Milky_Way_viewed_from_Cerro_Armazones,_Chile_(2019).jpg",CC BY 4.0,https://creativecommons.org/licenses/by/4.0,ESO/P. Horálek,"Great care is taken to ensure that the site for a new telescope will provide the best possible observing conditions. This picture of the week was captured in 2019 by ESO photo ambassador Petr Horálek from the top of Cerro Armazones, Chile, where the…","landscapes weather nature, milky, way, desert, outdoors, nature, landscape, dry",landscapes weather nature,milky way desert,"File:Milky Way viewed from Cerro Armazones, Chile (2019).jpg",https://upload.wikimedia.org/wikipedia/commons/3/3e/Milky_Way_viewed_from_Cerro_Armazones%2C_Chile_%282019%29.jpg?utm_source=commons.wikimedia.org&utm_campaign=imageinfo&utm_content=original,151841023,109aa470e35fd1a1315103c57f07a2763a8c0d91,29200,16925,1280,742,c3728030bd8e5950d6a0d1ca8226aa9e8a65f84abd9380832f048b4801801b87,2026-10-02,EXIF orientation applied; converted to RGB JPEG; long edge capped at 1280px; quality 88.,true,Creative Commons Attribution 4.0,
0262.jpg,Wikimedia Commons,"https://commons.wikimedia.org/wiki/File:Asbestnaya_Mount,_Adygea,_%D0%93%D0%BE%D1%80%D0%B0_%D0%90%D1%81%D0%B1%D0%B5%D1%81%D1%82%D0%BD%D0%B0%D1%8F,_%D0%B2%D0%B8%D0%B4%D1%8B_%D1%81_%D0%B2%D0%B5%D1%80%D1%88%D0%B8%D0%BD%D1%8B,_%D0%90%D0%B4%D1%8B%D0%B3%D0%B5%D1%8F,_%D0%97%D0%B0%D0%BF%D0%B0%D0%B4%D0%BD%D1%8B%D0%B9_%D0%9A%D0%B0%D0%B2%D0%BA%D0%B0%D0%B7.jpg",CC BY 4.0,https://creativecommons.org/licenses/by/4.0,Vyacheslav Argenberg,"Dangerous cumulonimbus clouds form and tower over the Greater Caucasus Range, along with fog, drizzle and atmospheric mist. There are also some geological features in the surrounding landscape in view, such as Triassic rocky outcrops, exposure of limestone…","landscapes weather nature, thunderstorm, landscape, fog, outdoors, weather, atmospheric, water",landscapes weather nature,thunderstorm landscape,"File:Asbestnaya Mount, Adygea, Гора Асбестная, виды с вершины, Адыгея, Западный Кавказ.jpg",https://upload.wikimedia.org/wikipedia/commons/2/24/Asbestnaya_Mount%2C_Adygea%2C_%D0%93%D0%BE%D1%80%D0%B0_%D0%90%D1%81%D0%B1%D0%B5%D1%81%D1%82%D0%BD%D0%B0%D1%8F%2C_%D0%B2%D0%B8%D0%B4%D1%8B_%D1%81_%D0%B2%D0%B5%D1%80%D1%88%D0%B8%D0%BD%D1%8B%2C_%D0%90%D0%B4%D1%8B%D0%B3%D0%B5%D1%8F%2C_%D0%97%D0%B0%D0%BF%D0%B0%D0%B4%D0%BD%D1%8B%D0%B9_%D0%9A%D0%B0%D0%B2%D0%BA%D0%B0%D0%B7.jpg?utm_source=commons.wikimedia.org&utm_campaign=imageinfo&utm_content=original,97613647,1fe8382af5d3276fca6515daabbdcd599e01cb7e,4912,3264,1280,851,3f0b353fadb92b8e8a1b08d413eff9e1437b7bffa93a426612ebd0d00579a549,2026-10-02,EXIF orientation applied; converted to RGB JPEG; long edge capped at 1280px; quality 88.,true,Creative Commons Attribution 4.0,
0263.jpg,Wikimedia Commons,https://commons.wikimedia.org/wiki/File:Francisque_Millet_-_Mountain_landscape_with_lightning_(c.1675).jpg,Public domain,,Francisque Millet,A dramatic historic painting of lightning over a mountain valley.,"painting, lightning, mountains, valley, dramatic, storm, art, landscape",landscapes weather nature,a painting of lightning over mountains,File:Francisque Millet - Mountain landscape with lightning (c.1675).jpg,https://upload.wikimedia.org/wikipedia/commons/1/18/Francisque_Millet_-_Mountain_landscape_with_lightning_%28c.1675%29.jpg?utm_source=commons.wikimedia.org&utm_campaign=imageinfo&utm_content=original,48621604,74267564ab52691edc0dd2125b1b4e51efe1d8e3,6000,4601,1280,982,6525dc3daa2fbd0814ae91c8765619fe0509b5d6a89497461a32839fb449af7f,2026-10-02,EXIF orientation applied; converted to RGB JPEG; long edge capped at 1280px; quality 88.,false,Public domain,
0264.jpg,Wikimedia Commons,"https://commons.wikimedia.org/wiki/File:Rainbow_Mountain,_Alaska.jpg",CC BY-SA 2.0,https://creativecommons.org/licenses/by-sa/2.0,D. Sikes,West aspect of Rainbow Mountain in Alaska viewed from the Richardson Highway.,"landscapes weather nature, rainbow, mountains, outdoors, nature, landscape, rain, wet, weather",landscapes weather nature,rainbow mountains,"File:Rainbow Mountain, Alaska.jpg",https://upload.wikimedia.org/wikipedia/commons/0/09/Rainbow_Mountain%2C_Alaska.jpg?utm_source=commons.wikimedia.org&utm_campaign=imageinfo&utm_content=original,147609662,58aa23dada41a9dcc0c932aad36a5fbebaebd4c3,800,500,800,500,729f559f949c6d29b6e3607e8947e6f924c7b3bfdf50cb65fb2f916753fe0a92,2026-10-02,EXIF orientation applied; converted to RGB JPEG; long edge capped at 1280px; quality 88.,true,Creative Commons Attribution-Share Alike 2.0,
0265.jpg,Wikimedia Commons,https://commons.wikimedia.org/wiki/File:ISS034E016601_-_Stratocumulus_Clouds_-_Pacific_Ocean.jpg,Public domain,,"ISS Expedition 34 Crew Image Science & Analysis Laboratory, NASA Johnson Space Center Derivative work including grading, lens profile correction and noise removal.: Julian Herzog","Stratocumulus clouds above the northwestern Pacific Ocean, about 460 miles east of northern Honshu, Japan. This is a descending pass with a panoramic view looking southeast in late afternoon light with the terminator (upper left). The cloud pattern is…","landscapes weather nature, clouds, ocean, outdoors, water, coast",landscapes weather nature,clouds over ocean,File:ISS034E016601 - Stratocumulus Clouds - Pacific Ocean.jpg,https://upload.wikimedia.org/wikipedia/commons/5/50/ISS034E016601_-_Stratocumulus_Clouds_-_Pacific_Ocean.jpg?utm_source=commons.wikimedia.org&utm_campaign=imageinfo&utm_content=original,26190478,d9a82c992351b6ab15767ef0769a25afded77ecf,4256,2832,1280,852,b6ebe655dbc5dd8233fc7009e1634dbec321efd3de57494db5e8ae154c621003,2026-10-02,EXIF orientation applied; converted to RGB JPEG; long edge capped at 1280px; quality 88.,false,Public domain,
0266.jpg,Wikimedia Commons,https://commons.wikimedia.org/wiki/File:Lake_Seliger._Ostashkov._View_of_Voroniy_Island.jpg,CC BY-SA 4.0,https://creativecommons.org/licenses/by-sa/4.0,Александр Байдуков,"Seliger: Ostashkovsky district, Tver region","landscapes weather nature, foggy, lake, outdoors, weather, atmospheric, water, peaceful, fog",landscapes weather nature,foggy lake,File:Lake Seliger. Ostashkov. View of Voroniy Island.jpg,https://upload.wikimedia.org/wikipedia/commons/d/d9/Lake_Seliger._Ostashkov._View_of_Voroniy_Island.jpg?utm_source=commons.wikimedia.org&utm_campaign=imageinfo&utm_content=original,107133106,469305fee14adb7d58bba834e1f1cdfa5177dbd7,7227,4823,1280,854,b768840246abf4a7c5297e00cf1c83e0ac355c73a5e1d4140a44c2c44c5da4a8,2026-10-02,EXIF orientation applied; converted to RGB JPEG; long edge capped at 1280px; quality 88.,true,Creative Commons Attribution-Share Alike 4.0,
0267.jpg,Wikimedia Commons,"https://commons.wikimedia.org/wiki/File:Aerial_View,_Sanshan_Island,_Hailing_Island,_Jiangcheng_District,_Yangjiang_City.jpg",CC BY-SA 4.0,https://creativecommons.org/licenses/by-sa/4.0,YikyuenG,"Aerial View of Sanshan Island, Hailing Island, Yangjiang City, Guangdong","landscapes weather nature, island, aerial, city, urban, outdoors, architecture",landscapes weather nature,island aerial view,"File:Aerial View, Sanshan Island, Hailing Island, Jiangcheng District, Yangjiang City.jpg",https://upload.wikimedia.org/wikipedia/commons/c/c6/Aerial_View%2C_Sanshan_Island%2C_Hailing_Island%2C_Jiangcheng_District%2C_Yangjiang_City.jpg?utm_source=commons.wikimedia.org&utm_campaign=imageinfo&utm_content=original,170090275,acc5daf1a6608607b9ce5e4814fafdff2d314d9f,3934,2951,1280,960,2107a38ad7088d8364c3614671472382cbc3c969eb204628ee618cd6f5f61ca3,2026-10-02,EXIF orientation applied; converted to RGB JPEG; long edge capped at 1280px; quality 88.,true,Creative Commons Attribution-Share Alike 4.0,
0268.jpg,Wikimedia Commons,https://commons.wikimedia.org/wiki/File:Kamchatka_Volcano_Udina_at_Sunrise_(20395296906).jpg,CC BY 2.0,https://creativecommons.org/licenses/by/2.0,kuhnmi,"This picture was taken in the early morning, during our hike to the crater of volcano Plosky Tolbachik. It shows the rising sun behind volcano Udina in the background, interesting cloud formations in the mid-ground and the frost covered ground of volcano…","landscapes weather nature, volcano, sunrise, outdoors, morning, sky, peaceful",landscapes weather nature,volcano sunrise,File:Kamchatka Volcano Udina at Sunrise (20395296906).jpg,https://upload.wikimedia.org/wikipedia/commons/8/8c/Kamchatka_Volcano_Udina_at_Sunrise_%2820395296906%29.jpg?utm_source=commons.wikimedia.org&utm_campaign=imageinfo&utm_content=original,69583435,421afaa4d95ee9140eb427ead40f870d8f65d81f,5418,3048,1280,720,7bf0e513657b4d69a5379322be6b9bfac63f6cd94836e41ba8ebb6ddf1ebf75b,2026-10-02,EXIF orientation applied; converted to RGB JPEG; long edge capped at 1280px; quality 88.,true,Creative Commons Attribution 2.0,
0269.jpg,Wikimedia Commons,"https://commons.wikimedia.org/wiki/File:J%C3%B6kuls%C3%A1rl%C3%B3n_glacier_lagoon,_Iceland,_20240718_1620_2403.jpg",CC BY 4.0,https://creativecommons.org/licenses/by/4.0,Jakub Hałun,"Jökulsárlón glacier lagoon, Iceland","landscapes weather nature, glacier, lagoon",landscapes weather nature,glacier lagoon,"File:Jökulsárlón glacier lagoon, Iceland, 20240718 1620 2403.jpg",https://upload.wikimedia.org/wikipedia/commons/f/f8/J%C3%B6kuls%C3%A1rl%C3%B3n_glacier_lagoon%2C_Iceland%2C_20240718_1620_2403.jpg?utm_source=commons.wikimedia.org&utm_campaign=imageinfo&utm_content=original,156175846,2929e3a3707a32a845febf4446506c719f191511,5291,3532,1280,854,986aa2aa690cb5c667d2d5b8ec184f8a285899329821e3b69b8c0d8ed2978844,2026-10-02,EXIF orientation applied; converted to RGB JPEG; long edge capped at 1280px; quality 88.,true,Creative Commons Attribution 4.0,
0270.jpg,Wikimedia Commons,"https://commons.wikimedia.org/wiki/File:Table_iceberg_west_of_Sju%C3%B8yane,_Arctic_ocean.jpg",CC BY-SA 4.0,https://creativecommons.org/licenses/by-sa/4.0,Andreas Weith,"Table icebergs are very rare in the Arctic as they calve from shelf ice, which is rarely found in the north. They are normally a typical form of icebergs in the Antarctic. This one has an estimated height of 10-12m and a size of half a soccer field.","landscapes weather nature, iceberg, ocean, outdoors, water, coast",landscapes weather nature,iceberg ocean,"File:Table iceberg west of Sjuøyane, Arctic ocean.jpg",https://upload.wikimedia.org/wikipedia/commons/1/1f/Table_iceberg_west_of_Sju%C3%B8yane%2C_Arctic_ocean.jpg?utm_source=commons.wikimedia.org&utm_campaign=imageinfo&utm_content=original,52745368,65905220783320790b8f5e98b33577e3fb499a82,4597,2586,1280,720,60e1c9e225f17ab00779fa7d9273b3b4ee9231c0ffb4692ac852ea0742e4a079,2026-10-02,EXIF orientation applied; converted to RGB JPEG; long edge capped at 1280px; quality 88.,true,Creative Commons Attribution-Share Alike 4.0,
0271.jpg,Wikimedia Commons,"https://commons.wikimedia.org/wiki/File:Yellowstone_National_Park_(WY,_USA),_Old_Faithful_Geyser_--_2022_--_2599.jpg",CC BY-SA 4.0,https://creativecommons.org/licenses/by-sa/4.0,Dietmar Rabich,"Eruption of the Old Faithful Geyser in Yellowstone National Park , Wyoming , USA Yellowstone National Park was founded on March 1, 1872, and is considered the world’s first national park. It is located primarily in the state of Wyoming, but also extends…","landscapes weather nature, geyser, landscape, blue, yellow, water, outdoors, sky, child",landscapes weather nature,geyser landscape,"File:Yellowstone National Park (WY, USA), Old Faithful Geyser -- 2022 -- 2599.jpg",https://upload.wikimedia.org/wikipedia/commons/5/51/Yellowstone_National_Park_%28WY%2C_USA%29%2C_Old_Faithful_Geyser_--_2022_--_2599.jpg?utm_source=commons.wikimedia.org&utm_campaign=imageinfo&utm_content=original,121259716,c79cfd599d691b20264adeaea1a66559389875b9,6720,4480,1280,853,d57cc69b3042c8d35a02002af54da50590c99738124fca60166549e48a192664,2026-10-02,EXIF orientation applied; converted to RGB JPEG; long edge capped at 1280px; quality 88.,true,Creative Commons Attribution-Share Alike 4.0,
0272.jpg,Wikimedia Commons,"https://commons.wikimedia.org/wiki/File:Coral_(Acropora_hemprichii),_Ras_Katy,_Sharm_el-Sheij,_Egipto,_2022-03-26,_DD_108.jpg",CC BY-SA 4.0,https://creativecommons.org/licenses/by-sa/4.0,Diego Delso,"Acropora hemprichii , Ras Katy, Sharm el-Sheikh , Red Sea, Egypt. This species of acroporid coral is found in shallow reefs in marine environments, occurs at depths of 3 to 15 m (9.8 to 49.2 ft), and lives for between 13 and 24 years. The species is listed…","landscapes weather nature, coral, reef, underwater, red",landscapes weather nature,coral reef underwater,"File:Coral (Acropora hemprichii), Ras Katy, Sharm el-Sheij, Egipto, 2022-03-26, DD 108.jpg",https://upload.wikimedia.org/wikipedia/commons/9/9a/Coral_%28Acropora_hemprichii%29%2C_Ras_Katy%2C_Sharm_el-Sheij%2C_Egipto%2C_2022-03-26%2C_DD_108.jpg?utm_source=commons.wikimedia.org&utm_campaign=imageinfo&utm_content=original,116912681,e275c6efc22e9ef843aad642e9d629f337a91eb8,4322,4322,1280,1280,2f90a2dfe99f726c6553159aac4f7bc9004f74c8238e085d86a36d979e6a9fd8,2026-10-02,EXIF orientation applied; converted to RGB JPEG; long edge capped at 1280px; quality 88.,true,Creative Commons Attribution-Share Alike 4.0,
0273.jpg,Wikimedia Commons,https://commons.wikimedia.org/wiki/File:Bedse_Caves.jpg,CC BY-SA 3.0,https://creativecommons.org/licenses/by-sa/3.0,Soumitra Inamdar,A rock-cut cave chamber frames an ancient stone stupa between rows of pillars.,"cave chamber, stupa, stone, pillars, ancient, architecture, interior, dramatic",architecture cities interiors,an ancient stone stupa inside a cave chamber,File:Bedse Caves.jpg,https://upload.wikimedia.org/wikipedia/commons/5/50/Bedse_Caves.jpg?utm_source=commons.wikimedia.org&utm_campaign=imageinfo&utm_content=original,21593774,199a2702e907399574ea24819bcaf22c2a13772b,4680,2899,1280,793,8295dc2238adf235d294177d1888d2e41df87f75d4d8b4a5683d14e2be9f35c3,2026-10-02,EXIF orientation applied; converted to RGB JPEG; long edge capped at 1280px; quality 88.,true,Creative Commons Attribution-Share Alike 3.0,
0274.jpg,Wikimedia Commons,https://commons.wikimedia.org/wiki/File:Detail_of_mangrove_roots.jpg,CC BY-SA 3.0,https://creativecommons.org/licenses/by-sa/3.0,Jonathan Wilkins,"Detail of red mangrove ( Rhizophora mangle ) roots in Prado, Bahia state, Brazil. Mangroves are various kinds of trees up to medium height and shrubs that grow in saline coastal sediment habitats in the tropics and subtropics – mainly between latitudes 25°…","landscapes weather nature, mangrove, water, outdoors, red, man",landscapes weather nature,mangrove water,File:Detail of mangrove roots.jpg,https://upload.wikimedia.org/wikipedia/commons/2/25/Detail_of_mangrove_roots.jpg?utm_source=commons.wikimedia.org&utm_campaign=imageinfo&utm_content=original,40213270,aedb9b47748d8d64c05f7064789e5d4627f73a91,4368,2912,1280,853,ae732a5b7e4f0c944b780b2d5eb5559deba5242d3121f80cc89f0fce8d2730a3,2026-10-02,EXIF orientation applied; converted to RGB JPEG; long edge capped at 1280px; quality 88.,true,Creative Commons Attribution-Share Alike 3.0,
0275.jpg,Wikimedia Commons,https://commons.wikimedia.org/wiki/File:Sunset_at_Lara_Wetlands.jpg,CC BY 2.0,https://creativecommons.org/licenses/by/2.0,Chris Fithall,"Lara Wetlands, Queensland, Australia.","landscapes weather nature, wetland, sunset, outdoors, evening, sky, warm, dramatic, orange, water",landscapes weather nature,wetland sunset,File:Sunset at Lara Wetlands.jpg,https://upload.wikimedia.org/wikipedia/commons/e/ea/Sunset_at_Lara_Wetlands.jpg?utm_source=commons.wikimedia.org&utm_campaign=imageinfo&utm_content=original,156815622,594ba967fc856cd362073bdb1dcfc8846c2c2813,4890,3262,1280,854,77523b0fe4b31ab1ab41c567fcf02e7d89b7e2f55ebfd6845f2ce6ceea99b71c,2026-10-02,EXIF orientation applied; converted to RGB JPEG; long edge capped at 1280px; quality 88.,true,Creative Commons Attribution 2.0,
0276.jpg,Wikimedia Commons,https://commons.wikimedia.org/wiki/File:Wildflower_Meadow_(6997737191).jpg,Public domain,,"Mount Rainier National Park from Ashford, WA, United States","Wildflowers above Paradise; lupines, lousewort, paintbrush and bistort to name a few. During the summer, subalpine meadows around the mountain burst into color for the short summer. NPS Photo by Jasmine Horn.","landscapes weather nature, wildflower, meadow, mountains, outdoors, nature, landscape, rain, wet, weather",landscapes weather nature,wildflower meadow mountains,File:Wildflower Meadow (6997737191).jpg,https://upload.wikimedia.org/wikipedia/commons/0/00/Wildflower_Meadow_%286997737191%29.jpg?utm_source=commons.wikimedia.org&utm_campaign=imageinfo&utm_content=original,46864599,91892249b386c80e6904264e383b20927929fc58,2560,1920,1280,960,1cefaec400367510e4ef77de034bcb02249a09b94c94dd62d2461460012cb06d,2026-10-02,EXIF orientation applied; converted to RGB JPEG; long edge capped at 1280px; quality 88.,false,Public domain,
0277.jpg,Wikimedia Commons,https://commons.wikimedia.org/wiki/File:Rail_tracks_and_cherry_trees_in_Ashino_Park.jpg,CC BY-SA 4.0,https://creativecommons.org/licenses/by-sa/4.0,掬茶,"Tsugaru Railway tracks running through rows of cherry blossom trees ( sakura ) in Ashino Chishōgun Prefectural Natural Park , Goshogawara to Nakadomari, Aomori Prefecture , Japan.","landscapes weather nature, cherry, blossoms, park, running, action, motion, fast",landscapes weather nature,cherry blossoms park,File:Rail tracks and cherry trees in Ashino Park.jpg,https://upload.wikimedia.org/wikipedia/commons/6/62/Rail_tracks_and_cherry_trees_in_Ashino_Park.jpg?utm_source=commons.wikimedia.org&utm_campaign=imageinfo&utm_content=original,130783491,8477e0ddba88f2789417527bb9aeae2d2d152b8a,6000,4000,1280,853,8d6268fa4a0cbbe2d550f1ac81b8d779103bf1b00519c000da02da128ccfed92,2026-10-02,EXIF orientation applied; converted to RGB JPEG; long edge capped at 1280px; quality 88.,true,Creative Commons Attribution-Share Alike 4.0,
0278.jpg,Wikimedia Commons,"https://commons.wikimedia.org/wiki/File:Bluebell_Wood,_Heartwood_Forest,_Sandridge,_St_Albans_-_geograph.org.uk_-_6897682.jpg",CC BY-SA 2.0,https://creativecommons.org/licenses/by-sa/2.0,Christine Matthews,"Bluebell Wood, Heartwood Forest, Sandridge, St Albans","landscapes weather nature, bluebell, forest, outdoors, nature, green, blue",landscapes weather nature,bluebell forest,"File:Bluebell Wood, Heartwood Forest, Sandridge, St Albans - geograph.org.uk - 6897682.jpg",https://upload.wikimedia.org/wikipedia/commons/0/0e/Bluebell_Wood%2C_Heartwood_Forest%2C_Sandridge%2C_St_Albans_-_geograph.org.uk_-_6897682.jpg?utm_source=commons.wikimedia.org&utm_campaign=imageinfo&utm_content=original,154381657,d01aee597b4abd7d546c16f5c600df09e051eada,1960,4032,622,1280,142d2b1dd518c289f0fd15c77d7f01b7444882eb90e3a07cc12596e95a3d609e,2026-10-02,EXIF orientation applied; converted to RGB JPEG; long edge capped at 1280px; quality 88.,true,Creative Commons Attribution-Share Alike 2.0,
0279.jpg,Wikimedia Commons,"https://commons.wikimedia.org/wiki/File:Moon_in_pink_clouds_over_the_ocean,_Charco_Azul,_La_Palma.jpg",CC0,http://creativecommons.org/publicdomain/zero/1.0/deed.en,Gerda Arendt,"Moon in pink clouds over the ocean, Charco Azul, La Palma","landscapes weather nature, moon, ocean, outdoors, water, coast, pink",landscapes weather nature,moon over ocean,"File:Moon in pink clouds over the ocean, Charco Azul, La Palma.jpg",https://upload.wikimedia.org/wikipedia/commons/c/c6/Moon_in_pink_clouds_over_the_ocean%2C_Charco_Azul%2C_La_Palma.jpg?utm_source=commons.wikimedia.org&utm_campaign=imageinfo&utm_content=original,144749057,e002e12d84c1aa1c0bc3b381f460d4d4751ca4df,4000,3000,1280,960,c5f8bf0f5892b56352a00698e08b6719ad318da09c49c14226b42fae4f6d6332,2026-10-02,EXIF orientation applied; converted to RGB JPEG; long edge capped at 1280px; quality 88.,false,"Creative Commons Zero, Public Domain Dedication",
0280.jpg,Wikimedia Commons,https://commons.wikimedia.org/wiki/File:Sunrise_Pier_PLC-BE-4.jpg,CC BY-SA 4.0,https://creativecommons.org/licenses/by-sa/4.0,Shadowmeld Photography,Early morning sunrise at a long pier,"landscapes weather nature, sunrise, pier, outdoors, morning, sky, peaceful",landscapes weather nature,sunrise pier,File:Sunrise Pier PLC-BE-4.jpg,https://upload.wikimedia.org/wikipedia/commons/9/94/Sunrise_Pier_PLC-BE-4.jpg?utm_source=commons.wikimedia.org&utm_campaign=imageinfo&utm_content=original,75645892,f06ab9a1902d5f447989cae6600fc3d2305856ea,3743,2506,1280,857,e34f5b5c291ed565672a152c80488406c38636d889d439cbc543dd505d3535c3,2026-10-02,EXIF orientation applied; converted to RGB JPEG; long edge capped at 1280px; quality 88.,true,Creative Commons Attribution-Share Alike 4.0,
0281.jpg,Wikimedia Commons,https://commons.wikimedia.org/wiki/File:Tuscan_landscape_with_lonely_tree.jpg,CC BY-SA 2.0,https://creativecommons.org/licenses/by-sa/2.0,Eric Kilby,Evening Tuscan landscape with lonely tree,"landscapes weather nature, lonely, tree, landscape",landscapes weather nature,lonely tree landscape,File:Tuscan landscape with lonely tree.jpg,https://upload.wikimedia.org/wikipedia/commons/e/ed/Tuscan_landscape_with_lonely_tree.jpg?utm_source=commons.wikimedia.org&utm_campaign=imageinfo&utm_content=original,169727683,1fe141c906f2bcc593f43f675200ab24924d8dc0,5982,3988,1280,853,f8afbc074b63b81c16cd542b4b58f9dff01f953f2720a8222df79edb7ab20595,2026-10-02,EXIF orientation applied; converted to RGB JPEG; long edge capped at 1280px; quality 88.,true,Creative Commons Attribution-Share Alike 2.0,
0282.jpg,Wikimedia Commons,https://commons.wikimedia.org/wiki/File:Dramatic_sky_above_Grange_Field_Farm_-_geograph.org.uk_-_3612719.jpg,CC BY-SA 2.0,https://creativecommons.org/licenses/by-sa/2.0,Graham Hogg,Dramatic sky above Grange Field Farm,"landscapes weather nature, dramatic, sky, field",landscapes weather nature,dramatic sky field,File:Dramatic sky above Grange Field Farm - geograph.org.uk - 3612719.jpg,https://upload.wikimedia.org/wikipedia/commons/e/ec/Dramatic_sky_above_Grange_Field_Farm_-_geograph.org.uk_-_3612719.jpg?utm_source=commons.wikimedia.org&utm_campaign=imageinfo&utm_content=original,119709573,dd53b03211e097b8c556e576baa8b81f611faf95,800,533,800,533,49c773266e83abff42b673ae862f25099a42c7507de176ae321e5a8fdb15c588,2026-10-02,EXIF orientation applied; converted to RGB JPEG; long edge capped at 1280px; quality 88.,true,Creative Commons Attribution-Share Alike 2.0,
0283.jpg,Wikimedia Commons,"https://commons.wikimedia.org/wiki/File:Rain_over_Beinn_Eich,_Luss_Hills,_Scotland.jpg",CC BY-SA 4.0,https://creativecommons.org/licenses/by-sa/4.0,Michal Klajban,"Rain over Beinn Eich, Luss Hills, Scotland","landscapes weather nature, rain, landscape, outdoors, wet, weather, blue, sky",landscapes weather nature,rain over landscape,"File:Rain over Beinn Eich, Luss Hills, Scotland.jpg",https://upload.wikimedia.org/wikipedia/commons/d/da/Rain_over_Beinn_Eich%2C_Luss_Hills%2C_Scotland.jpg?utm_source=commons.wikimedia.org&utm_campaign=imageinfo&utm_content=original,76176308,b0c90b93a0afc29d86684a626b8f4636224fa3e5,5471,3029,1280,709,0f24bf635bd89aeaa68b73aa7eee0252b72b3f6225e6a163a93dd49af6b07757,2026-10-02,EXIF orientation applied; converted to RGB JPEG; long edge capped at 1280px; quality 88.,true,Creative Commons Attribution-Share Alike 4.0,
0284.jpg,Wikimedia Commons,https://commons.wikimedia.org/wiki/File:Monte_Palace_Tropical_Garden_-_Waterfall_01.jpg,CC BY-SA 3.0,https://creativecommons.org/licenses/by-sa/3.0,H. Zell,"Top view of the waterfall at Hotel Monte Palace's lake, Monte Palace Tropical Garden, Monte , Funchal , Madeira , Portugal","landscapes weather nature, tropical, waterfall, red, water, outdoors",landscapes weather nature,tropical waterfall,File:Monte Palace Tropical Garden - Waterfall 01.jpg,https://upload.wikimedia.org/wikipedia/commons/9/93/Monte_Palace_Tropical_Garden_-_Waterfall_01.jpg?utm_source=commons.wikimedia.org&utm_campaign=imageinfo&utm_content=original,89940371,00c4033bf48a3bf5762170f497180f617abe2039,5871,2332,1280,508,49353038c69ccf65644bf6e13067a2132931d57ee898a310470a36694497755b,2026-10-02,EXIF orientation applied; converted to RGB JPEG; long edge capped at 1280px; quality 88.,true,Creative Commons Attribution-Share Alike 3.0,
0285.jpg,Wikimedia Commons,https://commons.wikimedia.org/wiki/File:Crowded_TIMES_SQUARE_at_night_time.jpg,CC BY 2.0,https://creativecommons.org/licenses/by/2.0,"Prayitno from Los Angeles, USA","Times Square New York City, NY","architecture cities interiors, crowded, city, street, night, people, group, busy, urban, outdoors, architecture, dark, evening, crowd",architecture cities interiors,crowded city street night,File:Crowded TIMES SQUARE at night time.jpg,https://upload.wikimedia.org/wikipedia/commons/7/72/Crowded_TIMES_SQUARE_at_night_time.jpg?utm_source=commons.wikimedia.org&utm_campaign=imageinfo&utm_content=original,27389740,05e2883eddde08049aef882ca68793591fbfcc3d,3862,3089,1280,1024,4844d3a5ce80358ffc0e64cdd7c5663813c68c30004cac5c5628ac24247eafce,2026-10-02,EXIF orientation applied; converted to RGB JPEG; long edge capped at 1280px; quality 88.,true,Creative Commons Attribution 2.0,
0286.jpg,Wikimedia Commons,https://commons.wikimedia.org/wiki/File:Clouds_On_A_Rainy_Day_(156286869).jpeg,CC BY 3.0,https://creativecommons.org/licenses/by/3.0,Ratul Ahsan,A colorful dramatic sky glows above water and distant city lights.,"dramatic sky, water, reflection, city lights, blue, orange, night, landscape",architecture cities interiors,a colorful night sky reflected over water,File:Clouds On A Rainy Day (156286869).jpeg,https://upload.wikimedia.org/wikipedia/commons/8/83/Clouds_On_A_Rainy_Day_%28156286869%29.jpeg?utm_source=commons.wikimedia.org&utm_campaign=imageinfo&utm_content=original,73647702,70bca1d5353e9c851f6dd950c8e61c4e9e60d46e,2048,1402,1280,876,0834de686951b44d5cf5481a4a35ffa5f0d4a311d5da30f90860514c8b29838c,2026-10-02,EXIF orientation applied; converted to RGB JPEG; long edge capped at 1280px; quality 88.,true,Creative Commons Attribution 3.0,
0287.jpg,Wikimedia Commons,"https://commons.wikimedia.org/wiki/File:Adam_Stefan_Sapieha_Monument,_Franciszka%C5%84ska_Street,_Old_Town,_Krakow,_Poland.jpg",CC BY-SA 4.0,https://creativecommons.org/licenses/by-sa/4.0,Igor123121,A stone monument stands beside a historic old-town building.,"monument, old town, architecture, historic, street, outdoors, city, stone",architecture cities interiors,a monument on an old town street,"File:Adam Stefan Sapieha Monument, Franciszkańska Street, Old Town, Krakow, Poland.jpg",https://upload.wikimedia.org/wikipedia/commons/5/57/Adam_Stefan_Sapieha_Monument%2C_Franciszka%C5%84ska_Street%2C_Old_Town%2C_Krakow%2C_Poland.jpg?utm_source=commons.wikimedia.org&utm_campaign=imageinfo&utm_content=original,157336404,dfbd149667b1ebefae0c9ce683b9add265009041,3376,6000,720,1280,288b9a9d71b7b9af1e21ad1a897f60142d46340293b3cf1db266d3c50e82a347,2026-10-02,EXIF orientation applied; converted to RGB JPEG; long edge capped at 1280px; quality 88.,true,Creative Commons Attribution-Share Alike 4.0,
0288.jpg,Wikimedia Commons,"https://commons.wikimedia.org/wiki/File:Cape_Town_(ZA),_Wale_Street_--_2024_--_3544.jpg",CC BY-SA 4.0,https://creativecommons.org/licenses/by-sa/4.0,Dietmar Rabich,"Colorful houses in Wale Street , Cape Town , Western Cape , South Africa Bo-Kaap is a historic neighborhood above the center of Cape Town. It was established in the 18th century when the Dutch colonial administration built houses for enslaved people from…","architecture cities interiors, colorful, houses, street, multicolored, bright, urban, outdoors, blue, sky, child",architecture cities interiors,colorful houses street,"File:Cape Town (ZA), Wale Street -- 2024 -- 3544.jpg",https://upload.wikimedia.org/wikipedia/commons/b/b2/Cape_Town_%28ZA%29%2C_Wale_Street_--_2024_--_3544.jpg?utm_source=commons.wikimedia.org&utm_campaign=imageinfo&utm_content=original,146415391,39c6d471c48a8e8e898fceac1a6bd37de0728395,6720,3780,1280,720,cd9cef10bd3ab7af085e8f3e6775dab4e723f80713f43a50f01a87abbe74d3a0,2026-10-02,EXIF orientation applied; converted to RGB JPEG; long edge capped at 1280px; quality 88.,true,Creative Commons Attribution-Share Alike 4.0,
0289.jpg,Wikimedia Commons,https://commons.wikimedia.org/wiki/File:2018_01_(Blue)_-_Chaouen.jpg,CC BY-SA 4.0,https://creativecommons.org/licenses/by-sa/4.0,Fbrandao.1963,"Street and typical houses in Chefchaouen, the blue city of Morocco.","architecture cities interiors, blue, city, morocco, urban, outdoors, architecture",architecture cities interiors,blue city Morocco,File:2018 01 (Blue) - Chaouen.jpg,https://upload.wikimedia.org/wikipedia/commons/c/c7/2018_01_%28Blue%29_-_Chaouen.jpg?utm_source=commons.wikimedia.org&utm_campaign=imageinfo&utm_content=original,66006858,9ebc2181247ef07275bd5bfcaba88145811f2ffc,5472,3648,1280,853,9ae232fed4ae37f3c368d519e4c1038271286d20b5b3233ad03d75f5a359a963,2026-10-02,EXIF orientation applied; converted to RGB JPEG; long edge capped at 1280px; quality 88.,true,Creative Commons Attribution-Share Alike 4.0,
0290.jpg,Wikimedia Commons,"https://commons.wikimedia.org/wiki/File:Rio_de_Janeiro_skyline_and_Sugarloaf_Mountain_at_sunset,_Brazil_3.jpg",CC0,http://creativecommons.org/publicdomain/zero/1.0/deed.en,Wilfredor,"The skyline of the city and the Sugarloaf at sunset, crepuscular rays spreading over the bay. Rio de Janeiro, Brazil.","architecture cities interiors, city, skyline, sunset, urban, outdoors, architecture, evening, sky, warm, dramatic",architecture cities interiors,city skyline sunset,"File:Rio de Janeiro skyline and Sugarloaf Mountain at sunset, Brazil 3.jpg",https://upload.wikimedia.org/wikipedia/commons/0/04/Rio_de_Janeiro_skyline_and_Sugarloaf_Mountain_at_sunset%2C_Brazil_3.jpg?utm_source=commons.wikimedia.org&utm_campaign=imageinfo&utm_content=original,134699719,3fb858c9b7ebc692ddfca4d93d0eff3e067adb0e,8043,4919,1280,783,0d228bd40a983caed119f11558fb8364d51029b8e3d4d45d7712235635e02b3c,2026-10-02,EXIF orientation applied; converted to RGB JPEG; long edge capped at 1280px; quality 88.,false,"Creative Commons Zero, Public Domain Dedication",
0291.jpg,Wikimedia Commons,https://commons.wikimedia.org/wiki/File:Snow-covered_Quebec_City_skyline_in_fog.jpg,CC0,http://creativecommons.org/publicdomain/zero/1.0/deed.en,Wilfredor,A snow-covered Quebec City skyline in fog.,"architecture cities interiors, city, skyline, fog, urban, outdoors, architecture, weather, atmospheric, snow, cold, winter, sky",architecture cities interiors,city skyline fog,File:Snow-covered Quebec City skyline in fog.jpg,https://upload.wikimedia.org/wikipedia/commons/1/1d/Snow-covered_Quebec_City_skyline_in_fog.jpg?utm_source=commons.wikimedia.org&utm_campaign=imageinfo&utm_content=original,143198012,93779c5653cb4271d6e85e3f09c6a3e6716b0e89,7896,5264,1280,853,3361f430a8e2e5e902c18d16384906f9239b06aad112d2090211400483cb2a59,2026-10-02,EXIF orientation applied; converted to RGB JPEG; long edge capped at 1280px; quality 88.,false,"Creative Commons Zero, Public Domain Dedication",
0292.jpg,Wikimedia Commons,https://commons.wikimedia.org/wiki/File:Swiss%C3%B4tel_The_Stamford_reflecting_in_the_water.jpg,CC BY-SA 4.0,https://creativecommons.org/licenses/by-sa/4.0,Basile Morin,Skyscraper Swissôtel The Stamford reflecting in the basin of the roof garden at level 6 of the National Gallery in Singapore,"architecture cities interiors, skyscraper, reflections, water, symmetry, city, urban, outdoors, architecture, sky",architecture cities interiors,skyscraper reflections,File:Swissôtel The Stamford reflecting in the water.jpg,https://upload.wikimedia.org/wikipedia/commons/6/65/Swiss%C3%B4tel_The_Stamford_reflecting_in_the_water.jpg?utm_source=commons.wikimedia.org&utm_campaign=imageinfo&utm_content=original,73630542,82b38e6b275a33290a29d4c51b41e434091f4854,5321,3991,1280,960,56cb4b20b3fc9b15b1db7d70fb3af7a846f11966b774e7cd3f1ac72980a941e3,2026-10-02,EXIF orientation applied; converted to RGB JPEG; long edge capped at 1280px; quality 88.,true,Creative Commons Attribution-Share Alike 4.0,
0293.jpg,Wikimedia Commons,"https://commons.wikimedia.org/wiki/File:Reflection_of_Parque_Cultural_Paulista_building_in_Avenida_Paulista,_Brazil.jpg",CC BY-SA 4.0,https://creativecommons.org/licenses/by-sa/4.0,Wilfredor,"Reflection view from Casa das Rosas of building in Parque Cultural Paulista located in Paulista Avenue, São Paulo, Brazil","architecture cities interiors, glass, building, reflections, water, symmetry, blue, sky",architecture cities interiors,glass building reflections,"File:Reflection of Parque Cultural Paulista building in Avenida Paulista, Brazil.jpg",https://upload.wikimedia.org/wikipedia/commons/e/e5/Reflection_of_Parque_Cultural_Paulista_building_in_Avenida_Paulista%2C_Brazil.jpg?utm_source=commons.wikimedia.org&utm_campaign=imageinfo&utm_content=original,55039735,7505d583ec32bc823410178f491c3bf65f883599,3375,2224,1280,843,c64cacd57fabb1f015daf8a48289b56bf027801f1a73f4220cf86383476e8ca6,2026-10-02,EXIF orientation applied; converted to RGB JPEG; long edge capped at 1280px; quality 88.,true,Creative Commons Attribution-Share Alike 4.0,
0294.jpg,Wikimedia Commons,https://commons.wikimedia.org/wiki/File:2012-08_Berlinische_Galerie_anagoria.JPG,CC BY 3.0,https://creativecommons.org/licenses/by/3.0,Anagoria,"Berlinische Galerie: Berlin State Museum of Modern Art, Photography and Architecture","architecture cities interiors, modern, museum, architecture, red",architecture cities interiors,modern museum architecture,File:2012-08 Berlinische Galerie anagoria.JPG,https://upload.wikimedia.org/wikipedia/commons/e/e9/2012-08_Berlinische_Galerie_anagoria.JPG?utm_source=commons.wikimedia.org&utm_campaign=imageinfo&utm_content=original,20836220,9d0da6b20181ad1a164fa0544349caae738c86bd,4752,3168,1280,853,a006ed7d5eab00898f27d6ee34e57b84c9b7ff9b5084287efac48c8931c9d7f1,2026-10-02,EXIF orientation applied; converted to RGB JPEG; long edge capped at 1280px; quality 88.,true,Creative Commons Attribution 3.0,
0295.jpg,Wikimedia Commons,https://commons.wikimedia.org/wiki/File:Brutalist_Architecture_example_001.jpeg,CC BY-SA 4.0,https://creativecommons.org/licenses/by-sa/4.0,Geraldshields11,"At the University of Melbourne, an example of brutalist architecture as part of the Department of Infrastructure Engineering. The photo has been taken in November 2024","architecture cities interiors, brutalist, architecture",architecture cities interiors,brutalist architecture,File:Brutalist Architecture example 001.jpeg,https://upload.wikimedia.org/wikipedia/commons/9/90/Brutalist_Architecture_example_001.jpeg?utm_source=commons.wikimedia.org&utm_campaign=imageinfo&utm_content=original,155740389,0a2e80c84667a791fb1fd65b379c063f84db56da,2268,4032,720,1280,f699ca76485359562827ffede9d538ed695fa004386ba91f1744aacee9625022,2026-10-02,EXIF orientation applied; converted to RGB JPEG; long edge capped at 1280px; quality 88.,true,Creative Commons Attribution-Share Alike 4.0,
0296.jpg,Wikimedia Commons,"https://commons.wikimedia.org/wiki/File:Spiral_stairs_(Art_Deco,_Neboti%C4%8Dnik,_Ljubljana).jpg",CC BY-SA 4.0,https://creativecommons.org/licenses/by-sa/4.0,Petar Milošević,A black-and-white view looking upward through a dramatic spiral staircase.,"spiral staircase, architecture, black and white, geometric, indoor, pattern, dramatic, upward view",architecture cities interiors,looking up through a spiral staircase,"File:Spiral stairs (Art Deco, Nebotičnik, Ljubljana).jpg",https://upload.wikimedia.org/wikipedia/commons/2/20/Spiral_stairs_%28Art_Deco%2C_Neboti%C4%8Dnik%2C_Ljubljana%29.jpg?utm_source=commons.wikimedia.org&utm_campaign=imageinfo&utm_content=original,52574050,bbdeed40763281c4b57b01af3241202eea76edf9,3031,2815,1280,1189,59c9339f55fbe55b43ab63d74d6d1917959dc77f372b3e7bdad82809fc554500,2026-10-02,EXIF orientation applied; converted to RGB JPEG; long edge capped at 1280px; quality 88.,true,Creative Commons Attribution-Share Alike 4.0,
0297.jpg,Wikimedia Commons,https://commons.wikimedia.org/wiki/File:Winchester_cathedral_flags.jpg,CC BY-SA 3.0,http://creativecommons.org/licenses/by-sa/3.0/,Tom Habibi,Winchester Cathedral (england) lined by flags made by local school children (aged approximately 12 years old),"architecture cities interiors, gothic, cathedral, interior, indoor, architecture, red, child",architecture cities interiors,gothic cathedral interior,File:Winchester cathedral flags.jpg,https://upload.wikimedia.org/wikipedia/commons/5/52/Winchester_cathedral_flags.jpg?utm_source=commons.wikimedia.org&utm_campaign=imageinfo&utm_content=original,1084404,915756102cd8efbf6cfcaa96910f2eac1b356288,2790,2048,1280,940,51ac8946c3016b75f01ff623e8449d2661022b91cc3d1dd1fcbfdca1b217664a,2026-10-02,EXIF orientation applied; converted to RGB JPEG; long edge capped at 1280px; quality 88.,true,Creative Commons Attribution-Share Alike 3.0,
0298.jpg,Wikimedia Commons,https://commons.wikimedia.org/wiki/File:Wooden_gate_with_open_double_door_leading_to_the_garden_of_Isshinin_Buddhist_temple_in_the_compounds_of_Chion-in_Kyoto_Japan.jpg,CC BY-SA 4.0,https://creativecommons.org/licenses/by-sa/4.0,Basile Morin,"Wooden gate with open double door leading to the garden of Isshinin Buddhist temple , within the vast compounds of Chion-in , Higashiyama Ward , Kyoto , Japan . focus stacked image obtained from 2 pictures.","architecture cities interiors, temple, garden, architecture, plants, outdoors, nature, peaceful",architecture cities interiors,temple garden architecture,File:Wooden gate with open double door leading to the garden of Isshinin Buddhist temple in the compounds of Chion-in Kyoto Japan.jpg,https://upload.wikimedia.org/wikipedia/commons/7/71/Wooden_gate_with_open_double_door_leading_to_the_garden_of_Isshinin_Buddhist_temple_in_the_compounds_of_Chion-in_Kyoto_Japan.jpg?utm_source=commons.wikimedia.org&utm_campaign=imageinfo&utm_content=original,94231224,e249db9d9818897f646e34d25b727816362d0ac8,5973,4480,1280,960,e670b81c280224067801d14c72e3209188edfbabce47a25e9b174b008dba7285,2026-10-02,EXIF orientation applied; converted to RGB JPEG; long edge capped at 1280px; quality 88.,true,Creative Commons Attribution-Share Alike 4.0,
0299.jpg,Wikimedia Commons,https://commons.wikimedia.org/wiki/File:Neuschwanstein_Castle_Snow_(93462571).jpeg,CC BY 3.0,https://creativecommons.org/licenses/by/3.0,Alessio Mercuri,"500px provided description: Neuschwanstein Castle Snow [#winter ,#snow ,#castle ,#germany ,#neuschwanstein]","architecture cities interiors, castle, snow, outdoors, cold, winter, weather",architecture cities interiors,castle snow,File:Neuschwanstein Castle Snow (93462571).jpeg,https://upload.wikimedia.org/wikipedia/commons/1/12/Neuschwanstein_Castle_Snow_%2893462571%29.jpeg?utm_source=commons.wikimedia.org&utm_campaign=imageinfo&utm_content=original,87838339,d2a9c7ed2ed809d699ea8ec8c1cb38194707c20f,2048,1366,1280,854,c70f916ad3ee9a89d1a764d90859d5ddb28dde581fc15cf140142bebd37ffadf,2026-10-02,EXIF orientation applied; converted to RGB JPEG; long edge capped at 1280px; quality 88.,true,Creative Commons Attribution 3.0,
0300.jpg,Wikimedia Commons,https://commons.wikimedia.org/wiki/File:Port_and_lighthouse_overnight_storm_with_lightning_in_Port-la-Nouvelle.jpg,CC BY 2.0,https://creativecommons.org/licenses/by/2.0,Maxime Raynal from France,Lightning during an overnight storm at the port and lighthouse in Port-la-Nouvelle in the Aude department in southern France .,"architecture cities interiors, lighthouse, storm, purple, night, dark, evening, sky",architecture cities interiors,lighthouse storm,File:Port and lighthouse overnight storm with lightning in Port-la-Nouvelle.jpg,https://upload.wikimedia.org/wikipedia/commons/c/c2/Port_and_lighthouse_overnight_storm_with_lightning_in_Port-la-Nouvelle.jpg?utm_source=commons.wikimedia.org&utm_campaign=imageinfo&utm_content=original,42048641,74ed3615cd6743fb4e031d1d1b58a3fd45de2d23,5681,3196,1280,720,65e34783e25e8fb134fa7eab762f38e49f71c1781ec77a858e48cf002fc28acb,2026-10-02,EXIF orientation applied; converted to RGB JPEG; long edge capped at 1280px; quality 88.,true,Creative Commons Attribution 2.0,
0301.jpg,Wikimedia Commons,https://commons.wikimedia.org/wiki/File:San_francisco_in_fog_with_rays.jpg,CC BY-SA 3.0,https://creativecommons.org/licenses/by-sa/3.0,Brocken Inaglory,"Out of fog Bay Bridge and Golden Gate Bridge and San Francisco in fog and w:crepuscular rays . The image was sent to Dr. Andrew T. Young, . Here's his description: ""... it's unusual to see these shadows so clearly at such an oblique geometry: usually, the…","architecture cities interiors, bridge, fog, outdoors, weather, atmospheric, red, sunrise, morning, sky, peaceful",architecture cities interiors,bridge fog,File:San francisco in fog with rays.jpg,https://upload.wikimedia.org/wikipedia/commons/3/3f/San_francisco_in_fog_with_rays.jpg?utm_source=commons.wikimedia.org&utm_campaign=imageinfo&utm_content=original,7908286,f5cf03fb6d898de1f412ff23d28d808b9f31c947,3000,3222,1192,1280,e09b7af19ae0f5d9655f3bd690aa917184115d8a5ac559b6ef248a273e39dc5a,2026-10-02,EXIF orientation applied; converted to RGB JPEG; long edge capped at 1280px; quality 88.,true,Creative Commons Attribution-Share Alike 3.0,
0302.jpg,Wikimedia Commons,https://commons.wikimedia.org/wiki/File:Karisalmi_Bridge_3.jpg,CC BY-SA 4.0,https://creativecommons.org/licenses/by-sa/4.0,kallerna,"Karinsalmi Bridge is a suspension bridge over Päijänne in Pulkkilanharju, Asikkala, Finland. The 175 meters long bridge was built in 1969 and it carries the regional road 314.","architecture cities interiors, suspension, bridge, sunset, outdoors, evening, sky, warm, dramatic, blue, snow, cold, winter, weather, water",architecture cities interiors,suspension bridge sunset,File:Karisalmi Bridge 3.jpg,https://upload.wikimedia.org/wikipedia/commons/2/26/Karisalmi_Bridge_3.jpg?utm_source=commons.wikimedia.org&utm_campaign=imageinfo&utm_content=original,117047820,0732ec68ad623461c4a85cecef50659112ee0b92,5010,3345,1280,855,d9725b91d7107c0db121cb9b5071b3ee7559f5d85c9a95192bdd0703e90ba1b5,2026-10-02,EXIF orientation applied; converted to RGB JPEG; long edge capped at 1280px; quality 88.,true,Creative Commons Attribution-Share Alike 4.0,
0303.jpg,Wikimedia Commons,https://commons.wikimedia.org/wiki/File:Escalators_at_the_train_station_in_Helsinki_airport.jpg,CC BY-SA 4.0,https://creativecommons.org/licenses/by-sa/4.0,Stephan van Helden,Escalators at the train station in Helsinki airport,"architecture cities interiors, train, station, architecture, transportation, land",architecture cities interiors,train station architecture,File:Escalators at the train station in Helsinki airport.jpg,https://upload.wikimedia.org/wikipedia/commons/6/6c/Escalators_at_the_train_station_in_Helsinki_airport.jpg?utm_source=commons.wikimedia.org&utm_campaign=imageinfo&utm_content=original,146239411,0d870c1d96ad1144d5387b0642cd1bb7cf3eb2d1,3585,6000,765,1280,1174a952329509d81398cd3a753a66edd7ea54f71b039a0299857febdab294b0,2026-10-02,EXIF orientation applied; converted to RGB JPEG; long edge capped at 1280px; quality 88.,true,Creative Commons Attribution-Share Alike 4.0,
0304.jpg,Wikimedia Commons,https://commons.wikimedia.org/wiki/File:Interior_of_Helsinki_Airport_Vantaa.jpg,CC BY-SA 3.0,https://creativecommons.org/licenses/by-sa/3.0,Ввласенко,Interior of Helsinki Airport Vantaa,"architecture cities interiors, airport, interior, indoor, architecture",architecture cities interiors,airport interior,File:Interior of Helsinki Airport Vantaa.jpg,https://upload.wikimedia.org/wikipedia/commons/4/49/Interior_of_Helsinki_Airport_Vantaa.jpg?utm_source=commons.wikimedia.org&utm_campaign=imageinfo&utm_content=original,85863712,38b58759fa50bb5abe1afbbb60d41623f5194507,5710,3736,1280,837,290a353e1d228667c9cee68294ca646035a977ef088dda8e961b2614d380ca6d,2026-10-02,EXIF orientation applied; converted to RGB JPEG; long edge capped at 1280px; quality 88.,true,Creative Commons Attribution-Share Alike 3.0,
0305.jpg,Wikimedia Commons,https://commons.wikimedia.org/wiki/File:George-peabody-library.jpg,CC BY-SA 3.0,https://creativecommons.org/licenses/by-sa/3.0,Matthew Petroff,Interior of the George Peabody Library in Baltimore,"architecture cities interiors, library, interior, indoor, architecture",architecture cities interiors,library interior,File:George-peabody-library.jpg,https://upload.wikimedia.org/wikipedia/commons/c/c1/George-peabody-library.jpg?utm_source=commons.wikimedia.org&utm_campaign=imageinfo&utm_content=original,24162642,0f26874de652e149228ec45ae39cf32bd0daea69,3000,2250,1280,960,d05e85b60ce4cb3f830fad4da3ba76b1a12018408fe84b49eee6262841d2f733,2026-10-02,EXIF orientation applied; converted to RGB JPEG; long edge capped at 1280px; quality 88.,true,Creative Commons Attribution-Share Alike 3.0,
0306.jpg,Wikimedia Commons,"https://commons.wikimedia.org/wiki/File:Tiffany_%26_Co_Cafe,_Miami_Design_Distric,_December_2022_-_Interior_plants.jpg",CC BY 2.0,https://creativecommons.org/licenses/by/2.0,Phillip Pessar,A bright modern café interior decorated with large green plants.,"cafe, interior, plants, modern, green, cozy, furniture, indoor",architecture cities interiors,a modern cafe interior with plants,"File:Tiffany & Co Cafe, Miami Design Distric, December 2022 - Interior plants.jpg",https://upload.wikimedia.org/wikipedia/commons/a/a1/Tiffany_%26_Co_Cafe%2C_Miami_Design_Distric%2C_December_2022_-_Interior_plants.jpg?utm_source=commons.wikimedia.org&utm_campaign=imageinfo&utm_content=original,126626946,4a73a7e810bfa2bd082e729e412ea5ac81b4fe13,4032,3024,1280,960,c3677c019b47f614a31173829b5c139340b3ff6e2b919f3c079c42d9537cd0b2,2026-10-02,EXIF orientation applied; converted to RGB JPEG; long edge capped at 1280px; quality 88.,true,Creative Commons Attribution 2.0,
0307.jpg,Wikimedia Commons,https://commons.wikimedia.org/wiki/File:Interior_of_a_hut_with_straw_roof_in_a_coffee_restaurant_near_Li_Phi_Falls_-_Don_Khon_-_Laos.jpg,CC BY-SA 4.0,https://creativecommons.org/licenses/by-sa/4.0,Basile Morin,"A cozy open-air wooden pavilion with cushions, a low table, and a rocky river view.","pavilion, cushions, wooden interior, river view, cozy, open air, relaxing, travel",architecture cities interiors,a cozy open-air pavilion beside a river,File:Interior of a hut with straw roof in a coffee restaurant near Li Phi Falls - Don Khon - Laos.jpg,https://upload.wikimedia.org/wikipedia/commons/c/c8/Interior_of_a_hut_with_straw_roof_in_a_coffee_restaurant_near_Li_Phi_Falls_-_Don_Khon_-_Laos.jpg?utm_source=commons.wikimedia.org&utm_campaign=imageinfo&utm_content=original,77495430,d328878e07b5ad72e77d1d7d1b58e7535fc2ee87,6389,4259,1280,853,a181992a8e0f5ce681d69a5f6b99780bc0971643eaffe89aa88dda32c67d6ea2,2026-10-02,EXIF orientation applied; converted to RGB JPEG; long edge capped at 1280px; quality 88.,true,Creative Commons Attribution-Share Alike 4.0,
0308.jpg,Wikimedia Commons,https://commons.wikimedia.org/wiki/File:Modern_luxury_living_room_with_kitchen_interior.jpg,CC BY 2.0,https://creativecommons.org/licenses/by/2.0,Shixart1985,Modern luxury living room with kitchen interior,"architecture cities interiors, modern, kitchen, interior, indoor, food, home, architecture",architecture cities interiors,modern kitchen interior,File:Modern luxury living room with kitchen interior.jpg,https://upload.wikimedia.org/wikipedia/commons/a/a0/Modern_luxury_living_room_with_kitchen_interior.jpg?utm_source=commons.wikimedia.org&utm_campaign=imageinfo&utm_content=original,192968130,fbf0a23465dea865088c006de61a64a73199ea7c,7360,4912,1280,854,12feee85a6a017dd3edf67a78adcfdebbc1f65317a3cc3c3b976844b17fadfa1,2026-10-02,EXIF orientation applied; converted to RGB JPEG; long edge capped at 1280px; quality 88.,true,Creative Commons Attribution 2.0,
0309.jpg,Wikimedia Commons,https://commons.wikimedia.org/wiki/File:Small_greenhouse_with_grapevines_escaping.jpg,CC0,http://creativecommons.org/publicdomain/zero/1.0/deed.en,W.carter,"A small greenhouse with grapevines ( Vitis vinifera ) escaping from the roof hatch. In Gåseberg, Lysekil Municipality, Sweden. The image is composed from 11 photos.","architecture cities interiors, greenhouse, interior, indoor, architecture, green",architecture cities interiors,greenhouse interior,File:Small greenhouse with grapevines escaping.jpg,https://upload.wikimedia.org/wikipedia/commons/b/b1/Small_greenhouse_with_grapevines_escaping.jpg?utm_source=commons.wikimedia.org&utm_campaign=imageinfo&utm_content=original,62134626,96222187d3e8a19262275212c26ce0a1b42a181e,8972,5645,1280,805,657cfb6bb76ecca858ad5156ce71fdecfc9b99bcd159d725c8fefe8353b3d40a,2026-10-02,EXIF orientation applied; converted to RGB JPEG; long edge capped at 1280px; quality 88.,false,"Creative Commons Zero, Public Domain Dedication",
0310.jpg,Wikimedia Commons,"https://commons.wikimedia.org/wiki/File:Central_market_hall,_Budapest.jpg",CC BY-SA 3.0,http://creativecommons.org/licenses/by-sa/3.0/,András Osvát,"Central market hall, Budapest","architecture cities interiors, market, hall, interior, people, shopping, busy, indoor, architecture",architecture cities interiors,market hall interior,"File:Central market hall, Budapest.jpg",https://upload.wikimedia.org/wikipedia/commons/9/99/Central_market_hall%2C_Budapest.jpg?utm_source=commons.wikimedia.org&utm_campaign=imageinfo&utm_content=original,1162095,0cf4b585b46c671f3d83df9071810871792e2c6b,1280,960,1280,960,8566bb02c4d9b30aa7bfb5da3a01c0dd3e9d68f5d102e0a3e58c10e0ab4ec793,2026-10-02,EXIF orientation applied; converted to RGB JPEG; long edge capped at 1280px; quality 88.,true,Creative Commons Attribution-Share Alike 3.0,
0311.jpg,Wikimedia Commons,https://commons.wikimedia.org/wiki/File:East_Entrance_of_Raohe_Street_Night_Market_20060118_night.jpg,CC BY-SA 4.0,https://creativecommons.org/licenses/by-sa/4.0,Fauzty,​饒河街觀光夜市東口牌樓夜景。,"architecture cities interiors, street, market, night, urban, outdoors, people, shopping, busy, dark, evening",architecture cities interiors,street market night,File:East Entrance of Raohe Street Night Market 20060118 night.jpg,https://upload.wikimedia.org/wikipedia/commons/9/97/East_Entrance_of_Raohe_Street_Night_Market_20060118_night.jpg?utm_source=commons.wikimedia.org&utm_campaign=imageinfo&utm_content=original,534930,c94c59e5a2b44651c385dd20ffcee0c92742c082,2048,1536,1280,960,37256b9313c4ce043439e2193ea08a3e5acec664e962743f7f3c3bfcf3a6a6f5,2026-10-02,EXIF orientation applied; converted to RGB JPEG; long edge capped at 1280px; quality 88.,true,Creative Commons Attribution-Share Alike 4.0,
0312.jpg,Wikimedia Commons,https://commons.wikimedia.org/wiki/File:DFC_2211_Quiet_narrow_residential_alley_lined_with_modest_houses_and_potted_plants_as_dusk_settles.jpg,CC BY-SA 4.0,https://creativecommons.org/licenses/by-sa/4.0,PattayaPatrol,"This photo shows a narrow residential alleyway or street in what appears to be a modest neighborhood. The street is paved and has a wet surface, possibly from recent rain. On both sides of the alley are small houses or residential buildings with different…","architecture cities interiors, narrow, alley, rain, outdoors, wet, weather",architecture cities interiors,narrow alley rain,File:DFC 2211 Quiet narrow residential alley lined with modest houses and potted plants as dusk settles.jpg,https://upload.wikimedia.org/wikipedia/commons/f/f1/DFC_2211_Quiet_narrow_residential_alley_lined_with_modest_houses_and_potted_plants_as_dusk_settles.jpg?utm_source=commons.wikimedia.org&utm_campaign=imageinfo&utm_content=original,190205942,c75d6efdd59cc7a44010864b0b5502325e952582,5568,3712,1280,853,beec7d8b402bbd4e76c218a70e31cc758d95f0d42c0bb07478c85adff5eb68bb,2026-10-02,EXIF orientation applied; converted to RGB JPEG; long edge capped at 1280px; quality 88.,true,Creative Commons Attribution-Share Alike 4.0,
0313.jpg,Wikimedia Commons,"https://commons.wikimedia.org/wiki/File:Colorful_neon_street_signs_in_Kabukich%C5%8D,_Shinjuku,_Tokyo.jpg",CC BY-SA 4.0,https://creativecommons.org/licenses/by-sa/4.0,Basile Morin,"Colorful neon street signs in Kabukichō , Shinjuku , Tokyo , Japan.","architecture cities interiors, neon, street, night, urban, outdoors, dark, evening, city, architecture",architecture cities interiors,neon street night,"File:Colorful neon street signs in Kabukichō, Shinjuku, Tokyo.jpg",https://upload.wikimedia.org/wikipedia/commons/d/dc/Colorful_neon_street_signs_in_Kabukich%C5%8D%2C_Shinjuku%2C_Tokyo.jpg?utm_source=commons.wikimedia.org&utm_campaign=imageinfo&utm_content=original,80020485,cf18157beaaa356725bc4dc42c26e03b126dd53a,6521,4347,1280,853,d1d0dafdd3d01e287604afee38b417569e7f0aa7c346c6e3183336d0e84e446d,2026-10-02,EXIF orientation applied; converted to RGB JPEG; long edge capped at 1280px; quality 88.,true,Creative Commons Attribution-Share Alike 4.0,
0314.jpg,Wikimedia Commons,https://commons.wikimedia.org/wiki/File:Battery_Park_City_New_York_January_2018_002.jpg,CC BY-SA 4.0,https://creativecommons.org/licenses/by-sa/4.0,King of Hearts,A city skyline rises above a partly frozen river under a clear blue winter sky.,"city skyline, frozen river, winter, architecture, blue sky, cold, ice, waterfront",architecture cities interiors,a city skyline above a frozen river,File:Battery Park City New York January 2018 002.jpg,https://upload.wikimedia.org/wikipedia/commons/7/70/Battery_Park_City_New_York_January_2018_002.jpg?utm_source=commons.wikimedia.org&utm_campaign=imageinfo&utm_content=original,128239288,515851ee769e70802cba5012d528d7b09389ba91,5500,3300,1280,768,146d2eceb9622dbff75ef39e785d8a30d30362814098f5be3ac2a18abec98a76,2026-10-02,EXIF orientation applied; converted to RGB JPEG; long edge capped at 1280px; quality 88.,true,Creative Commons Attribution-Share Alike 4.0,
0315.jpg,Wikimedia Commons,https://commons.wikimedia.org/wiki/File:Rooftop_farm_at_the_Essex_(65787p).jpg,CC BY-SA 4.0,https://creativecommons.org/licenses/by-sa/4.0,Rhododendrites,"Rooftop garden at The Essex, Manhattan, New York City, US. Among the plants grown are tomatoes, chili peppers, lettuce, herbs, carrots and beetroots.","architecture cities interiors, rooftop, garden, city, plants, outdoors, nature, peaceful, urban, architecture, green, man",architecture cities interiors,rooftop garden city,File:Rooftop farm at the Essex (65787p).jpg,https://upload.wikimedia.org/wikipedia/commons/e/ef/Rooftop_farm_at_the_Essex_%2865787p%29.jpg?utm_source=commons.wikimedia.org&utm_campaign=imageinfo&utm_content=original,111182079,31e582226c97d27c28b675f84352fda264c43c0a,6781,9118,952,1280,12461fae0d189c2de733160f0a91b81fbcbf957feee2b9fa4bc234888f590401,2026-10-02,EXIF orientation applied; converted to RGB JPEG; long edge capped at 1280px; quality 88.,true,Creative Commons Attribution-Share Alike 4.0,
0316.jpg,Wikimedia Commons,https://commons.wikimedia.org/wiki/File:Swimming_Pool_in_a_hotel_in_Tamil_Nadu_03.jpg,CC BY-SA 4.0,https://creativecommons.org/licenses/by-sa/4.0,Kritzolina,An underwater view of a hotel pool with palm-tree reflections.,"swimming pool, underwater, blue, reflection, hotel, water, vacation, tropical",architecture cities interiors,an underwater view of a hotel pool,File:Swimming Pool in a hotel in Tamil Nadu 03.jpg,https://upload.wikimedia.org/wikipedia/commons/2/2d/Swimming_Pool_in_a_hotel_in_Tamil_Nadu_03.jpg?utm_source=commons.wikimedia.org&utm_campaign=imageinfo&utm_content=original,132458287,97d1553c58b297325c6159976d69800b880ca055,5472,3648,1280,853,9491a01b620cfce3f121325fa4c6656d3cc7538960bad70a157e46e00cc7ac65,2026-10-02,EXIF orientation applied; converted to RGB JPEG; long edge capped at 1280px; quality 88.,true,Creative Commons Attribution-Share Alike 4.0,
0317.jpg,Wikimedia Commons,https://commons.wikimedia.org/wiki/File:Fountain_mascarons_in_Courtyard_of_Palau_del_Lloctinent.jpg,CC BY-SA 4.0,https://creativecommons.org/licenses/by-sa/4.0,Reda Kerbush,A carved stone face forms part of a courtyard fountain.,"fountain, sculpture, stone, face, architecture detail, art, courtyard, outdoors",architecture cities interiors,a carved stone face on a fountain,File:Fountain mascarons in Courtyard of Palau del Lloctinent.jpg,https://upload.wikimedia.org/wikipedia/commons/d/d2/Fountain_mascarons_in_Courtyard_of_Palau_del_Lloctinent.jpg?utm_source=commons.wikimedia.org&utm_campaign=imageinfo&utm_content=original,158365767,526b17bf00a84b75a366d27e76aeea278f91b6d8,5904,7792,970,1280,b53e9eeadd45a80be4a9335e0200a403adce52acc7afe28fff87c67eb34bcbf3,2026-10-02,EXIF orientation applied; converted to RGB JPEG; long edge capped at 1280px; quality 88.,true,Creative Commons Attribution-Share Alike 4.0,
0318.jpg,Wikimedia Commons,https://commons.wikimedia.org/wiki/File:Colorful_staircase_in_the_underground_shopping_mall.jpg,CC0,http://creativecommons.org/publicdomain/zero/1.0/deed.en,Fumikas Sagisavas,Colorful staircase in the underground shopping mall,"architecture cities interiors, colorful, staircase, multicolored, bright",architecture cities interiors,colorful staircase,File:Colorful staircase in the underground shopping mall.jpg,https://upload.wikimedia.org/wikipedia/commons/2/25/Colorful_staircase_in_the_underground_shopping_mall.jpg?utm_source=commons.wikimedia.org&utm_campaign=imageinfo&utm_content=original,157115837,caa447bffc26d4a461bb326a23f61c290f18b990,4000,3000,1280,960,c8563789239e2c62c4d3fe4143c2544a71e93baef8fbdb753a29e32612a2000d,2026-10-02,EXIF orientation applied; converted to RGB JPEG; long edge capped at 1280px; quality 88.,false,"Creative Commons Zero, Public Domain Dedication",
0319.jpg,Wikimedia Commons,https://commons.wikimedia.org/wiki/File:Spiral_staircase_in_the_Vatican_Museums_from_bottom_02.jpg,CC0,http://creativecommons.org/publicdomain/zero/1.0/deed.en,Wilfredor,Spiral staircase in the Vatican Museums from bottom,"architecture cities interiors, spiral, staircase, city, urban, outdoors, architecture",architecture cities interiors,spiral staircase,File:Spiral staircase in the Vatican Museums from bottom 02.jpg,https://upload.wikimedia.org/wikipedia/commons/4/4a/Spiral_staircase_in_the_Vatican_Museums_from_bottom_02.jpg?utm_source=commons.wikimedia.org&utm_campaign=imageinfo&utm_content=original,145564879,8168553e7649a4ab7aaaca7504e0b898ce248e48,7756,5175,1280,854,d04c5fe384a6c56c660a45fdae2b8102911b28ab98adbbff249df59e2a6e2b5b,2026-10-02,EXIF orientation applied; converted to RGB JPEG; long edge capped at 1280px; quality 88.,false,"Creative Commons Zero, Public Domain Dedication",
0320.jpg,Wikimedia Commons,https://commons.wikimedia.org/wiki/File:Arched_chambers_in_Akbar%E2%80%99s_Tomb.jpg,CC BY-SA 4.0,https://creativecommons.org/licenses/by-sa/4.0,Rohit Sharma,"The arched chambers in Akbar’s Tomb at Sikandra form an integral part of the mausoleum’s architectural design. These chambers, with their high vaulted ceilings and symmetrical arches, are built primarily of red sandstone and often accented with white…","architecture cities interiors, arched, corridor, red, white, group",architecture cities interiors,arched corridor,File:Arched chambers in Akbar’s Tomb.jpg,https://upload.wikimedia.org/wikipedia/commons/c/cc/Arched_chambers_in_Akbar%E2%80%99s_Tomb.jpg?utm_source=commons.wikimedia.org&utm_campaign=imageinfo&utm_content=original,175853225,8f9f78e39420c7a123de8441da7bf82c4f41ce3c,4000,3022,1280,967,c69ad4a63e675e74bc85d8dc3ad2df1d1cf37b614bd15cde38531f9e28d697a5,2026-10-02,EXIF orientation applied; converted to RGB JPEG; long edge capped at 1280px; quality 88.,true,Creative Commons Attribution-Share Alike 4.0,
0321.jpg,Wikimedia Commons,https://commons.wikimedia.org/wiki/File:Cozy_wooden_cabin_interior_with_kitchen.jpg,CC BY 2.0,https://creativecommons.org/licenses/by/2.0,Shixart1985,A wooden cabin features a kitchen and living area with a table and chairs. Natural light enters from the windows. The room has a warm and inviting feel with wood paneling.,"architecture cities interiors, wooden, cabin, interior, indoor, architecture",architecture cities interiors,wooden cabin interior,File:Cozy wooden cabin interior with kitchen.jpg,https://upload.wikimedia.org/wikipedia/commons/4/4e/Cozy_wooden_cabin_interior_with_kitchen.jpg?utm_source=commons.wikimedia.org&utm_campaign=imageinfo&utm_content=original,193969726,c82ce44ee863233526baf1ba9cb719b20e7531c9,6016,4016,1280,854,ae51b8130e8bd719dec15e3d3b96cfa25a6ae883f77f2cb2ae85f18ae9f85e30,2026-10-02,EXIF orientation applied; converted to RGB JPEG; long edge capped at 1280px; quality 88.,true,Creative Commons Attribution 2.0,
0322.jpg,Wikimedia Commons,"https://commons.wikimedia.org/wiki/File:Calmon_cannery_warehouse_interior_showing_rows_of_canned_salmon_cooling,_washington,_ca_1928_(INDOCC_712).jpg",Public domain,,Unknown author Unknown author,Attached information: Canned salmon cooling in warehouse after cooking Caption on image: 118. PH Coll 202.37,"architecture cities interiors, industrial, warehouse, interior, indoor, architecture",architecture cities interiors,industrial warehouse interior,"File:Calmon cannery warehouse interior showing rows of canned salmon cooling, washington, ca 1928 (INDOCC 712).jpg",https://upload.wikimedia.org/wikipedia/commons/a/a4/Calmon_cannery_warehouse_interior_showing_rows_of_canned_salmon_cooling%2C_washington%2C_ca_1928_%28INDOCC_712%29.jpg?utm_source=commons.wikimedia.org&utm_campaign=imageinfo&utm_content=original,143455183,5c412096e3676f26a24b31d0d05e2e3180bf5cd9,768,619,768,619,9d44aae86bfc8ff66e3367961e91a0664d61595f4a93ff0e5b12e6bc6d67938c,2026-10-02,EXIF orientation applied; converted to RGB JPEG; long edge capped at 1280px; quality 88.,false,Public domain,
0323.jpg,Wikimedia Commons,"https://commons.wikimedia.org/wiki/File:Darwin_(AU),_Darwin_Waterfront_--_2019_--_4423-5.jpg",CC BY-SA 4.0,https://creativecommons.org/licenses/by-sa/4.0,Dietmar Rabich,"Darwin Waterfront and Convention centre, Darwin , Northern Territory , Australia","architecture cities interiors, waterfront, architecture, purple, night, dark, evening, water, outdoors, sky",architecture cities interiors,waterfront architecture,"File:Darwin (AU), Darwin Waterfront -- 2019 -- 4423-5.jpg",https://upload.wikimedia.org/wikipedia/commons/1/10/Darwin_%28AU%29%2C_Darwin_Waterfront_--_2019_--_4423-5.jpg?utm_source=commons.wikimedia.org&utm_campaign=imageinfo&utm_content=original,85432184,a45efc6a6b3fdc955d219891e45e3e1fd4bc2a9c,6043,3399,1280,720,90afb95fa580e9e0508e5e927e025f8ec7388829e19d78ea15956db25ad6b633,2026-10-02,EXIF orientation applied; converted to RGB JPEG; long edge capped at 1280px; quality 88.,true,Creative Commons Attribution-Share Alike 4.0,
0324.jpg,Wikimedia Commons,https://commons.wikimedia.org/wiki/File:Water_reflection_of_canal_houses_at_blue_hour_in_Damrak_Amsterdam_the_Netherlands.jpg,CC BY-SA 4.0,https://creativecommons.org/licenses/by-sa/4.0,Basile Morin,"Water reflection of colorful windows of canal houses , east side, where the houses are located directly on the water, front view, at blue hour , in Damrak avenue, Amsterdam , Netherlands .","architecture cities interiors, canal, houses, blue, sunset, outdoors, evening, sky, warm, dramatic, city, urban, architecture, water",architecture cities interiors,canal houses,File:Water reflection of canal houses at blue hour in Damrak Amsterdam the Netherlands.jpg,https://upload.wikimedia.org/wikipedia/commons/d/d3/Water_reflection_of_canal_houses_at_blue_hour_in_Damrak_Amsterdam_the_Netherlands.jpg?utm_source=commons.wikimedia.org&utm_campaign=imageinfo&utm_content=original,148696967,abcb85c700f82ce0fc13eaca173cb46bc320f8f9,5388,4310,1280,1024,b1687d2b550faf078e4c5c6c159294095172c0b4d8b9fd0ad14ac5f8ae047560,2026-10-02,EXIF orientation applied; converted to RGB JPEG; long edge capped at 1280px; quality 88.,true,Creative Commons Attribution-Share Alike 4.0,
0325.jpg,Wikimedia Commons,https://commons.wikimedia.org/wiki/File:Opole_Village_Museum_-_Nowe_Karmonki.jpg,CC BY-SA 4.0,https://creativecommons.org/licenses/by-sa/4.0,Pudelek,"Opole Village Museum, Opole (Oppeln), Silesia, Poland. Wooden house from Nowe Karmonki.","architecture cities interiors, village, snow, outdoors, cold, winter, weather, blue, sky",architecture cities interiors,village snow,File:Opole Village Museum - Nowe Karmonki.jpg,https://upload.wikimedia.org/wikipedia/commons/2/2f/Opole_Village_Museum_-_Nowe_Karmonki.jpg?utm_source=commons.wikimedia.org&utm_campaign=imageinfo&utm_content=original,100126179,211ef0172e66d520a4dadc8c6e73e78d79c25daa,3456,2304,1280,853,93dd796ee9c87b2dfd265aa317a675a7c2d93a100dd28c705de033ec715ca677,2026-10-02,EXIF orientation applied; converted to RGB JPEG; long edge capped at 1280px; quality 88.,true,Creative Commons Attribution-Share Alike 4.0,
0326.jpg,Wikimedia Commons,https://commons.wikimedia.org/wiki/File:Everybody%27s_Treehouse.jpg,CC0,http://creativecommons.org/publicdomain/zero/1.0/deed.en,CaseGrillot,"Treehouse built in the fall of 2006 in Mt. Airy Forest, Cincinnati titled ""Everybody's Treehouse."" It was an initiative by Michael Flannery at WCPO in combination with the Rotary Club and Forever Young Treehouses according to CityBeat","architecture cities interiors, treehouse, forest, outdoors, nature, green, city, urban, architecture",architecture cities interiors,treehouse forest,File:Everybody's Treehouse.jpg,https://upload.wikimedia.org/wikipedia/commons/8/85/Everybody%27s_Treehouse.jpg?utm_source=commons.wikimedia.org&utm_campaign=imageinfo&utm_content=original,116590408,41439fa6e54a545b15ad886988ad9f92096e6179,4032,3024,1280,960,95956b6a1311667b0832e1393300ee8ae3605a1d6c113f0d71c92313973e29b0,2026-10-02,EXIF orientation applied; converted to RGB JPEG; long edge capped at 1280px; quality 88.,false,"Creative Commons Zero, Public Domain Dedication",
0327.jpg,Wikimedia Commons,https://commons.wikimedia.org/wiki/File:Working_at_a_desk_with_a_laptop_coffee_cup_and_a_plant_on_a_white_surface.jpg,CC BY 2.0,https://creativecommons.org/licenses/by/2.0,Shixart1985,A person works at a desk with a laptop open. A coffee cup sits next to the laptop and a small plant is nearby. This scene shows a simple workspace setting.,"technology everyday objects, laptop, coffee, plants, technology, computer, work, white",technology everyday objects,laptop coffee plants,File:Working at a desk with a laptop coffee cup and a plant on a white surface.jpg,https://upload.wikimedia.org/wikipedia/commons/f/f2/Working_at_a_desk_with_a_laptop_coffee_cup_and_a_plant_on_a_white_surface.jpg?utm_source=commons.wikimedia.org&utm_campaign=imageinfo&utm_content=original,197429041,9d484366fbb8ba0db928099f49ac2a1bbf56524e,6016,4016,1280,854,b5f64a7b2a03745bbbb0efa379463eb91ac16860bb055681e78a5c62f861d4c8,2026-10-02,EXIF orientation applied; converted to RGB JPEG; long edge capped at 1280px; quality 88.,true,Creative Commons Attribution 2.0,
0328.jpg,Wikimedia Commons,https://commons.wikimedia.org/wiki/File:Long_Exposure_Photography_(Smartphone_Photography).jpg,CC0,http://creativecommons.org/publicdomain/zero/1.0/deed.en,Apurv013,Four friends pose on grass at night while a glowing heart is painted with light behind them.,"friends, group, night, light painting, heart, outdoors, creative, dark",visual mood wildcards,friends posing with a glowing heart at night,File:Long Exposure Photography (Smartphone Photography).jpg,https://upload.wikimedia.org/wikipedia/commons/0/08/Long_Exposure_Photography_%28Smartphone_Photography%29.jpg?utm_source=commons.wikimedia.org&utm_campaign=imageinfo&utm_content=original,90079507,bd626d53d08fce4fb57bcf3c1ab56baa1a149cd3,3621,2717,1280,960,e87a1be4cceca7227dd089abbc279456c0d41b8cfb1e5f5892043bfafe000614,2026-10-02,EXIF orientation applied; converted to RGB JPEG; long edge capped at 1280px; quality 88.,false,"Creative Commons Zero, Public Domain Dedication",
0329.jpg,Wikimedia Commons,https://commons.wikimedia.org/wiki/File:InclusiveGameLab_Person-Playing-Virtual-Reality_3_CC-BY-SA.jpg,CC BY-SA 4.0,https://creativecommons.org/licenses/by-sa/4.0,InclusiveGameLab,"A young man is standing in front of a large screen. He is wearing a virtual reality headset and holding a controller in his right hand. The young man is positioned on the left side of the image, so only the right side of his upper body, his head, and his…","technology everyday objects, person, virtual, reality, man, playing, action, playful",technology everyday objects,person virtual reality,File:InclusiveGameLab Person-Playing-Virtual-Reality 3 CC-BY-SA.jpg,https://upload.wikimedia.org/wikipedia/commons/9/93/InclusiveGameLab_Person-Playing-Virtual-Reality_3_CC-BY-SA.jpg?utm_source=commons.wikimedia.org&utm_campaign=imageinfo&utm_content=original,184859572,fcd5138dca62a850bd10af9f76b16ceca16dcd2b,5184,3888,1280,960,ec2d37eb98b86f3b1d08a8630b2f923b4f864171f365e719543580b1cac9dd91,2026-10-02,EXIF orientation applied; converted to RGB JPEG; long edge capped at 1280px; quality 88.,true,Creative Commons Attribution-Share Alike 4.0,
0330.jpg,Wikimedia Commons,https://commons.wikimedia.org/wiki/File:Curiosity_-_Robot_Geologist_and_Chemist_in_One!.jpg,Public domain,,NASA/JPL-Caltech,An artist's concept shows the Curiosity robotic rover exploring a rocky landscape on Mars.,"Mars rover, robot, space, rocky landscape, science, technology, exploration, vehicle",technology everyday objects,a robotic rover exploring a rocky Mars landscape,File:Curiosity - Robot Geologist and Chemist in One!.jpg,https://upload.wikimedia.org/wikipedia/commons/d/de/Curiosity_-_Robot_Geologist_and_Chemist_in_One%21.jpg?utm_source=commons.wikimedia.org&utm_campaign=imageinfo&utm_content=original,22929212,ad3186364ffb147f654e55551fd32b5a00e1f832,6000,3375,1280,720,3885af7c7833cc28f49da68af824c86de16c1ae1baad40cea9611c0d2f25778c,2026-10-02,EXIF orientation applied; converted to RGB JPEG; long edge capped at 1280px; quality 88.,false,Public domain,
0331.jpg,Wikimedia Commons,"https://commons.wikimedia.org/wiki/File:Hans_Watzek_(Austrian,_1848-1903)_-_Camera_Work,_Mountain_Landscape_-_1995.199.13.i_-_Cleveland_Museum_of_Art.jpg",CC0,http://creativecommons.org/publicdomain/zero/1.0/deed.en,Cleveland Museum of Art,A vintage monochrome photograph shows dark trees beneath a rugged mountain range.,"mountains, trees, vintage photograph, monochrome, landscape, outdoors, historic, dramatic",landscapes weather nature,a vintage photograph of a dramatic mountain landscape,"File:Hans Watzek (Austrian, 1848-1903) - Camera Work, Mountain Landscape - 1995.199.13.i - Cleveland Museum of Art.jpg",https://upload.wikimedia.org/wikipedia/commons/9/99/Hans_Watzek_%28Austrian%2C_1848-1903%29_-_Camera_Work%2C_Mountain_Landscape_-_1995.199.13.i_-_Cleveland_Museum_of_Art.jpg?utm_source=commons.wikimedia.org&utm_campaign=imageinfo&utm_content=original,98053941,21dbcbc39d77fc3ae8cacd9e4425ed19f2c5e164,3400,2410,1280,907,eec6983a86b6f52c2a7f76b1ae70c86bf7a7acb7dee7b9bda1e56ff987c58ecb,2026-10-02,EXIF orientation applied; converted to RGB JPEG; long edge capped at 1280px; quality 88.,false,"Creative Commons Zero, Public Domain Dedication",
0332.jpg,Wikimedia Commons,https://commons.wikimedia.org/wiki/File:James_Webb_Space_Telescope_Mirrors_Will_Piece_Together_Cosmic_Puzzles_(30108124923).jpg,CC BY 2.0,https://creativecommons.org/licenses/by/2.0,Chris Gunn,Two technicians stand in a clean room beneath the golden hexagonal mirror of the James Webb Space Telescope.,"space telescope, golden mirror, clean room, technicians, technology, science, geometric, indoor",technology everyday objects,technicians beside a golden space telescope mirror,File:James Webb Space Telescope Mirrors Will Piece Together Cosmic Puzzles (30108124923).jpg,https://upload.wikimedia.org/wikipedia/commons/6/60/James_Webb_Space_Telescope_Mirrors_Will_Piece_Together_Cosmic_Puzzles_%2830108124923%29.jpg?utm_source=commons.wikimedia.org&utm_campaign=imageinfo&utm_content=original,54070562,7adee9c0625250f23226d6be6ddb1a956483d282,2557,3833,854,1280,1045ce2cc9c69eb9b88e42768307e4980c50cca1600422b683fca23ee8a9fed0,2026-10-02,EXIF orientation applied; converted to RGB JPEG; long edge capped at 1280px; quality 88.,true,Creative Commons Attribution 2.0,
0333.jpg,Wikimedia Commons,"https://commons.wikimedia.org/wiki/File:Marie_Stopes_in_her_laboratory,_1904_-_Restoration.jpg",Public domain,,Adam Cuerden,A woman scientist works beside a microscope in an early twentieth-century laboratory.,"woman, scientist, microscope, laboratory, historic, black and white, technology, work",technology everyday objects,a woman scientist working in a historic laboratory,"File:Marie Stopes in her laboratory, 1904 - Restoration.jpg",https://upload.wikimedia.org/wikipedia/commons/f/fa/Marie_Stopes_in_her_laboratory%2C_1904_-_Restoration.jpg?utm_source=commons.wikimedia.org&utm_campaign=imageinfo&utm_content=original,94723013,0fdd9c354e1dee02702e2e67e38dd3ab9015b702,2059,1467,1280,912,4b5703ce97a6b7391ac730b6ef63f91884f1681bdf5b4b26d866d4f815ec9fb7,2026-10-02,EXIF orientation applied; converted to RGB JPEG; long edge capped at 1280px; quality 88.,false,Public domain,
0334.jpg,Wikimedia Commons,https://commons.wikimedia.org/wiki/File:Scientist_during_work_with_Scanning_Electron_Microscope.jpg,CC BY 4.0,https://creativecommons.org/licenses/by/4.0,Gabriela P.,"Scientist during work with Scanning Electron Microscope, observation of the burnouts on the PCB, Material Laboratory","technology everyday objects, scientist, microscope",technology everyday objects,scientist microscope,File:Scientist during work with Scanning Electron Microscope.jpg,https://upload.wikimedia.org/wikipedia/commons/7/79/Scientist_during_work_with_Scanning_Electron_Microscope.jpg?utm_source=commons.wikimedia.org&utm_campaign=imageinfo&utm_content=original,84890870,36e60579d0378aa9e689e33fd9c8f582ad22e90d,3582,2080,1280,743,8e0b1b6a216a6174519f57bf9e4afd56e4c9fc6b2f2ceeac0a659626de7840f2,2026-10-02,EXIF orientation applied; converted to RGB JPEG; long edge capped at 1280px; quality 88.,true,Creative Commons Attribution 4.0,
0335.jpg,Wikimedia Commons,https://commons.wikimedia.org/wiki/File:Make-_3D_Printer_Workshop_-_Torture_Test.jpg,CC BY 2.0,https://creativecommons.org/licenses/by/2.0,jabella,Great result.,"technology everyday objects, 3d, printer, workshop",technology everyday objects,3D printer workshop,File:Make- 3D Printer Workshop - Torture Test.jpg,https://upload.wikimedia.org/wikipedia/commons/c/c8/Make-_3D_Printer_Workshop_-_Torture_Test.jpg?utm_source=commons.wikimedia.org&utm_campaign=imageinfo&utm_content=original,164179449,81a76ec48644495c63c25b48f92293d6e4ab7895,3648,2432,1280,853,ecbc9409e6cd34129a671adbd5b23a5075cceaec3b4f27314a6bcf005614d4d2,2026-10-02,EXIF orientation applied; converted to RGB JPEG; long edge capped at 1280px; quality 88.,true,Creative Commons Attribution 2.0,
0336.jpg,Wikimedia Commons,https://commons.wikimedia.org/wiki/File:Electronics_workbench.jpg,CC BY-SA 2.0,https://creativecommons.org/licenses/by-sa/2.0,James Bastow,A work in progress My electronics workbench I have little space,"technology everyday objects, electronics, workbench, man",technology everyday objects,electronics workbench,File:Electronics workbench.jpg,https://upload.wikimedia.org/wikipedia/commons/7/7a/Electronics_workbench.jpg?utm_source=commons.wikimedia.org&utm_campaign=imageinfo&utm_content=original,16007442,80eece71e35aa8895e9c0d20ff94b02ae47d15a5,2629,1992,1280,970,93fd934868d33eb8beace6acc339b4c6bb7690fb784512246c21e252b309a728,2026-10-02,EXIF orientation applied; converted to RGB JPEG; long edge capped at 1280px; quality 88.,true,Creative Commons Attribution-Share Alike 2.0,
0337.jpg,Wikimedia Commons,https://commons.wikimedia.org/wiki/File:Circuit_board_Closeup_(24884297257).jpg,CC BY 2.0,https://creativecommons.org/licenses/by/2.0,"Jonathan Cutrer from San Angelo, Texas, United States",Circuit board Closeup,"technology everyday objects, circuit, board",technology everyday objects,circuit board closeup,File:Circuit board Closeup (24884297257).jpg,https://upload.wikimedia.org/wikipedia/commons/8/8c/Circuit_board_Closeup_%2824884297257%29.jpg?utm_source=commons.wikimedia.org&utm_campaign=imageinfo&utm_content=original,84529168,4d7e468827a978cf2f4a139223506ed106a71572,3024,4032,960,1280,ff9442982055359ff08a9e8afc2d1f944946e9bf1d2af5cabaaf511ba99cbe66,2026-10-02,EXIF orientation applied; converted to RGB JPEG; long edge capped at 1280px; quality 88.,true,Creative Commons Attribution 2.0,
0338.jpg,Wikimedia Commons,https://commons.wikimedia.org/wiki/File:Field_of_Solar_Panels_near_Ogwell.jpg,CC BY-SA 4.0,https://creativecommons.org/licenses/by-sa/4.0,Partonez,"A part of a field of solar panels near Ogwell in Devon, England.","technology everyday objects, solar, panels, field",technology everyday objects,solar panels field,File:Field of Solar Panels near Ogwell.jpg,https://upload.wikimedia.org/wikipedia/commons/4/48/Field_of_Solar_Panels_near_Ogwell.jpg?utm_source=commons.wikimedia.org&utm_campaign=imageinfo&utm_content=original,89743805,18a7da47c912cd3617428a3ea61f3f1aa4a2ddb4,5152,3864,1280,960,35b694af8c99ce79a98ee7dd27b871b0b13bf7b94e5d23cfd756b0839ada43c4,2026-10-02,EXIF orientation applied; converted to RGB JPEG; long edge capped at 1280px; quality 88.,true,Creative Commons Attribution-Share Alike 4.0,
0339.jpg,Wikimedia Commons,https://commons.wikimedia.org/wiki/File:Sunset_and_wind_turbines_at_Akhisar_Train_Station.jpg,CC0,http://creativecommons.org/publicdomain/zero/1.0/deed.en,Pragdon,Sunset and wind turbines at Akhisar Train Station,"technology everyday objects, wind, turbines, sunset, outdoors, evening, sky, warm, dramatic",technology everyday objects,wind turbines sunset,File:Sunset and wind turbines at Akhisar Train Station.jpg,https://upload.wikimedia.org/wikipedia/commons/e/e0/Sunset_and_wind_turbines_at_Akhisar_Train_Station.jpg?utm_source=commons.wikimedia.org&utm_campaign=imageinfo&utm_content=original,153128355,4d8fc717349a695b337caca20c11b29606b8edd7,4032,3024,1280,960,057519fe6ce7b8eb90143a6e7ddc0c81dacd325bbefb2f97fd8778d12b1fa942,2026-10-02,EXIF orientation applied; converted to RGB JPEG; long edge capped at 1280px; quality 88.,false,"Creative Commons Zero, Public Domain Dedication",
0340.jpg,Wikimedia Commons,https://commons.wikimedia.org/wiki/File:Desk-music-headphones-earphones_(24243083451).jpg,CC0,http://creativecommons.org/publicdomain/zero/1.0/deed.en,www.Pixel.la Free Stock Photos,desk-music-headphones-earphones,"technology everyday objects, headphones, desk",technology everyday objects,headphones desk,File:Desk-music-headphones-earphones (24243083451).jpg,https://upload.wikimedia.org/wikipedia/commons/6/6b/Desk-music-headphones-earphones_%2824243083451%29.jpg?utm_source=commons.wikimedia.org&utm_campaign=imageinfo&utm_content=original,51440550,5775e960352bed36cfd7ab6271a7ec88bef7611d,5472,3648,1280,853,9e582dea0ab32bc3d818574c8bddda9c7517a29f064574e365de205cc4cf5674,2026-10-02,EXIF orientation applied; converted to RGB JPEG; long edge capped at 1280px; quality 88.,false,"Creative Commons Zero, Public Domain Dedication",
0341.jpg,Wikimedia Commons,https://commons.wikimedia.org/wiki/File:Woman_enjoying_music_while_sitting_on_floor_with_vinyl_record_player_in_cozy_room.jpg,CC BY 2.0,https://creativecommons.org/licenses/by/2.0,Shixart1985,"A young woman sits on the floor in a cozy room, smiling as she enjoys music from a vintage vinyl record player. She holds headphones and a cup of coffee, radiating relaxation.","technology everyday objects, record, player, cozy, room, woman",technology everyday objects,record player cozy room,File:Woman enjoying music while sitting on floor with vinyl record player in cozy room.jpg,https://upload.wikimedia.org/wikipedia/commons/c/c8/Woman_enjoying_music_while_sitting_on_floor_with_vinyl_record_player_in_cozy_room.jpg?utm_source=commons.wikimedia.org&utm_campaign=imageinfo&utm_content=original,186092843,1413dcf08052e5d96ab5a279c223dbd0a2c50313,4016,6016,855,1280,eb3080177d6ec741badc30259f6cc518470aee8e252e0dd2bc228f981ce3fa62,2026-10-02,EXIF orientation applied; converted to RGB JPEG; long edge capped at 1280px; quality 88.,true,Creative Commons Attribution 2.0,
0342.jpg,Wikimedia Commons,https://commons.wikimedia.org/wiki/File:Rocktron_Piranha_guitar_preamp_-_inside_-_signal_stage_only_(2007-03-08_23.14.36_by_germanium).jpg,CC BY 2.0,https://creativecommons.org/licenses/by/2.0,"germanium from Eichwalde, Germany",A close view of electronic circuitry inside a guitar preamplifier.,"electronics, circuit board, guitar equipment, technology, closeup, components",technology everyday objects,electronics inside a guitar amplifier,File:Rocktron Piranha guitar preamp - inside - signal stage only (2007-03-08 23.14.36 by germanium).jpg,https://upload.wikimedia.org/wikipedia/commons/8/88/Rocktron_Piranha_guitar_preamp_-_inside_-_signal_stage_only_%282007-03-08_23.14.36_by_germanium%29.jpg?utm_source=commons.wikimedia.org&utm_campaign=imageinfo&utm_content=original,41977930,2e02ebd2e4cbc88af9abcacd4d968d4f9c569342,1760,1168,1280,849,6b3bd0d506813e3aa7e1563147d570809d354f7b629c76d0c8ef58700c3e1f04,2026-10-02,EXIF orientation applied; converted to RGB JPEG; long edge capped at 1280px; quality 88.,true,Creative Commons Attribution 2.0,
0343.jpg,Wikimedia Commons,https://commons.wikimedia.org/wiki/File:Vintage_Radio_Collection_(4765803246).jpg,CC BY 2.0,https://creativecommons.org/licenses/by/2.0,Joe Haupt from USA,Vintage Radio Collection,"technology everyday objects, vintage, radio",technology everyday objects,vintage radio,File:Vintage Radio Collection (4765803246).jpg,https://upload.wikimedia.org/wikipedia/commons/e/ef/Vintage_Radio_Collection_%284765803246%29.jpg?utm_source=commons.wikimedia.org&utm_campaign=imageinfo&utm_content=original,87674390,6ea9950d9c50df3e9ba3b7f6667369bd4bfb7349,2112,2816,960,1280,cdc3585e25652cf075ba0eb98d036cc7da837757dd6d399c7a7afa15634cad33,2026-10-02,EXIF orientation applied; converted to RGB JPEG; long edge capped at 1280px; quality 88.,true,Creative Commons Attribution 2.0,
0344.jpg,Wikimedia Commons,https://commons.wikimedia.org/wiki/File:Clock_gears_(1).jpg,CC BY-SA 3.0,https://creativecommons.org/licenses/by-sa/3.0,Przemek Pietrak,This image has been originally created as the illustration for maquina con un muelle entry in crosswords dictionary wikicrosswords.org. It has been released under CC-BY-3.0 license.,"technology everyday objects, clock, gears",technology everyday objects,clock gears,File:Clock gears (1).jpg,https://upload.wikimedia.org/wikipedia/commons/c/c5/Clock_gears_%281%29.jpg?utm_source=commons.wikimedia.org&utm_campaign=imageinfo&utm_content=original,78817783,3ec25b783f0f977b2b7ffdeed3df44b61275f6f2,2048,1365,1280,853,7880e48cc51e95283d8be8351a32a9bfdcf1ebc45f36cc12d3bc78abc95c37ba,2026-10-02,EXIF orientation applied; converted to RGB JPEG; long edge capped at 1280px; quality 88.,true,Creative Commons Attribution-Share Alike 3.0,
0345.jpg,Wikimedia Commons,https://commons.wikimedia.org/wiki/File:Vesta_sewing_machine_IMGP0718.jpg,CC BY-SA 3.0,https://creativecommons.org/licenses/by-sa/3.0,Nikodem Nijaki,Vesta sewing machine (L.O. Dietrich Altenburg),"technology everyday objects, sewing, machine, fabric",technology everyday objects,sewing machine fabric,File:Vesta sewing machine IMGP0718.jpg,https://upload.wikimedia.org/wikipedia/commons/b/bc/Vesta_sewing_machine_IMGP0718.jpg?utm_source=commons.wikimedia.org&utm_campaign=imageinfo&utm_content=original,16568930,f3429ae5fa1d42e8d4c043f8925a734c0d3e9223,4502,3104,1280,883,ae7609955fdc69d641e6f7781339d64799424528056237dc5b20ce948113c10e,2026-10-02,EXIF orientation applied; converted to RGB JPEG; long edge capped at 1280px; quality 88.,true,Creative Commons Attribution-Share Alike 3.0,
0346.jpg,Wikimedia Commons,https://commons.wikimedia.org/wiki/File:Mixing_batter_with_kitchen_mixer_while_preparing_for_baking_session.jpg,CC BY 2.0,https://creativecommons.org/licenses/by/2.0,Shixart1985,"A kitchen mixer sits on a counter with a whisk attachment. In the background, fresh apples are placed in a bowl, indicating a baking task is about to start.","technology everyday objects, kitchen, mixer, baking, indoor, food, home",technology everyday objects,kitchen mixer baking,File:Mixing batter with kitchen mixer while preparing for baking session.jpg,https://upload.wikimedia.org/wikipedia/commons/1/1f/Mixing_batter_with_kitchen_mixer_while_preparing_for_baking_session.jpg?utm_source=commons.wikimedia.org&utm_campaign=imageinfo&utm_content=original,186152709,6ed7d357c06aa2b710705c88f75ce111667d289c,6048,4032,1280,853,7ffd9cae68f8f063fe333b55aa7c75cf5edd3cbacd98340036498fcf88cde66d,2026-10-02,EXIF orientation applied; converted to RGB JPEG; long edge capped at 1280px; quality 88.,true,Creative Commons Attribution 2.0,
0347.jpg,Wikimedia Commons,"https://commons.wikimedia.org/wiki/File:Bicycle_repair_tools,_Bicycle_Kitchen,_Los_Angeles.jpg",CC BY-SA 4.0,https://creativecommons.org/licenses/by-sa/4.0,Downtowngal,"Bicycle repair tools, Bicycle Kitchen, Los Angeles","technology everyday objects, bicycle, repair, tools, transportation, outdoors",technology everyday objects,bicycle repair tools,"File:Bicycle repair tools, Bicycle Kitchen, Los Angeles.jpg",https://upload.wikimedia.org/wikipedia/commons/6/6e/Bicycle_repair_tools%2C_Bicycle_Kitchen%2C_Los_Angeles.jpg?utm_source=commons.wikimedia.org&utm_campaign=imageinfo&utm_content=original,118245446,beed46afed80e56a0ab931c0acd175c4e4e51f78,1037,820,1037,820,0874be52e5d4db6b25fd781b1afc21ddee12ea790638d4f5949e1f7a2ae0c0cc,2026-10-02,EXIF orientation applied; converted to RGB JPEG; long edge capped at 1280px; quality 88.,true,Creative Commons Attribution-Share Alike 4.0,
0348.jpg,Wikimedia Commons,https://commons.wikimedia.org/wiki/File:Old_tools_on_personal_workshop_wall_2.jpg,CC0,http://creativecommons.org/publicdomain/zero/1.0/deed.en,Syced,Old hand tools hang in neat rows on a personal workshop wall.,"hand tools, workshop, wall, vintage, metal, objects, work, indoor",technology everyday objects,old hand tools arranged on a workshop wall,File:Old tools on personal workshop wall 2.jpg,https://upload.wikimedia.org/wikipedia/commons/b/b8/Old_tools_on_personal_workshop_wall_2.jpg?utm_source=commons.wikimedia.org&utm_campaign=imageinfo&utm_content=original,114005482,11ea42e833f8fa9f37b1684dff96ca9a39bcd872,1280,960,1280,960,1db6d293aae708f033a67d2fe84cf60b82e540892b278859fa5a6d7063886bb8,2026-10-02,EXIF orientation applied; converted to RGB JPEG; long edge capped at 1280px; quality 88.,false,"Creative Commons Zero, Public Domain Dedication",
0349.jpg,Wikimedia Commons,"https://commons.wikimedia.org/wiki/File:Hiker%27s_compass,_Crockunna_-_geograph.org.uk_-_3534383.jpg",CC BY-SA 2.0,https://creativecommons.org/licenses/by-sa/2.0,Kenneth Allen,"Hiker's compass, Crockunna","technology everyday objects, compass, map, hiking",technology everyday objects,compass map hiking,"File:Hiker's compass, Crockunna - geograph.org.uk - 3534383.jpg",https://upload.wikimedia.org/wikipedia/commons/b/b1/Hiker%27s_compass%2C_Crockunna_-_geograph.org.uk_-_3534383.jpg?utm_source=commons.wikimedia.org&utm_campaign=imageinfo&utm_content=original,118103668,3d155da2d0670291be065bef9b41e194699c6e28,4320,3240,1280,960,01664553edda27dac4b4d6695a026768ec13129504bbcdec2f1f1337f6be45eb,2026-10-02,EXIF orientation applied; converted to RGB JPEG; long edge capped at 1280px; quality 88.,true,Creative Commons Attribution-Share Alike 2.0,
0350.jpg,Wikimedia Commons,https://commons.wikimedia.org/wiki/File:Man_with_binoculars_birdwatching_at_Higbee_Beach_Cape_May_October_2020_(cropped).jpg,CC BY-SA 4.0,https://creativecommons.org/licenses/by-sa/4.0,King of Hearts,"Birders on the Dike to the east, Higbee Beach Wildlife Management Area , Cape May County , New Jersey .","technology everyday objects, binoculars, birdwatching, sunrise, outdoors, morning, sky, peaceful, man",technology everyday objects,binoculars birdwatching,File:Man with binoculars birdwatching at Higbee Beach Cape May October 2020 (cropped).jpg,https://upload.wikimedia.org/wikipedia/commons/3/3b/Man_with_binoculars_birdwatching_at_Higbee_Beach_Cape_May_October_2020_%28cropped%29.jpg?utm_source=commons.wikimedia.org&utm_campaign=imageinfo&utm_content=original,131376596,13c06bbdd8baf025bde3ace9e8b1c9ebeb24991b,672,1079,672,1079,59598c7407060705e9d1644f80fa3bd54daf60756454357453cc7be83d9e0415,2026-10-02,EXIF orientation applied; converted to RGB JPEG; long edge capped at 1280px; quality 88.,true,Creative Commons Attribution-Share Alike 4.0,
0351.jpg,Wikimedia Commons,https://commons.wikimedia.org/wiki/File:A_young_child_engages_with_colorful_toys_on_a_table_in_a_bright_living_room.jpg,CC BY 2.0,https://creativecommons.org/licenses/by/2.0,Shixart1985,"A young child engages with colorful toys on a table in a bright living room. Family members are seen lounging on the couch, enjoying their time together in a relaxed atmosphere.","technology everyday objects, colorful, toys, room, multicolored, bright, child",technology everyday objects,colorful toys room,File:A young child engages with colorful toys on a table in a bright living room.jpg,https://upload.wikimedia.org/wikipedia/commons/5/5a/A_young_child_engages_with_colorful_toys_on_a_table_in_a_bright_living_room.jpg?utm_source=commons.wikimedia.org&utm_campaign=imageinfo&utm_content=original,191555350,3870f54a5756b9991c3baa431b207026d4146476,4160,6240,853,1280,3ba21afee734c9d63d4a744d029f19abc2048dc108919a8fcfe7381ffd28dc82,2026-10-02,EXIF orientation applied; converted to RGB JPEG; long edge capped at 1280px; quality 88.,true,Creative Commons Attribution 2.0,
0352.jpg,Wikimedia Commons,https://commons.wikimedia.org/wiki/File:Child_engaged_in_creative_play_with_wooden_building_blocks_on_a_pink_play_mat_in_a_cozy_indoor_space.jpg,CC BY 2.0,https://creativecommons.org/licenses/by/2.0,Shixart1985,"A young child sits on a soft pink mat, focused on a tall structure made of wooden blocks. Small toys are scattered around, creating a joyful play environment in a warm room.","technology everyday objects, wooden, blocks, child, pink, indoor",technology everyday objects,wooden blocks child,File:Child engaged in creative play with wooden building blocks on a pink play mat in a cozy indoor space.jpg,https://upload.wikimedia.org/wikipedia/commons/7/76/Child_engaged_in_creative_play_with_wooden_building_blocks_on_a_pink_play_mat_in_a_cozy_indoor_space.jpg?utm_source=commons.wikimedia.org&utm_campaign=imageinfo&utm_content=original,189822829,3d70ebaf5081275878f553417942f7ca1e326f23,3610,5408,854,1280,500464b8fe7cc6af00acc43df4630c9b8534e036193b798ff98f8790be1872ad,2026-10-02,EXIF orientation applied; converted to RGB JPEG; long edge capped at 1280px; quality 88.,true,Creative Commons Attribution 2.0,
0353.jpg,Wikimedia Commons,https://commons.wikimedia.org/wiki/File:Chess_game_Staunton_No._6_perfil_view_8.jpg,CC0,http://creativecommons.org/publicdomain/zero/1.0/deed.en,Wilfredor,"Chess set composed of Rio Staunton pieces by House of Chess and a Wegiel Handmade Wooden Chess Board. The pieces are made of Ringy rosewood and boxwood, with triple internal weighting, beveled bases, and green felt pads on the underside to reduce…","technology everyday objects, chess, board, red, green",technology everyday objects,chess board,File:Chess game Staunton No. 6 perfil view 8.jpg,https://upload.wikimedia.org/wikipedia/commons/4/40/Chess_game_Staunton_No._6_perfil_view_8.jpg?utm_source=commons.wikimedia.org&utm_campaign=imageinfo&utm_content=original,147765079,1cab936b0bf51f2122363c9aba41a4748c690037,7118,4671,1280,840,d5192d150bdd3d439f261210578affda36b6c4c5eee87c3c7fbc7b00f352c56a,2026-10-02,EXIF orientation applied; converted to RGB JPEG; long edge capped at 1280px; quality 88.,false,"Creative Commons Zero, Public Domain Dedication",
0354.jpg,Wikimedia Commons,https://commons.wikimedia.org/wiki/File:Book_and_Coffee_Cup.jpg,CC BY-SA 4.0,https://creativecommons.org/licenses/by-sa/4.0,Sathya Madhu,A clear depiction of books with a cup and saucer,"technology everyday objects, books, glasses, coffee",technology everyday objects,books glasses coffee,File:Book and Coffee Cup.jpg,https://upload.wikimedia.org/wikipedia/commons/f/f2/Book_and_Coffee_Cup.jpg?utm_source=commons.wikimedia.org&utm_campaign=imageinfo&utm_content=original,103931473,843b6ce4a590195f2a959cc593346625757a8aa6,3120,3120,1280,1280,cdcfcb4c59607474419f6043c755cbaf92c5dd42203e5302d26dfa598b0c398d,2026-10-02,EXIF orientation applied; converted to RGB JPEG; long edge capped at 1280px; quality 88.,true,Creative Commons Attribution-Share Alike 4.0,
0355.jpg,Wikimedia Commons,https://commons.wikimedia.org/wiki/File:Beach_Umbrella_R05.jpg,CC BY-SA 4.0,https://creativecommons.org/licenses/by-sa/4.0,Marc Ryckaert,Straw beach umbrellas cast shade beside a bright blue sea.,"beach umbrellas, ocean, blue, sunny, vacation, outdoors, water, coast",technology everyday objects,beach umbrellas beside blue water,File:Beach Umbrella R05.jpg,https://upload.wikimedia.org/wikipedia/commons/9/95/Beach_Umbrella_R05.jpg?utm_source=commons.wikimedia.org&utm_campaign=imageinfo&utm_content=original,99327757,860ab6b0c74040739640e24d193126311ab97a41,5127,3640,1280,909,f3b1d01cf3605620cf3452cfb3ba74e33f0f8e962535d97fa7c2af8d9f9915a4,2026-10-02,EXIF orientation applied; converted to RGB JPEG; long edge capped at 1280px; quality 88.,true,Creative Commons Attribution-Share Alike 4.0,
0356.jpg,Wikimedia Commons,"https://commons.wikimedia.org/wiki/File:Sanctuary_Garden,_Bridgerton_Garden_-_Chelsea_Flower_Show_2024_-_DSC02342.jpg",CC0,http://creativecommons.org/publicdomain/zero/1.0/deed.en,Daderot,"Sanctuary Garden, Bridgerton Garden - Chelsea Flower Show 2024 - London, England.","plants flowers gardens, flower, garden, spring, plant, nature, colorful, plants, outdoors, peaceful",plants flowers gardens,flower garden spring,"File:Sanctuary Garden, Bridgerton Garden - Chelsea Flower Show 2024 - DSC02342.jpg",https://upload.wikimedia.org/wikipedia/commons/7/7d/Sanctuary_Garden%2C_Bridgerton_Garden_-_Chelsea_Flower_Show_2024_-_DSC02342.jpg?utm_source=commons.wikimedia.org&utm_campaign=imageinfo&utm_content=original,151118036,9f3a2fabae356e47e53e7e2cf8166a7fe23fb16d,5472,3648,1280,853,0b61679febbe13f681850fd9f7b0d675b058b463a22c1a1850eed8b50e0528b0,2026-10-02,EXIF orientation applied; converted to RGB JPEG; long edge capped at 1280px; quality 88.,false,"Creative Commons Zero, Public Domain Dedication",
0357.jpg,Wikimedia Commons,"https://commons.wikimedia.org/wiki/File:Rose_buds_after_rain,_Ehrenbach.jpg",CC0,http://creativecommons.org/publicdomain/zero/1.0/deed.en,Gerda Arendt,"Rose buds after rain, Ehrenbach","plants flowers gardens, roses, rain, outdoors, wet, weather",plants flowers gardens,roses after rain,"File:Rose buds after rain, Ehrenbach.jpg",https://upload.wikimedia.org/wikipedia/commons/1/18/Rose_buds_after_rain%2C_Ehrenbach.jpg?utm_source=commons.wikimedia.org&utm_campaign=imageinfo&utm_content=original,149617639,bdec2e12e0ab7af33335f9033cf78d03a357a575,3145,2359,1280,960,126f04329a0b278ddc6f5d966ebf8a5225ee2975008e55c483a48438cf86b3ec,2026-10-02,EXIF orientation applied; converted to RGB JPEG; long edge capped at 1280px; quality 88.,false,"Creative Commons Zero, Public Domain Dedication",
0358.jpg,Wikimedia Commons,https://commons.wikimedia.org/wiki/File:Sunflower_and_a_bee.jpg,CC BY-SA 4.0,https://creativecommons.org/licenses/by-sa/4.0,Tomascastelazo,sunflower and a bumblebee,"plants flowers gardens, sunflower, bee, black",plants flowers gardens,sunflower bee,File:Sunflower and a bee.jpg,https://upload.wikimedia.org/wikipedia/commons/5/50/Sunflower_and_a_bee.jpg?utm_source=commons.wikimedia.org&utm_campaign=imageinfo&utm_content=original,94279377,fb244a87251d89fc768bf0980d18d1c95963609f,3254,3368,1237,1280,1fea713e8a2737c37c811e336a346e77ccbc72d0f6bdbca59d6cd9c2e017c214,2026-10-02,EXIF orientation applied; converted to RGB JPEG; long edge capped at 1280px; quality 88.,true,Creative Commons Attribution-Share Alike 4.0,
0359.jpg,Wikimedia Commons,https://commons.wikimedia.org/wiki/File:Colorful_tulip_garden_Field_of_red_pink_and_yellow_tulips_Tulips_in_full_bloom.jpg,CC BY 4.0,https://creativecommons.org/licenses/by/4.0,Liyan Alsaideh14,Colorful tulip garden Field of red pink and yellow tulips Tulips in full bloom,"plants flowers gardens, tulip, field, colorful, multicolored, bright, red, yellow, pink",plants flowers gardens,tulip field colorful,File:Colorful tulip garden Field of red pink and yellow tulips Tulips in full bloom.jpg,https://upload.wikimedia.org/wikipedia/commons/8/8b/Colorful_tulip_garden_Field_of_red_pink_and_yellow_tulips_Tulips_in_full_bloom.jpg?utm_source=commons.wikimedia.org&utm_campaign=imageinfo&utm_content=original,195965321,fa0a8ef81f768a984c9761d959bfb10209f8a445,715,962,715,962,1e45c623c2fc6999233f2ba9e4d028268c73d91ead21e20dde1d7cef579d60bd,2026-10-02,EXIF orientation applied; converted to RGB JPEG; long edge capped at 1280px; quality 88.,true,Creative Commons Attribution 4.0,
0360.jpg,Wikimedia Commons,https://commons.wikimedia.org/wiki/File:Children_explore_a_lavender_field_during_sunset_in_summer.jpg,CC BY 2.0,https://creativecommons.org/licenses/by/2.0,Shixart1985,"Two children walk through a field of lavender at sunset. They hold hands and look around, enjoying the beauty of the flowers and the warm light of summer.","plants flowers gardens, lavender, field, sunset, outdoors, evening, sky, warm, dramatic, child",plants flowers gardens,lavender field sunset,File:Children explore a lavender field during sunset in summer.jpg,https://upload.wikimedia.org/wikipedia/commons/4/4b/Children_explore_a_lavender_field_during_sunset_in_summer.jpg?utm_source=commons.wikimedia.org&utm_campaign=imageinfo&utm_content=original,193273867,47320e01e856e84f12b85e64f40a8dff4cf79aa6,4024,6048,852,1280,bb3cfc6dc3fb2f93905d4f091a4568f5d56e3cf16fe3bb69dfcac3e382179f3d,2026-10-02,EXIF orientation applied; converted to RGB JPEG; long edge capped at 1280px; quality 88.,true,Creative Commons Attribution 2.0,
0361.jpg,Wikimedia Commons,"https://commons.wikimedia.org/wiki/File:Cherry_blossoms-_Cherry_Blossom_Festival_2009,_Macon_GA_USA.jpg",CC BY-SA 2.0,https://creativecommons.org/licenses/by-sa/2.0,Quinn Dombrowski,"Pinkest Party on Earth. International Cherry Blossom Festival 2009, Macon Georgia USA.","plants flowers gardens, cherry, blossoms, people, person, group, pink",plants flowers gardens,cherry blossoms people,"File:Cherry blossoms- Cherry Blossom Festival 2009, Macon GA USA.jpg",https://upload.wikimedia.org/wikipedia/commons/e/e0/Cherry_blossoms-_Cherry_Blossom_Festival_2009%2C_Macon_GA_USA.jpg?utm_source=commons.wikimedia.org&utm_campaign=imageinfo&utm_content=original,112519781,28ced1a86b26eba8c58b44e3390f368b5edba15b,3888,2592,1280,853,9e50d6317d23fb40261d9db6f9b7fd998e7bd3217e9c70280bcc2b5423e7fa03,2026-10-02,EXIF orientation applied; converted to RGB JPEG; long edge capped at 1280px; quality 88.,true,Creative Commons Attribution-Share Alike 2.0,
0362.jpg,Wikimedia Commons,https://commons.wikimedia.org/wiki/File:%D0%9B%D0%B8%D1%81%D1%82%D1%8C%D1%8F_%D0%BD%D0%B0_%D1%81%D0%BE%D0%BB%D0%BD%D1%86%D0%B5.jpg,CC BY-SA 4.0,https://creativecommons.org/licenses/by-sa/4.0,Горбунова М.С.,Sunlight passes through a houseplant leaf beside a lace-covered window.,"houseplant, leaf, window, sunlight, indoor, green, peaceful, closeup",plants flowers gardens,a houseplant leaf beside a sunny window,File:Листья на солнце.jpg,https://upload.wikimedia.org/wikipedia/commons/a/a3/%D0%9B%D0%B8%D1%81%D1%82%D1%8C%D1%8F_%D0%BD%D0%B0_%D1%81%D0%BE%D0%BB%D0%BD%D1%86%D0%B5.jpg?utm_source=commons.wikimedia.org&utm_campaign=imageinfo&utm_content=original,158858832,c5536de86ea4b81bf582fd463ad6549ac81fa72b,4650,3080,1280,848,cf8291b1223da28b09e885dc10c41ea648b8d6d5a999ae217ea0ad3a866e1850,2026-10-02,EXIF orientation applied; converted to RGB JPEG; long edge capped at 1280px; quality 88.,true,Creative Commons Attribution-Share Alike 4.0,
0363.jpg,Wikimedia Commons,https://commons.wikimedia.org/wiki/File:Mammillaria_grahamii_-_Arizona_Desert_Cactus_Flower_(209349135).jpg,CC BY 2.0,https://creativecommons.org/licenses/by/2.0,Steve Evans from Citizen of the World,Arizona Desert Cactus Flower,"plants flowers gardens, cactus, desert, flowers, outdoors, nature, landscape, dry, plant, colorful, man",plants flowers gardens,cactus desert flowers,File:Mammillaria grahamii - Arizona Desert Cactus Flower (209349135).jpg,https://upload.wikimedia.org/wikipedia/commons/8/8d/Mammillaria_grahamii_-_Arizona_Desert_Cactus_Flower_%28209349135%29.jpg?utm_source=commons.wikimedia.org&utm_campaign=imageinfo&utm_content=original,25840347,48e3ee29a0676854f098829992a80e8684a9b763,720,1080,720,1080,a6519e8dd023919306fdf2adf5cb8e09b53fc84e61f8836d536f90264851e677,2026-10-02,EXIF orientation applied; converted to RGB JPEG; long edge capped at 1280px; quality 88.,true,Creative Commons Attribution 2.0,
0364.jpg,Wikimedia Commons,https://commons.wikimedia.org/wiki/File:Indoor_garden_featuring_a_variety_of_succulents_displayed_in_colorful_pots.jpg,CC BY 2.0,https://creativecommons.org/licenses/by/2.0,Shixart1985,"A diverse collection of succulents fills a bright indoor space. Various plants in colorful pots showcase unique shapes and textures, thriving under warm sunlight.","plants flowers gardens, succulents, colorful, pots, multicolored, bright, indoor",plants flowers gardens,succulents colorful pots,File:Indoor garden featuring a variety of succulents displayed in colorful pots.jpg,https://upload.wikimedia.org/wikipedia/commons/d/d6/Indoor_garden_featuring_a_variety_of_succulents_displayed_in_colorful_pots.jpg?utm_source=commons.wikimedia.org&utm_campaign=imageinfo&utm_content=original,195047526,3851c9c18b74d5820af110d2e1bfabb79dc36220,4016,6016,855,1280,cdabfe803f1b954c5cfae3eb988dbd46758aadfca73dce2e74948fd2f286b732,2026-10-02,EXIF orientation applied; converted to RGB JPEG; long edge capped at 1280px; quality 88.,true,Creative Commons Attribution 2.0,
0365.jpg,Wikimedia Commons,https://commons.wikimedia.org/wiki/File:Banana_and_Taro_Plants_Thriving_in_the_Rain.jpg,CC BY-SA 4.0,https://creativecommons.org/licenses/by-sa/4.0,Abhishekraj96236,"In this image there a lush green garden during a rainfall, likely taken in a tropical or subtropical region. The main focus is on a healthy banana plant with broad, rain-drenched leaves. To the left, there are several large, heart-shaped leaves of a taro…","plants flowers gardens, tropical, leaves, rain, outdoors, wet, weather, green",plants flowers gardens,tropical leaves rain,File:Banana and Taro Plants Thriving in the Rain.jpg,https://upload.wikimedia.org/wikipedia/commons/8/88/Banana_and_Taro_Plants_Thriving_in_the_Rain.jpg?utm_source=commons.wikimedia.org&utm_campaign=imageinfo&utm_content=original,170806386,8bf9264be06542b0b841852c534d40e273ab7cc0,3060,4080,960,1280,f9df8072bc264057ff1939dc952e5e9b57eeb518f551fca3d52a5548c4c51745,2026-10-02,EXIF orientation applied; converted to RGB JPEG; long edge capped at 1280px; quality 88.,true,Creative Commons Attribution-Share Alike 4.0,
0366.jpg,Wikimedia Commons,https://commons.wikimedia.org/wiki/File:Tree_frog_Fern_Forest.jpg,CC BY-SA 3.0,http://creativecommons.org/licenses/by-sa/3.0/,Cary Bass,A green Cuban treefrog rests on a stem beside a pale pink flower.,"frog, flower, animal, green, pink, nature, closeup, outdoors",animals in context,a green frog beside a pink flower,File:Tree frog Fern Forest.jpg,https://upload.wikimedia.org/wikipedia/commons/1/1f/Tree_frog_Fern_Forest.jpg?utm_source=commons.wikimedia.org&utm_campaign=imageinfo&utm_content=original,1230085,b20e5de09ed195009d113c838f2362bb24624499,1394,1046,1280,960,35e3563a0c5f76becb37019d33f6a813fceae9660533854f3006ffe2056368b1,2026-10-02,EXIF orientation applied; converted to RGB JPEG; long edge capped at 1280px; quality 88.,true,Creative Commons Attribution-Share Alike 3.0,
0367.jpg,Wikimedia Commons,https://commons.wikimedia.org/wiki/File:Sacred_Lotus_in_a_Pond_2.jpg,CC BY-SA 4.0,https://creativecommons.org/licenses/by-sa/4.0,Daftation,"Sacred Lotus in a Pond in Shanghai, China","plants flowers gardens, lotus, pond, black",plants flowers gardens,lotus pond,File:Sacred Lotus in a Pond 2.jpg,https://upload.wikimedia.org/wikipedia/commons/8/87/Sacred_Lotus_in_a_Pond_2.jpg?utm_source=commons.wikimedia.org&utm_campaign=imageinfo&utm_content=original,147901763,a16fba60d7a1d798cbf4644376a21eb3e519601a,8256,5504,1280,853,bf4fb3bc5f04a980604a4fc3af14f3ec2f9f8cdee217c4b8f1852d9d48cede68,2026-10-02,EXIF orientation applied; converted to RGB JPEG; long edge capped at 1280px; quality 88.,true,Creative Commons Attribution-Share Alike 4.0,
0368.jpg,Wikimedia Commons,https://commons.wikimedia.org/wiki/File:Dusky_Moorhen_Water_Lilies.jpg,CC BY-SA 3.0,https://creativecommons.org/licenses/by-sa/3.0,Toby Hudson,A dusky moorhen swims among green water lilies in a pond.,"bird, water lilies, pond, swimming, animal, plant, green, outdoors",animals in context,a bird swimming among water lilies,File:Dusky Moorhen Water Lilies.jpg,https://upload.wikimedia.org/wikipedia/commons/4/40/Dusky_Moorhen_Water_Lilies.jpg?utm_source=commons.wikimedia.org&utm_campaign=imageinfo&utm_content=original,8666421,02732dfb409756dca32b68e03ef16f4cb9691dfb,3300,2475,1280,960,9057c6a3a960116caead6f5972c5db61059d2bedb0459c0996cfd43cbcc1fb55,2026-10-02,EXIF orientation applied; converted to RGB JPEG; long edge capped at 1280px; quality 88.,true,Creative Commons Attribution-Share Alike 3.0,
0369.jpg,Wikimedia Commons,https://commons.wikimedia.org/wiki/File:Chico_Wildflower_Century_(2025)-104A9764.jpg,CC BY-SA 4.0,https://creativecommons.org/licenses/by-sa/4.0,Frank Schulenburg,A cyclist rides uphill on a green rural road.,"cyclist, bicycle, sport, action, motion, road, outdoors, green",sports active recreation,a cyclist riding uphill outdoors,File:Chico Wildflower Century (2025)-104A9764.jpg,https://upload.wikimedia.org/wikipedia/commons/5/57/Chico_Wildflower_Century_%282025%29-104A9764.jpg?utm_source=commons.wikimedia.org&utm_campaign=imageinfo&utm_content=original,164566629,c03a8e8c4b36060478970ee0dd68f04f46d8db41,3322,4650,914,1280,d9a2fd8e03880caadb12982195e039624ffb5064905b24408164a54a2b3daf4d,2026-10-02,EXIF orientation applied; converted to RGB JPEG; long edge capped at 1280px; quality 88.,true,Creative Commons Attribution-Share Alike 4.0,personality
0370.jpg,Wikimedia Commons,"https://commons.wikimedia.org/wiki/File:Garden_path_and_flowers_in_Perth,_Western_Australia,_2026.jpg",CC BY 4.0,https://creativecommons.org/licenses/by/4.0,Perth Landscape Guys,"A landscaped garden in Perth, Western Australia, featuring a paved pathway surrounded by blooming flowers and ornamental greenery, creating a peaceful and scenic outdoor setting.","plants flowers gardens, garden, path, flowers, plants, outdoors, nature, peaceful, plant, colorful, green, outdoor",plants flowers gardens,garden path flowers,"File:Garden path and flowers in Perth, Western Australia, 2026.jpg",https://upload.wikimedia.org/wikipedia/commons/b/b4/Garden_path_and_flowers_in_Perth%2C_Western_Australia%2C_2026.jpg?utm_source=commons.wikimedia.org&utm_campaign=imageinfo&utm_content=original,189912953,961ecdac63e88e2291a9d8819fec4fffb60da14c,1000,1000,1000,1000,74bf761aa7f9fae3a2c033aa96b372299bde2c8fbd300c24288258d962c7eefa,2026-10-02,EXIF orientation applied; converted to RGB JPEG; long edge capped at 1280px; quality 88.,true,Creative Commons Attribution 4.0,
0371.jpg,Wikimedia Commons,https://commons.wikimedia.org/wiki/File:Traditional_floating_vegetable_garden_34.jpg,CC BY-SA 4.0,https://creativecommons.org/licenses/by-sa/4.0,Azimronnie,"Traditional floating vegetable garden, Kolardoania Union, Barisal, Bangladesh. Farmers grow their crops on long, thin vegetable gardens which float on a river. Each strip of land is between 200ft and 300ft long, and farmers cultivate up to 300 types of…","plants flowers gardens, vegetable, garden, plants, outdoors, nature, peaceful",plants flowers gardens,vegetable garden,File:Traditional floating vegetable garden 34.jpg,https://upload.wikimedia.org/wikipedia/commons/3/37/Traditional_floating_vegetable_garden_34.jpg?utm_source=commons.wikimedia.org&utm_campaign=imageinfo&utm_content=original,162806116,69976f1bd15d806a7f0473c2edff54b6d6fdc90e,4366,2909,1280,853,8ababfb403babd5fee967d5df20e801967d4c497f0b5d07c5f2309c166d834c2,2026-10-02,EXIF orientation applied; converted to RGB JPEG; long edge capped at 1280px; quality 88.,true,Creative Commons Attribution-Share Alike 4.0,
0372.jpg,Wikimedia Commons,https://commons.wikimedia.org/wiki/File:Apple_harvest_boxes_of_apple_orchard_on_%C3%8Ele_d%E2%80%99Orl%C3%A9ans_in_Canada.jpg,CC BY-SA 4.0,https://creativecommons.org/licenses/by-sa/4.0,Marc-Lautenbacher,"Wooden harvest boxes on an apple orchard for making ciders and sparkling ciders in Ile-d'Orléans in Québec, Canada","plants flowers gardens, orchard, harvest",plants flowers gardens,orchard harvest,File:Apple harvest boxes of apple orchard on Île d’Orléans in Canada.jpg,https://upload.wikimedia.org/wikipedia/commons/c/cf/Apple_harvest_boxes_of_apple_orchard_on_%C3%8Ele_d%E2%80%99Orl%C3%A9ans_in_Canada.jpg?utm_source=commons.wikimedia.org&utm_campaign=imageinfo&utm_content=original,143178761,14801815eb221c551ca4f9664641295dc3734da1,3504,2336,1280,853,df69d3d710300671f93d2c04456ac721cb4f5dd15682bc180e30d65440d6f433,2026-10-02,EXIF orientation applied; converted to RGB JPEG; long edge capped at 1280px; quality 88.,true,Creative Commons Attribution-Share Alike 4.0,
0373.jpg,Wikimedia Commons,https://commons.wikimedia.org/wiki/File:Autumn_vineyard_in_Napa_Valley_2.jpg,CC BY-SA 3.0,https://creativecommons.org/licenses/by-sa/3.0,Brocken Inaglory,Napa valley vineyard,"plants flowers gardens, vineyard, autumn, red",plants flowers gardens,vineyard autumn,File:Autumn vineyard in Napa Valley 2.jpg,https://upload.wikimedia.org/wikipedia/commons/0/00/Autumn_vineyard_in_Napa_Valley_2.jpg?utm_source=commons.wikimedia.org&utm_campaign=imageinfo&utm_content=original,8677995,66d6aef688cca504151c8bd59d0a822e7f5fccea,3096,3458,1146,1280,4fc2bac215e30860bee54fd80deee9f7b6ae3f3cd74682ab1f82ee796318a135,2026-10-02,EXIF orientation applied; converted to RGB JPEG; long edge capped at 1280px; quality 88.,true,Creative Commons Attribution-Share Alike 3.0,
0374.jpg,Wikimedia Commons,https://commons.wikimedia.org/wiki/File:Sunset-over-the-wheat-field-featured.jpg,CC BY 4.0,https://creativecommons.org/licenses/by/4.0,Dreamy Pixel,Sunset over the wheat field featured.,"plants flowers gardens, wheat, field, sunset, outdoors, evening, sky, warm, dramatic, orange",plants flowers gardens,wheat field sunset,File:Sunset-over-the-wheat-field-featured.jpg,https://upload.wikimedia.org/wikipedia/commons/0/04/Sunset-over-the-wheat-field-featured.jpg?utm_source=commons.wikimedia.org&utm_campaign=imageinfo&utm_content=original,41546941,94a3c2904861b4c771e7260c3e3006ff5320bde3,6000,4912,1280,1048,aff9b20332702c60d2a18b218642dccd68fcb87d2e79f81f56ecc44a4262f024,2026-10-02,EXIF orientation applied; converted to RGB JPEG; long edge capped at 1280px; quality 88.,true,Creative Commons Attribution 4.0,
0375.jpg,Wikimedia Commons,"https://commons.wikimedia.org/wiki/File:Semmelkn%C3%B6del_and_forest_mushrooms,_Oestrich.jpg",CC0,http://creativecommons.org/publicdomain/zero/1.0/deed.en,Gerda Arendt,A plated dumpling meal served with forest mushrooms.,"food, dumpling, mushrooms, plate, restaurant, indoor, meal, savory",food drink cooking,a dumpling meal with mushrooms,"File:Semmelknödel and forest mushrooms, Oestrich.jpg",https://upload.wikimedia.org/wikipedia/commons/a/a5/Semmelkn%C3%B6del_and_forest_mushrooms%2C_Oestrich.jpg?utm_source=commons.wikimedia.org&utm_campaign=imageinfo&utm_content=original,142509798,8e617b2a7c81cf19aae5f54cc72cedd7953f64c0,3158,2369,1280,960,723056e077462bea6f50da13f65424a1ef9cfa12161362d25b94a3884861ff0c,2026-10-02,EXIF orientation applied; converted to RGB JPEG; long edge capped at 1280px; quality 88.,false,"Creative Commons Zero, Public Domain Dedication",
0376.jpg,Wikimedia Commons,https://commons.wikimedia.org/wiki/File:Moss_forest_Mt_Tapulao.jpg,CC BY-SA 4.0,https://creativecommons.org/licenses/by-sa/4.0,Firth m,"A narrow path winds through dense, mossy mountain forest in dappled sunlight.","moss forest, trees, path, green, dense, sunlight, outdoors, nature",plants flowers gardens,a path through a dense mossy forest,File:Moss forest Mt Tapulao.jpg,https://upload.wikimedia.org/wikipedia/commons/9/9c/Moss_forest_Mt_Tapulao.jpg?utm_source=commons.wikimedia.org&utm_campaign=imageinfo&utm_content=original,136711014,0ff8031e809fe62b1997735a99d0c27e9c49fd6c,1280,960,1280,960,8709a5a33b8fdcf35db9465b6e0e81651d8099fb294ee1203cb7a8dbc3296e58,2026-10-02,EXIF orientation applied; converted to RGB JPEG; long edge capped at 1280px; quality 88.,true,Creative Commons Attribution-Share Alike 4.0,
0377.jpg,Wikimedia Commons,https://commons.wikimedia.org/wiki/File:Red_aspen_leaves_by_Myrstigen_1.jpg,CC BY-SA 4.0,https://creativecommons.org/licenses/by-sa/4.0,W.carter,"Autumn-red aspen leaves ( Populus tremula ) on a branch in contre-jour by Myrstigen track, Brastad, Lysekil Municipality, Sweden.","plants flowers gardens, autumn, leaves, red",plants flowers gardens,autumn leaves,File:Red aspen leaves by Myrstigen 1.jpg,https://upload.wikimedia.org/wikipedia/commons/a/a1/Red_aspen_leaves_by_Myrstigen_1.jpg?utm_source=commons.wikimedia.org&utm_campaign=imageinfo&utm_content=original,123203128,bfa91544cf70987aea5c234e938ad50e0b2578cd,4587,3058,1280,853,0ffe5c5b75d2734eb128d5a08af61017074bbaaa9359de520e91884863c34359,2026-10-02,EXIF orientation applied; converted to RGB JPEG; long edge capped at 1280px; quality 88.,true,Creative Commons Attribution-Share Alike 4.0,
0378.jpg,Wikimedia Commons,https://commons.wikimedia.org/wiki/File:Red_maple_tree_starting_to_bud_2026-04-14.jpg,CC BY 4.0,https://creativecommons.org/licenses/by/4.0,Peter Cooper Jr.,Bare budding tree branches form a minimal pattern against blue sky.,"tree branches, buds, blue sky, minimal, plant, outdoors, pattern, spring",plants flowers gardens,bare tree branches against blue sky,File:Red maple tree starting to bud 2026-04-14.jpg,https://upload.wikimedia.org/wikipedia/commons/d/d5/Red_maple_tree_starting_to_bud_2026-04-14.jpg?utm_source=commons.wikimedia.org&utm_campaign=imageinfo&utm_content=original,189900415,acda79116d1b0836880d1318f7f5b1a4979f13dd,6000,4000,1280,853,a3b1ce560f044add30c8ef5ac0ce662f4548088e7e3450d11b1ed0b4c2c2b378,2026-10-02,EXIF orientation applied; converted to RGB JPEG; long edge capped at 1280px; quality 88.,true,Creative Commons Attribution 4.0,
0379.jpg,Wikimedia Commons,https://commons.wikimedia.org/wiki/File:Pekka_Halonen_-_Snow-Covered_Pine_Saplings_-_Google_Art_Project.jpg,Public domain,,Pekka Halonen,Pekka Halonen - Snow-Covered Pine Saplings - Google Art Project,"plants flowers gardens, snow, covered, pine, outdoors, cold, winter, weather",plants flowers gardens,snow covered pine,File:Pekka Halonen - Snow-Covered Pine Saplings - Google Art Project.jpg,https://upload.wikimedia.org/wikipedia/commons/b/bd/Pekka_Halonen_-_Snow-Covered_Pine_Saplings_-_Google_Art_Project.jpg?utm_source=commons.wikimedia.org&utm_campaign=imageinfo&utm_content=original,29191476,3c3f4266da2da6995235f04e568e5aa2560a52de,2648,4001,847,1280,9075d1095c5e9a69de1d8d10ae6a37c83760d79bdca731fc1f8441cd722f6ad4,2026-10-02,EXIF orientation applied; converted to RGB JPEG; long edge capped at 1280px; quality 88.,false,Public domain,
0380.jpg,Wikimedia Commons,https://commons.wikimedia.org/wiki/File:Bonsai_on_window.jpg,Public domain,,Tangopaso,"Bonsai on a window, 66 Bd d'Ornano : Paris 18th arr.","plants flowers gardens, bonsai, window, indoor, light",plants flowers gardens,bonsai window,File:Bonsai on window.jpg,https://upload.wikimedia.org/wikipedia/commons/a/aa/Bonsai_on_window.jpg?utm_source=commons.wikimedia.org&utm_campaign=imageinfo&utm_content=original,7888906,71e04553517413f9fb69a13496dd01d773a2adf1,3312,4416,960,1280,9776eb663da597ab315b04fe1442e750295e9f887db6f95d91f3547afceee924,2026-10-02,EXIF orientation applied; converted to RGB JPEG; long edge capped at 1280px; quality 88.,false,Public domain,
0381.jpg,Wikimedia Commons,https://commons.wikimedia.org/wiki/File:Colorful_Umbrellas.jpg,CC BY-SA 4.0,https://creativecommons.org/licenses/by-sa/4.0,Ladhra,colourful umbrellas at the street hanging above,"visual mood wildcards, colorful, umbrellas, street, multicolored, bright, urban, outdoors",visual mood wildcards,colorful umbrellas street,File:Colorful Umbrellas.jpg,https://upload.wikimedia.org/wikipedia/commons/8/8e/Colorful_Umbrellas.jpg?utm_source=commons.wikimedia.org&utm_campaign=imageinfo&utm_content=original,87557961,b5cec746bc42e9c90e4262e495d6c733a74f3a63,6240,4160,1280,853,58aa5e6e2ec41ad19f97e019f8a5debafda3a3e14c06773cbe3425f5ce31c1c5,2026-10-02,EXIF orientation applied; converted to RGB JPEG; long edge capped at 1280px; quality 88.,true,Creative Commons Attribution-Share Alike 4.0,
0382.jpg,Wikimedia Commons,https://commons.wikimedia.org/wiki/File:City_streets;_Reflections_on_the_street_surface_after_rain.jpg,CC BY-SA 4.0,https://creativecommons.org/licenses/by-sa/4.0,Tarasna0922,City streets; Reflections on the street surface after rain; Poland,"visual mood wildcards, reflections, puddle, city, water, symmetry, urban, outdoors, architecture, rain, wet, weather, night, dark, evening",visual mood wildcards,reflections puddle city,File:City streets; Reflections on the street surface after rain.jpg,https://upload.wikimedia.org/wikipedia/commons/c/c0/City_streets%3B_Reflections_on_the_street_surface_after_rain.jpg?utm_source=commons.wikimedia.org&utm_campaign=imageinfo&utm_content=original,196568889,1fd93f812c45a77cd5d8db29ed749c6be83cf07f,3651,2550,1280,894,678fc347382fe7f8e0bfc41b2055791c7dd5830a04fc7791ced89e95f247bf43,2026-10-02,EXIF orientation applied; converted to RGB JPEG; long edge capped at 1280px; quality 88.,true,Creative Commons Attribution-Share Alike 4.0,
0383.jpg,Wikimedia Commons,https://commons.wikimedia.org/wiki/File:Silhouette_of_a_fisherman_standing_on_his_pirogue_at_sunset_with_orange_clouds_in_Don_Det_Si_Phan_Don_Laos.jpg,CC BY-SA 4.0,https://creativecommons.org/licenses/by-sa/4.0,Basile Morin,"Silhouette of a fisherman standing on his pirogue at sunset with orange clouds in Don Det , Si Phan Don , Laos .","visual mood wildcards, silhouette, sunset, people, outdoors, evening, sky, warm, dramatic, person, group, orange, water",visual mood wildcards,silhouette sunset people,File:Silhouette of a fisherman standing on his pirogue at sunset with orange clouds in Don Det Si Phan Don Laos.jpg,https://upload.wikimedia.org/wikipedia/commons/0/08/Silhouette_of_a_fisherman_standing_on_his_pirogue_at_sunset_with_orange_clouds_in_Don_Det_Si_Phan_Don_Laos.jpg?utm_source=commons.wikimedia.org&utm_campaign=imageinfo&utm_content=original,99933003,e72a3288e7c4826127b3a7545e5f9633b86cd240,6294,3934,1280,800,de1fddffb97b327531f83cd16d72959efc6505dc2ff56b6da1c4f3efc246dfdf,2026-10-02,EXIF orientation applied; converted to RGB JPEG; long edge capped at 1280px; quality 88.,true,Creative Commons Attribution-Share Alike 4.0,
0384.jpg,Wikimedia Commons,https://commons.wikimedia.org/wiki/File:Long_shadows_in_Court_Street_-_geograph.org.uk_-_3946031.jpg,CC BY-SA 2.0,https://creativecommons.org/licenses/by-sa/2.0,Fernweh,Long shadows in Court Street,"visual mood wildcards, long, shadows, street, urban, outdoors",visual mood wildcards,long shadows street,File:Long shadows in Court Street - geograph.org.uk - 3946031.jpg,https://upload.wikimedia.org/wikipedia/commons/2/20/Long_shadows_in_Court_Street_-_geograph.org.uk_-_3946031.jpg?utm_source=commons.wikimedia.org&utm_campaign=imageinfo&utm_content=original,124831384,2ce6b6864d0c8b7a8815c976ed7aef9f8df38898,4537,3221,1280,909,10b6b7923db58ed232be150c05ea6707576d1570e06f6b2c562967c0e2d1f313,2026-10-02,EXIF orientation applied; converted to RGB JPEG; long edge capped at 1280px; quality 88.,true,Creative Commons Attribution-Share Alike 2.0,
0385.jpg,Wikimedia Commons,https://commons.wikimedia.org/wiki/File:Lone_Tree_in_a_Foggy_Field_in_York_Township_Michigan.JPG,CC BY 3.0,https://creativecommons.org/licenses/by/3.0,Dwight Burdette,"Lone tree in a foggy field, Stoney Creek Road west of Platt Road, York Township, Michigan. Camera location 42° 07′ 13.59″ N, 83° 42′ 14.14″ W View this and other nearby images on: OpenStreetMap 42.120442; -83.703928","visual mood wildcards, foggy, lone, tree, outdoors, weather, atmospheric, fog",visual mood wildcards,foggy lone tree,File:Lone Tree in a Foggy Field in York Township Michigan.JPG,https://upload.wikimedia.org/wikipedia/commons/1/12/Lone_Tree_in_a_Foggy_Field_in_York_Township_Michigan.JPG?utm_source=commons.wikimedia.org&utm_campaign=imageinfo&utm_content=original,20830105,554ddcdc420dc16ed09bf3d2f8a48247f83692ee,4752,3168,1280,853,cbe5f426aa0d09a1ef89c8285091c501983608c0ac47ee6b0349f7abc31656fd,2026-10-02,EXIF orientation applied; converted to RGB JPEG; long edge capped at 1280px; quality 88.,true,Creative Commons Attribution 3.0,
0386.jpg,Wikimedia Commons,https://commons.wikimedia.org/wiki/File:Cappadocia_Balloon_Inflating_Wikimedia_Commons.JPG,CC BY-SA 3.0,https://creativecommons.org/licenses/by-sa/3.0,Benh LIEU SONG ( Flickr ),"A hot air balloon being inflated before air trip over Cappadocia, central Turkey, as seen from inside.","visual mood wildcards, hot, air, balloons, colorful, transportation, sky, multicolored, bright, red",visual mood wildcards,hot air balloons colorful,File:Cappadocia Balloon Inflating Wikimedia Commons.JPG,https://upload.wikimedia.org/wikipedia/commons/8/89/Cappadocia_Balloon_Inflating_Wikimedia_Commons.JPG?utm_source=commons.wikimedia.org&utm_campaign=imageinfo&utm_content=original,12696932,ec416fb0403060634170920b494374a6701af3e5,5184,3456,1280,853,fdc16f208930dad4540e8937cca247ec4f3a4e185f2870f017e4fa8c67434782,2026-10-02,EXIF orientation applied; converted to RGB JPEG; long edge capped at 1280px; quality 88.,true,Creative Commons Attribution-Share Alike 3.0,
0387.jpg,Wikimedia Commons,https://commons.wikimedia.org/wiki/File:Festival_del_Globo.JPG,Public domain,,CarlosArth,Vista desde las alaturas. Festival del Globo León Guanajuato,"visual mood wildcards, colorful, festival, crowd, multicolored, bright, people, group, crowded",visual mood wildcards,colorful festival crowd,File:Festival del Globo.JPG,https://upload.wikimedia.org/wikipedia/commons/9/92/Festival_del_Globo.JPG?utm_source=commons.wikimedia.org&utm_campaign=imageinfo&utm_content=original,11001557,b4ec3878b05c8af24778238f5b574825d4d8c9aa,2048,1536,1280,960,85e447c9e9a839f18cc8394e9d1d1d3994c1b8b2514da7ccf8318bf600b8d167,2026-10-02,EXIF orientation applied; converted to RGB JPEG; long edge capped at 1280px; quality 88.,false,Public domain,
0388.jpg,Wikimedia Commons,https://commons.wikimedia.org/wiki/File:20250820_%E5%A4%A7%E7%A8%BB%E5%9F%95%E5%A4%8F%E6%97%A5%E7%AF%80%E7%85%99%E7%81%AB%E7%A7%80.jpg,CC BY 4.0,https://creativecommons.org/licenses/by/4.0,Junyu-K,"A segment of the Dadaocheng Summer Festival fireworks show ""Golden City Water Ripples"", photographed from Sanchong Zhongxiao Wharf facing the Dadaocheng skyline, on August 20, 2025.","visual mood wildcards, fireworks, city, skyline, urban, outdoors, architecture, night, dark, evening, water, sky",visual mood wildcards,fireworks city skyline,File:20250820 大稻埕夏日節煙火秀.jpg,https://upload.wikimedia.org/wikipedia/commons/8/87/20250820_%E5%A4%A7%E7%A8%BB%E5%9F%95%E5%A4%8F%E6%97%A5%E7%AF%80%E7%85%99%E7%81%AB%E7%A7%80.jpg?utm_source=commons.wikimedia.org&utm_campaign=imageinfo&utm_content=original,174603238,84a403aceb9a7d0315841dd57cc29a42ced2654e,6192,3676,1280,760,92f871a75d9d8ab94214da5a4b2db3be95c0201733cf5c8c7822992c980c639e,2026-10-02,EXIF orientation applied; converted to RGB JPEG; long edge capped at 1280px; quality 88.,true,Creative Commons Attribution 4.0,
0389.jpg,Wikimedia Commons,https://commons.wikimedia.org/wiki/File:Double_rainbow_in_Quebec_City.jpg,CC0,http://creativecommons.org/publicdomain/zero/1.0/deed.en,MallardTV,a double rainbow in Quebec City,"visual mood wildcards, rainbow, city, urban, outdoors, architecture, rain, wet, weather",visual mood wildcards,rainbow city,File:Double rainbow in Quebec City.jpg,https://upload.wikimedia.org/wikipedia/commons/8/8c/Double_rainbow_in_Quebec_City.jpg?utm_source=commons.wikimedia.org&utm_campaign=imageinfo&utm_content=original,162891105,64a5c91273efea096c966a47e4ab8ee39e89ac85,5712,4284,1280,960,dea221c18d4d910cbd49f2e8e1154db537e4c0fdb2acdedb7d843c97da56a19b,2026-10-02,EXIF orientation applied; converted to RGB JPEG; long edge capped at 1280px; quality 88.,false,"Creative Commons Zero, Public Domain Dedication",
0390.jpg,Wikimedia Commons,"https://commons.wikimedia.org/wiki/File:Ukraine,_Zaporizka,_Kyrylivka_-_%D0%9F%D0%BB%D1%8F%D0%B6_WMID2330840.jpg",CC BY-SA 3.0,https://creativecommons.org/licenses/by-sa/3.0,topchik,Colorful umbrellas dot a wide gray beach beneath an overcast sky.,"beach, umbrellas, colorful, gray, overcast, people, coast, vacation",visual mood wildcards,colorful umbrellas on a gray beach,"File:Ukraine, Zaporizka, Kyrylivka - Пляж WMID2330840.jpg",https://upload.wikimedia.org/wikipedia/commons/d/d3/Ukraine%2C_Zaporizka%2C_Kyrylivka_-_%D0%9F%D0%BB%D1%8F%D0%B6_WMID2330840.jpg?utm_source=commons.wikimedia.org&utm_campaign=imageinfo&utm_content=original,190060954,bd9c0317a80ec3f9a5e07817a1fc5cedefef8272,1440,1080,1280,960,abc85032c763b35487c706cfccc616c60f759bd3869cbdea20b2ce67bbe77651,2026-10-02,EXIF orientation applied; converted to RGB JPEG; long edge capped at 1280px; quality 88.,true,Creative Commons Attribution-Share Alike 3.0,
0391.jpg,Wikimedia Commons,"https://commons.wikimedia.org/wiki/File:Mount_Hood_reflected_in_Mirror_Lake,_Oregon.jpg",Public domain,,Oregon's Mt. Hood Territory.,"Mount Hood reflected in Mirror Lake , Oregon , USA.","visual mood wildcards, mirror, lake, reflection, outdoors, water, peaceful, symmetry",visual mood wildcards,mirror lake reflection,"File:Mount Hood reflected in Mirror Lake, Oregon.jpg",https://upload.wikimedia.org/wikipedia/commons/e/ef/Mount_Hood_reflected_in_Mirror_Lake%2C_Oregon.jpg?utm_source=commons.wikimedia.org&utm_campaign=imageinfo&utm_content=original,715348,b6b661cb40fc5e20abe3c4ec6f52359ef4c3508f,2048,1626,1280,1016,e369bda45809459ae91730bd20928170e6dcbd315ff6113dbc840216bb4cc89b,2026-10-02,EXIF orientation applied; converted to RGB JPEG; long edge capped at 1280px; quality 88.,false,Public domain,
0392.jpg,Wikimedia Commons,https://commons.wikimedia.org/wiki/File:Basilica_Sancti_Petri_blue_hour.jpg,CC0,http://creativecommons.org/publicdomain/zero/1.0/deed.en,Jebulon,"Facade of Saint Peter's Basilica in Rome (Italy), beginning of the evening. Vatican City.","visual mood wildcards, blue, hour, city, urban, outdoors, architecture, night, dark, evening, sky",visual mood wildcards,blue hour city,File:Basilica Sancti Petri blue hour.jpg,https://upload.wikimedia.org/wikipedia/commons/9/92/Basilica_Sancti_Petri_blue_hour.jpg?utm_source=commons.wikimedia.org&utm_campaign=imageinfo&utm_content=original,29562993,8ed1428477200504b38c658bf5bab629bcb8c8c2,3530,2514,1280,912,2dbcce6ecaf5515a6b28de0c3b4407eacc333b13aed8d04b2c0d2d2ce8b7f4ff,2026-10-02,EXIF orientation applied; converted to RGB JPEG; long edge capped at 1280px; quality 88.,false,"Creative Commons Zero, Public Domain Dedication",
0393.jpg,Wikimedia Commons,https://commons.wikimedia.org/wiki/File:Lighthouse_DGJ_4300_-_Cape_d%E2%80%99Or_Lighthouse_(6211299366).jpg,CC BY-SA 2.0,https://creativecommons.org/licenses/by-sa/2.0,Dennis G. Jarvis,A rescue helicopter passes a small coastal lighthouse above the sea.,"helicopter, lighthouse, coast, ocean, sky, transportation, dramatic, outdoors",visual mood wildcards,a helicopter near a coastal lighthouse,File:Lighthouse DGJ 4300 - Cape d’Or Lighthouse (6211299366).jpg,https://upload.wikimedia.org/wikipedia/commons/2/2c/Lighthouse_DGJ_4300_-_Cape_d%E2%80%99Or_Lighthouse_%286211299366%29.jpg?utm_source=commons.wikimedia.org&utm_campaign=imageinfo&utm_content=original,66917232,2b1e294ec3b96f54c196f0e38b5790af96cec6b1,4288,2848,1280,850,03eb943f4377b418faf5b8b63606393ad1d11f5bce6f7ecd0f1308ee63738b38,2026-10-02,EXIF orientation applied; converted to RGB JPEG; long edge capped at 1280px; quality 88.,true,Creative Commons Attribution-Share Alike 2.0,
0394.jpg,Wikimedia Commons,https://commons.wikimedia.org/wiki/File:Bench_by_Sunset_Bay_(8478508118).jpg,CC BY 2.0,https://creativecommons.org/licenses/by/2.0,"Sheila Sund from Salem, United States",The peaceful way to appreciate Sunset Bay,"visual mood wildcards, peaceful, empty, bench, sunset, outdoors, evening, sky, warm, dramatic, outdoor",visual mood wildcards,peaceful empty bench,File:Bench by Sunset Bay (8478508118).jpg,https://upload.wikimedia.org/wikipedia/commons/f/f8/Bench_by_Sunset_Bay_%288478508118%29.jpg?utm_source=commons.wikimedia.org&utm_campaign=imageinfo&utm_content=original,74563131,8d22a81db9f27b1e0f8cdd8f3645629382efd25f,3017,2172,1280,921,784b9aa81f6470e9d30481a746db3dfefd66e39898867ef8aed4ca37f6fc1038,2026-10-02,EXIF orientation applied; converted to RGB JPEG; long edge capped at 1280px; quality 88.,true,Creative Commons Attribution 2.0,
0395.jpg,Wikimedia Commons,"https://commons.wikimedia.org/wiki/File:Abandoned_military_building_in_Fort_de_la_Chartreuse,_Liege,_Belgium_(DSCF3475).jpg",CC BY 4.0,https://creativecommons.org/licenses/by/4.0,Trougnouf,"Abandoned military building in Fort de la Chartreuse, Liege, Belgium (DSCF3475)","visual mood wildcards, abandoned, building, plants",visual mood wildcards,abandoned building plants,"File:Abandoned military building in Fort de la Chartreuse, Liege, Belgium (DSCF3475).jpg",https://upload.wikimedia.org/wikipedia/commons/0/01/Abandoned_military_building_in_Fort_de_la_Chartreuse%2C_Liege%2C_Belgium_%28DSCF3475%29.jpg?utm_source=commons.wikimedia.org&utm_campaign=imageinfo&utm_content=original,66315083,61a40bdaaa7715ed6078406a5030cf8dfdde2589,4581,3213,1280,898,db6300ee03478ae8c8cca657fd50818b820b237c8cc94538bb83d024f98222ef,2026-10-02,EXIF orientation applied; converted to RGB JPEG; long edge capped at 1280px; quality 88.,true,Creative Commons Attribution 4.0,
0396.jpg,Wikimedia Commons,https://commons.wikimedia.org/wiki/File:Modern_Geometric_Architectural_Facade.jpg,CC BY-SA 4.0,https://creativecommons.org/licenses/by-sa/4.0,PAULIX04,"This exterior view showcases a modern building featuring a striking, geometric facade composed of angular, faceted panels in shades of light blue and green. The sharp, multifaceted design creates a dramatic play of light and shadow across the structure's…","visual mood wildcards, geometric, architecture, shadows, blue, green",visual mood wildcards,geometric architecture shadows,File:Modern Geometric Architectural Facade.jpg,https://upload.wikimedia.org/wikipedia/commons/0/05/Modern_Geometric_Architectural_Facade.jpg?utm_source=commons.wikimedia.org&utm_campaign=imageinfo&utm_content=original,199176426,7b15180a3e0f3631694767d88617ecf2b7fdd2a8,2048,1153,1280,721,9a339a1154129902d0afa7a21be2f69c1293fc36fc402fa2b554dd815c71c474,2026-10-02,EXIF orientation applied; converted to RGB JPEG; long edge capped at 1280px; quality 88.,true,Creative Commons Attribution-Share Alike 4.0,
0397.jpg,Wikimedia Commons,https://commons.wikimedia.org/wiki/File:Juvenile_Kaloula_in_a_drop_of_water_on_a_Sacred_lotus_leaf.jpg,CC BY-SA 4.0,https://creativecommons.org/licenses/by-sa/4.0,Basile Morin,A tiny frog sits inside a large drop of water on a lotus leaf.,"frog, water drop, lotus leaf, animal, plant, macro, green, playful",visual mood wildcards,a tiny frog inside a drop of water,File:Juvenile Kaloula in a drop of water on a Sacred lotus leaf.jpg,https://upload.wikimedia.org/wikipedia/commons/1/1b/Juvenile_Kaloula_in_a_drop_of_water_on_a_Sacred_lotus_leaf.jpg?utm_source=commons.wikimedia.org&utm_campaign=imageinfo&utm_content=original,107412420,3daba19fb5bac07a3db1ffc47b6f26bbd53e9ccf,3853,2569,1280,853,85f978b357dc5d344e84959285214d086a4516075c654b69fefa644f259aad1c,2026-10-02,EXIF orientation applied; converted to RGB JPEG; long edge capped at 1280px; quality 88.,true,Creative Commons Attribution-Share Alike 4.0,
0398.jpg,Wikimedia Commons,https://commons.wikimedia.org/wiki/File:Leucojum_vernum_4_RF.jpg,CC BY 4.0,https://creativecommons.org/licenses/by/4.0,Robert Flogaus-Faust,A white spring snowflake flower with yellow-tipped petals hangs against a dark green background.,"spring snowflake flower, white, yellow, green, spring, plant, closeup, nature",plants flowers gardens,a white spring snowflake flower close up,File:Leucojum vernum 4 RF.jpg,https://upload.wikimedia.org/wikipedia/commons/1/17/Leucojum_vernum_4_RF.jpg?utm_source=commons.wikimedia.org&utm_campaign=imageinfo&utm_content=original,121417036,cd316d5b37afcc0c54a5e77acae6de1a8815f31e,2796,2352,1280,1077,c6e36b03e52b581adb6b0cde381e4b1e3eb3d20b79cdfd57eca5153ff555b2c4,2026-10-02,EXIF orientation applied; converted to RGB JPEG; long edge capped at 1280px; quality 88.,true,Creative Commons Attribution 4.0,
